graph_image,graph_complexity,question_complexity,visualisation_type,update_questions,answer,question_id,trials.thisRepN,trials.thisTrialN,trials.thisN,trials.thisIndex,thisRow.t,notes,start.started,text_6.started,key_start_experiment_2.started,start.stopped,key_start_experiment_2.keys,key_start_experiment_2.rt,key_start_experiment_2.duration,instructions.started,text_2.started,legend_instructions.started,instructions.stopped,show_cross.started,txt_show_cross.started,show_cross.stopped,trial.started,image.started,keypress.started,trial.stopped,keypress.keys,keypress.rt,keypress.duration,break_2.started,text_4.started,text_5.started,break_2.stopped,long_break.started,long_break.stopped,text_countdown.started,end.started,text.started,end.stopped,participant,session,date,expName,psychopyVersion,frameRate,expStart,Unnamed: 51,source_file,graph_nodes,question_level,adaptation,semi_subtype,keypress_norm,responded_in_time,rt_observed,rt,folder_name,rt_imputed,answer_norm,has_answer_key,is_correct,extremes_only_analysis,analysis_note,text_4.stopped,text_5.stopped,txt_show_cross.stopped,Unnamed: 54,text_2.stopped,legend_instructions.stopped,Unnamed: 53,Unnamed: 52,Unnamed: 56
samples/6 node/6_nodes_S00023/no_caption/non_adapted.png,6.0,2.0,non_adapted,Count the number of MALWARE nodes with high connection counts (node size 7-10),,Count the number of MALWARE nodes with high connection counts (node size 7-10),0.0,0.0,0.0,6.0,61.09961889999977,,,,,,,,,61.04160700000648,61.09961889999977,61.09961889999977,76.0274866999971,76.02752479999617,76.04685710000922,77.03056850000576,77.03064680000534,77.12231720000273,77.12231720000273,95.02648280000722,0.0,86.43679300000076,0.088610000006156,95.03604400000768,95.0601769000059,95.0601769000059,99.03122200000507,99.03124860000388,99.03131320000102,,,,,sphynx_12,1,2026-07-03_16h16.14.521,Practice Trials - SYMBIOTIK graphs_2023,2024.1.0,,2026-07-03 16h16.24.829624 +0200,,sphynx_12_Practice Trials - SYMBIOTIK graphs_2023_2026-07-03_16h16.14.521.csv,6,2,non_adapted,,0,True,9.314475799998036,9.314475799998036,Anastasia,False,0,True,True,False,all adaptation levels,,,,,,,,,
samples/12 node/12_nodes_S00018/no_caption/non_adapted.png,12.0,2.0,non_adapted,Count the number of nodes with TLP:RED connected to at least 1 node with high connection count (node size 7-10).,3.0,Count the number of nodes with TLP:RED connected to at least 1 node with high connection count (node size 7-10).,0.0,1.0,1.0,29.0,99.0651829999988,,,,,,,,,99.03188890000456,99.0651829999988,99.0651829999988,114.04234660000655,114.042371500007,114.05861059999734,115.04281340001036,115.04289620000054,115.132978499998,115.132978499998,133.04119810000702,,,,133.04598439999972,133.06098639999982,133.06098639999982,137.04440130000876,137.04442940000445,137.04447320000327,,,,,sphynx_12,1,2026-07-03_16h16.14.521,Practice Trials - SYMBIOTIK graphs_2023,2024.1.0,,2026-07-03 16h16.24.829624 +0200,,sphynx_12_Practice Trials - SYMBIOTIK graphs_2023_2026-07-03_16h16.14.521.csv,12,2,non_adapted,,,False,,,Anastasia,False,3,True,False,False,all adaptation levels,,,,,,,,,
samples/12 node/12_nodes_S00147/no_caption/nodes_shape_tlp.png,12.0,2.0,shape_nodes,Count the number of MALWARE nodes connected with at least 1 high confidence edge ( confidence 7-10).,2.0,Count the number of MALWARE nodes connected with at least 1 high confidence edge ( confidence 7-10).,0.0,2.0,2.0,44.0,137.0632709000056,,,,,,,,,137.0450930000079,137.0632709000056,137.0632709000056,152.05634029999783,152.0563642000052,152.07546230001026,153.05922830000054,153.05931430000055,153.1499346000055,153.1499346000055,171.05575270000554,1.0,170.82274750000215,0.1185815000062575,171.0596838000056,171.07288859999971,171.07288859999971,175.05888949999644,175.05890630000795,175.05892999999924,,,,,sphynx_12,1,2026-07-03_16h16.14.521,Practice Trials - SYMBIOTIK graphs_2023,2024.1.0,,2026-07-03 16h16.24.829624 +0200,,sphynx_12_Practice Trials - SYMBIOTIK graphs_2023_2026-07-03_16h16.14.521.csv,12,2,semi_adapted,shape_nodes,1,True,17.672812899996643,17.672812899996643,Anastasia,False,2,True,False,False,all adaptation levels,,,,,,,,,
samples/6 node/6_nodes_S00068/no_caption/fully_adapted.png,6.0,1.0,fully_adapted,How many nodes have TLP:GREEN?,5.0,How many nodes have TLP:GREEN?,0.0,3.0,3.0,9.0,175.08191150000494,,,,,,,,,175.05926730000647,175.08191150000494,175.08191150000494,190.07093539999917,190.0709487999993,190.08820610000112,191.07242170000973,191.0724637000094,191.16186220000964,191.16186220000964,209.07311830000253,5.0,197.1728104000067,0.0966495000029681,209.07959980001036,209.09430150000844,209.09430150000844,213.0732879999996,213.07331059999703,213.07336150000629,,,,,sphynx_12,1,2026-07-03_16h16.14.521,Practice Trials - SYMBIOTIK graphs_2023,2024.1.0,,2026-07-03 16h16.24.829624 +0200,,sphynx_12_Practice Trials - SYMBIOTIK graphs_2023_2026-07-03_16h16.14.521.csv,6,1,fully_adapted,,5,True,6.010948199997074,6.010948199997074,Anastasia,False,5,True,True,False,all adaptation levels,,,,,,,,,
samples/6 node/6_nodes_S00143/no_caption/nodes_size_value.png,6.0,2.0,size_nodes,Count the number of MALWARE nodes with high connection counts (node size 7-10),,Count the number of MALWARE nodes with high connection counts (node size 7-10),0.0,4.0,4.0,22.0,213.09031710001,,,,,,,,,213.07378370000515,213.09031710001,213.09031710001,228.086358200002,228.086389300006,228.1026093999972,229.086520900004,229.08656090000292,229.18136290000984,229.18136290000984,247.0855031000101,2.0,239.3492927000043,0.1436691999988397,247.09055740000625,247.1033303000004,247.1033303000004,251.0890171000065,251.08904020000773,251.08907149999868,,,,,sphynx_12,1,2026-07-03_16h16.14.521,Practice Trials - SYMBIOTIK graphs_2023,2024.1.0,,2026-07-03 16h16.24.829624 +0200,,sphynx_12_Practice Trials - SYMBIOTIK graphs_2023_2026-07-03_16h16.14.521.csv,6,2,semi_adapted,size_nodes,2,True,10.167929799994454,10.167929799994454,Anastasia,False,2,True,True,False,all adaptation levels,,,,,,,,,
samples/6 node/6_nodes_S00077/no_caption/fully_adapted.png,6.0,2.0,fully_adapted,Count the number of MALWARE nodes connected with at least 1 high confidence edge ( confidence 7-10).,0.0,Count the number of MALWARE nodes connected with at least 1 high confidence edge ( confidence 7-10).,0.0,5.0,5.0,12.0,251.107588400002,,,,,,,,,251.0895140000066,251.107588400002,251.107588400002,266.1009811999975,266.10100480000256,266.1168967999984,267.101705100009,267.1017597000028,267.1909175000037,267.1909175000037,285.0993118000042,0.0,274.805526199998,0.1351256000052672,285.10200850000547,285.11618330000783,285.11618330000783,289.103525700004,289.10353980000946,289.1035589000094,,,,,sphynx_12,1,2026-07-03_16h16.14.521,Practice Trials - SYMBIOTIK graphs_2023,2024.1.0,,2026-07-03 16h16.24.829624 +0200,,sphynx_12_Practice Trials - SYMBIOTIK graphs_2023_2026-07-03_16h16.14.521.csv,6,2,fully_adapted,,0,True,7.614608699994278,7.614608699994278,Anastasia,False,0,True,True,False,all adaptation levels,,,,,,,,,
samples/12 node/12_nodes_S00027/no_caption/non_adapted.png,12.0,2.0,non_adapted,Count the number of ATTACK PATTERN nodes connected with at least 1 low confidence edge? (confidence of 1-3).,,Count the number of ATTACK PATTERN nodes connected with at least 1 low confidence edge? (confidence of 1-3).,0.0,6.0,6.0,31.0,289.1318698999967,,,,,,,,,289.1038058999984,289.1318698999967,289.1318698999967,304.1151069000043,304.11512040000525,304.133988600006,305.1197470000043,305.11983140000666,305.2263424999983,305.2263424999983,323.1143183000095,,,,323.12122650000674,323.14191449999635,323.14191449999635,327.11773870000616,327.1177536000032,327.11777399999846,,,,,sphynx_12,1,2026-07-03_16h16.14.521,Practice Trials - SYMBIOTIK graphs_2023,2024.1.0,,2026-07-03 16h16.24.829624 +0200,,sphynx_12_Practice Trials - SYMBIOTIK graphs_2023_2026-07-03_16h16.14.521.csv,12,2,non_adapted,,,False,,,Anastasia,False,5,True,False,False,all adaptation levels,,,,,,,,,
samples/6 node/6_nodes_S00131/no_caption/nodes_size_value.png,6.0,1.0,size_nodes,Count the number of nodes with high connection counts (node size 7-10),,Count the number of nodes with high connection counts (node size 7-10),0.0,7.0,7.0,18.0,327.1342083000054,,,,,,,,,327.118026199998,327.1342083000054,327.1342083000054,342.1304744000081,342.13049950001005,342.1465260999976,343.1308582000056,343.13093270000536,343.2343617000006,343.2343617000006,361.1293216000049,3.0,350.3493446000066,0.1596757999941473,361.1345300999965,361.14960640000936,361.14960640000936,365.13231919999816,365.1323444000009,365.1323895000096,,,,,sphynx_12,1,2026-07-03_16h16.14.521,Practice Trials - SYMBIOTIK graphs_2023,2024.1.0,,2026-07-03 16h16.24.829624 +0200,,sphynx_12_Practice Trials - SYMBIOTIK graphs_2023_2026-07-03_16h16.14.521.csv,6,1,semi_adapted,size_nodes,3,True,7.114982900005998,7.114982900005998,Anastasia,False,3,True,True,False,all adaptation levels,,,,,,,,,
samples/12 node/12_nodes_S00072/no_caption/fully_adapted.png,12.0,1.0,fully_adapted,How many CYBER OBSERVABLE nodes are in the graph?,3.0,How many CYBER OBSERVABLE nodes are in the graph?,0.0,8.0,8.0,32.0,365.17844240000704,,,,,,,,,365.1328790999978,365.17844240000704,365.17844240000704,380.14433019999706,380.1443442000018,380.1614938999992,381.14518490000046,381.14525570000114,381.2354633000068,381.2354633000068,399.144117600008,3.0,388.205237400005,0.1840465999994194,399.1524746000068,399.166312100002,399.166312100002,403.1467886000028,403.14680339999904,403.14682419999735,,,,,sphynx_12,1,2026-07-03_16h16.14.521,Practice Trials - SYMBIOTIK graphs_2023,2024.1.0,,2026-07-03 16h16.24.829624 +0200,,sphynx_12_Practice Trials - SYMBIOTIK graphs_2023_2026-07-03_16h16.14.521.csv,12,1,fully_adapted,,3,True,6.969774099998176,6.969774099998176,Anastasia,False,3,True,True,False,all adaptation levels,,,,,,,,,
samples/6 node/6_nodes_S00128/no_caption/nodes_color_type.png,6.0,1.0,color_nodes,How many nodes have TLP:GREEN?,1.0,How many nodes have TLP:GREEN?,0.0,9.0,9.0,17.0,403.1665478000068,,,,,,,,,403.1471489000105,403.1665478000068,403.1665478000068,418.1591377000004,418.1591606000002,418.1758087000053,419.1596293000039,419.15969460000633,419.2481243000075,419.2481243000075,437.1619275999983,1.0,424.5336528000044,0.1830913000012515,437.16494709999824,437.1873934000032,437.1873934000032,441.16213890000654,441.1621658000077,441.1622152000055,,,,,sphynx_12,1,2026-07-03_16h16.14.521,Practice Trials - SYMBIOTIK graphs_2023,2024.1.0,,2026-07-03 16h16.24.829624 +0200,,sphynx_12_Practice Trials - SYMBIOTIK graphs_2023_2026-07-03_16h16.14.521.csv,6,1,semi_adapted,color_nodes,1,True,5.2855284999969285,5.2855284999969285,Anastasia,False,1,True,True,False,all adaptation levels,,,,,,,,,
samples/6 node/6_nodes_S00008/no_caption/non_adapted.png,6.0,1.0,non_adapted,Count the number of nodes with high connection counts (node size 7-10),,Count the number of nodes with high connection counts (node size 7-10),0.0,10.0,10.0,2.0,441.1855754999997,,,,,,,,,441.1628014000016,441.1855754999997,441.1855754999997,456.1756966999965,456.175730700008,456.1925698999985,457.1751583000005,457.1752181000047,457.2598469000077,457.2598469000077,475.1732638000103,2.0,463.1811544000084,0.1689683000004151,475.18170620000456,475.19267150000087,475.19267150000087,479.17829530000745,479.1783293000044,479.1783939000016,,,,,sphynx_12,1,2026-07-03_16h16.14.521,Practice Trials - SYMBIOTIK graphs_2023,2024.1.0,,2026-07-03 16h16.24.829624 +0200,,sphynx_12_Practice Trials - SYMBIOTIK graphs_2023_2026-07-03_16h16.14.521.csv,6,1,non_adapted,,2,True,5.921307500000694,5.921307500000694,Anastasia,False,2,True,True,False,all adaptation levels,,,,,,,,,
samples/12 node/12_nodes_S00012/no_caption/non_adapted.png,12.0,1.0,non_adapted,How many low confidence (confidence 1-3) edges exist in the graph?,,How many low confidence (confidence 1-3) edges exist in the graph?,0.0,11.0,11.0,27.0,479.211599000002,,,,,,,,,479.179180799998,479.211599000002,479.211599000002,494.1888463000069,494.1888780000008,494.2053933999996,495.189100100004,495.1891793000104,495.2839848000003,495.2839848000003,513.1875892000098,8.0,503.8443494000094,0.1931995999912032,513.1958987999969,513.2100648000051,513.2100648000051,517.1914748999989,517.1914921999996,517.1915159000055,,,,,sphynx_12,1,2026-07-03_16h16.14.521,Practice Trials - SYMBIOTIK graphs_2023,2024.1.0,,2026-07-03 16h16.24.829624 +0200,,sphynx_12_Practice Trials - SYMBIOTIK graphs_2023_2026-07-03_16h16.14.521.csv,12,1,non_adapted,,8,True,8.560364600009052,8.560364600009052,Anastasia,False,8,True,True,False,all adaptation levels,,,,,,,,,
samples/6 node/6_nodes_S00146/no_caption/edge_width_connection_number.png,6.0,2.0,edge_width,Count the number of ATTACK PATTERN nodes connected with at least 1 low confidence edge? (confidence of 1-3).,,Count the number of ATTACK PATTERN nodes connected with at least 1 low confidence edge? (confidence of 1-3).,0.0,12.0,12.0,23.0,517.2224428000045,,,,,,,,,517.19179360001,517.2224428000045,517.2224428000045,532.2031902000017,532.2032053000003,532.2199263000075,533.2037259000062,533.2037633,533.291545,533.291545,551.2023252000072,2.0,542.3170070000051,0.1120253999979468,551.2051726000063,551.2200700000103,551.2200700000103,555.2055307999981,555.2055445000005,555.2055648000096,,,,,sphynx_12,1,2026-07-03_16h16.14.521,Practice Trials - SYMBIOTIK graphs_2023,2024.1.0,,2026-07-03 16h16.24.829624 +0200,,sphynx_12_Practice Trials - SYMBIOTIK graphs_2023_2026-07-03_16h16.14.521.csv,6,2,semi_adapted,edge_width,2,True,9.025462000005064,9.025462000005064,Anastasia,False,2,True,True,False,all adaptation levels,,,,,,,,,
samples/12 node/12_nodes_S00138/no_caption/nodes_color_type.png,12.0,1.0,color_nodes,How many nodes have TLP:GREEN?,4.0,How many nodes have TLP:GREEN?,0.0,13.0,13.0,41.0,555.2244028999994,,,,,,,,,555.2058183000045,555.2244028999994,555.2244028999994,570.2183160999994,570.2183278000011,570.2348943999968,571.2189078000083,571.2189458000066,571.3228486000007,571.3228486000007,589.2173800000019,4.0,575.5811381000094,0.199353499992867,589.2267489000078,589.2395311,589.2395311,593.2229774000007,593.2230126000068,593.2230808000022,,,,,sphynx_12,1,2026-07-03_16h16.14.521,Practice Trials - SYMBIOTIK graphs_2023,2024.1.0,,2026-07-03 16h16.24.829624 +0200,,sphynx_12_Practice Trials - SYMBIOTIK graphs_2023_2026-07-03_16h16.14.521.csv,12,1,semi_adapted,color_nodes,4,True,4.2582895000086864,4.2582895000086864,Anastasia,False,4,True,True,False,all adaptation levels,,,,,,,,,
samples/12 node/12_nodes_S00084/no_caption/fully_adapted.png,12.0,1.0,fully_adapted,How many low confidence (confidence 1-3) edges exist in the graph?,,How many low confidence (confidence 1-3) edges exist in the graph?,0.0,14.0,14.0,35.0,593.2527301000082,,,,,,,,,593.2239050000062,593.2527301000082,593.2527301000082,608.2326736999967,608.2326869000099,608.2495531000022,609.234200699997,609.2342935000052,609.3285112000012,609.3285112000012,627.23152880001,7.0,616.0697846999974,0.1423271000094246,627.2343865000003,627.2482224999985,627.2482224999985,631.2345789000101,631.2346057000104,631.2346534000098,,,,,sphynx_12,1,2026-07-03_16h16.14.521,Practice Trials - SYMBIOTIK graphs_2023,2024.1.0,,2026-07-03 16h16.24.829624 +0200,,sphynx_12_Practice Trials - SYMBIOTIK graphs_2023_2026-07-03_16h16.14.521.csv,12,1,fully_adapted,,7,True,6.7412734999961685,6.7412734999961685,Anastasia,False,7,True,True,False,all adaptation levels,,,,,,,,,
samples/12 node/12_nodes_S00015/no_caption/non_adapted.png,12.0,2.0,non_adapted,Count the number of MALWARE nodes connected with at least 1 high confidence edge ( confidence 7-10).,2.0,Count the number of MALWARE nodes connected with at least 1 high confidence edge ( confidence 7-10).,0.0,15.0,15.0,28.0,631.2633260000002,,,,,,,,,631.2351841000054,631.2633260000002,631.2633260000002,646.2471127000026,646.2471265000058,646.2637195999996,647.2481066000037,647.2481457000104,647.3361890000087,647.3361890000087,665.2493154999975,2.0,660.1971258999984,0.1673965000081807,665.2518896999973,665.2629787000042,665.2629787000042,669.2498465999961,669.2498706000042,669.2499070000049,,,,,sphynx_12,1,2026-07-03_16h16.14.521,Practice Trials - SYMBIOTIK graphs_2023,2024.1.0,,2026-07-03 16h16.24.829624 +0200,,sphynx_12_Practice Trials - SYMBIOTIK graphs_2023_2026-07-03_16h16.14.521.csv,12,2,non_adapted,,2,True,12.86093689998961,12.86093689998961,Anastasia,False,2,True,True,False,all adaptation levels,,,,,,,,,
samples/12 node/12_nodes_S00156/no_caption/edge_width_connection_number.png,12.0,2.0,edge_width,Count the number of ATTACK PATTERN nodes connected with at least 1 low confidence edge? (confidence of 1-3).,,Count the number of ATTACK PATTERN nodes connected with at least 1 low confidence edge? (confidence of 1-3).,0.0,16.0,16.0,47.0,669.269363600004,,,,,,,,,669.2503465000045,669.269363600004,669.269363600004,684.2626632000029,684.2626940000046,684.2780605000007,685.2627382000064,685.2627780000039,685.3691727999976,685.3691727999976,703.2606633999967,4.0,698.0042713000003,0.1603200000099605,703.263887699999,703.2789993000042,703.2789993000042,707.2641461000021,707.2641605000099,707.264179699996,,,,,sphynx_12,1,2026-07-03_16h16.14.521,Practice Trials - SYMBIOTIK graphs_2023,2024.1.0,,2026-07-03 16h16.24.829624 +0200,,sphynx_12_Practice Trials - SYMBIOTIK graphs_2023_2026-07-03_16h16.14.521.csv,12,2,semi_adapted,edge_width,4,True,12.635098500002641,12.635098500002641,Anastasia,False,4,True,True,False,all adaptation levels,,,,,,,,,
samples/12 node/12_nodes_S00075/no_caption/fully_adapted.png,12.0,1.0,fully_adapted,How many nodes have TLP:GREEN?,4.0,How many nodes have TLP:GREEN?,0.0,17.0,17.0,33.0,707.281203999999,,,,,,,,,707.2644236000051,707.281203999999,707.281203999999,722.2765781000053,722.2766012000066,722.2932501000032,723.2773554000014,723.2773967999965,723.3784454999986,723.3784454999986,741.2756668000075,4.0,727.3164048000035,0.1521440999931655,741.2786262000009,741.2919294000021,741.2919294000021,745.2816160000075,745.2816508999967,745.2817163,,,,,sphynx_12,1,2026-07-03_16h16.14.521,Practice Trials - SYMBIOTIK graphs_2023,2024.1.0,,2026-07-03 16h16.24.829624 +0200,,sphynx_12_Practice Trials - SYMBIOTIK graphs_2023_2026-07-03_16h16.14.521.csv,12,1,fully_adapted,,4,True,3.937959300004877,3.937959300004877,Anastasia,False,4,True,True,False,all adaptation levels,,,,,,,,,
samples/12 node/12_nodes_S00024/no_caption/non_adapted.png,12.0,2.0,non_adapted,Count the number of MALWARE nodes with high connection counts (node size 7-10),,Count the number of MALWARE nodes with high connection counts (node size 7-10),0.0,18.0,18.0,30.0,745.3052650000027,,,,,,,,,745.2825001000019,745.3052650000027,745.3052650000027,760.2916461999994,760.291682199997,760.307538100009,761.2924400000047,761.2924895000033,761.3943596000026,761.3943596000026,779.2902459000034,3.0,773.5481564000074,0.1364985999971395,779.2967319000018,779.312262300009,779.312262300009,783.2951587999996,783.2951736000105,783.295194300008,,,,,sphynx_12,1,2026-07-03_16h16.14.521,Practice Trials - SYMBIOTIK graphs_2023,2024.1.0,,2026-07-03 16h16.24.829624 +0200,,sphynx_12_Practice Trials - SYMBIOTIK graphs_2023_2026-07-03_16h16.14.521.csv,12,2,non_adapted,,3,True,12.153796800004784,12.153796800004784,Anastasia,False,3,True,True,False,all adaptation levels,,,,,,,,,
samples/6 node/6_nodes_S00026/no_caption/non_adapted.png,6.0,2.0,non_adapted,Count the number of ATTACK PATTERN nodes connected with at least 1 low confidence edge? (confidence of 1-3).,,Count the number of ATTACK PATTERN nodes connected with at least 1 low confidence edge? (confidence of 1-3).,0.0,19.0,19.0,7.0,783.3134084000048,,,,,,,,,783.2954428000085,783.3134084000048,783.3134084000048,798.3060387000005,798.3060499999992,798.3225750999991,799.3070559000043,799.3071262000012,799.4027521000098,799.4027521000098,817.3054616000009,1.0,808.7400167000014,0.1361477000027662,817.3121599000006,817.3235302999965,817.3235302999965,821.3079878999997,821.308019300006,821.3080801000033,,,,,sphynx_12,1,2026-07-03_16h16.14.521,Practice Trials - SYMBIOTIK graphs_2023,2024.1.0,,2026-07-03 16h16.24.829624 +0200,,sphynx_12_Practice Trials - SYMBIOTIK graphs_2023_2026-07-03_16h16.14.521.csv,6,2,non_adapted,,1,True,9.337264599991613,9.337264599991613,Anastasia,False,1,True,True,False,all adaptation levels,,,,,,,,,
samples/12 node/12_nodes_S00009/no_caption/non_adapted.png,12.0,1.0,non_adapted,Count the number of nodes with high connection counts (node size 7-10),,Count the number of nodes with high connection counts (node size 7-10),0.0,20.0,20.0,26.0,821.3355950999976,,,,,,,,,821.3087574000092,821.3355950999976,821.3355950999976,836.320266900002,836.3202846000058,836.3368069999997,837.32160570001,837.3216459999967,837.4150575000094,837.4150575000094,855.3195759000082,7.0,845.4919681000029,0.1841531999962171,855.3221768000076,855.336197800003,855.336197800003,859.3234767999966,859.3235111999966,859.3235775000066,,,,,sphynx_12,1,2026-07-03_16h16.14.521,Practice Trials - SYMBIOTIK graphs_2023,2024.1.0,,2026-07-03 16h16.24.829624 +0200,,sphynx_12_Practice Trials - SYMBIOTIK graphs_2023_2026-07-03_16h16.14.521.csv,12,1,non_adapted,,7,True,8.076910599993425,8.076910599993425,Anastasia,False,7,True,True,False,all adaptation levels,,,,,,,,,
samples/12 node/12_nodes_S00141/no_caption/nodes_size_value.png,12.0,1.0,size_nodes,Count the number of nodes with high connection counts (node size 7-10),,Count the number of nodes with high connection counts (node size 7-10),0.0,21.0,21.0,42.0,859.3398164999962,,,,,,,,,859.3242921000056,859.3398164999962,859.3398164999962,874.3352648,874.3352763000003,874.3520145000075,875.336268900006,875.3363338000054,875.4350528000068,875.4350528000068,893.3342703000089,4.0,885.3728682000074,0.1277842999988934,893.3418311999994,893.3542498000024,893.3542498000024,897.3374845000071,897.3374990000011,897.3375216999993,,,,,sphynx_12,1,2026-07-03_16h16.14.521,Practice Trials - SYMBIOTIK graphs_2023,2024.1.0,,2026-07-03 16h16.24.829624 +0200,,sphynx_12_Practice Trials - SYMBIOTIK graphs_2023_2026-07-03_16h16.14.521.csv,12,1,semi_adapted,size_nodes,4,True,9.937815400000545,9.937815400000545,Anastasia,False,4,True,True,False,all adaptation levels,,,,,,,,,
samples/12 node/12_nodes_S00144/no_caption/edge_width_connection_number.png,12.0,1.0,edge_width,How many low confidence (confidence 1-3) edges exist in the graph?,,How many low confidence (confidence 1-3) edges exist in the graph?,0.0,22.0,22.0,43.0,897.3540937000071,,,,,,,,,897.3377675000083,897.3540937000071,897.3540937000071,912.3524879000032,912.3525248000078,912.3686971999996,913.35059870001,913.3506760000018,913.4564245000074,913.4564245000074,931.3486572999972,3.0,920.6046678999992,0.1278151000005891,931.3552444000088,931.3658897999994,931.3658897999994,935.3542086000087,935.354243499998,935.3543119000096,,,,,sphynx_12,1,2026-07-03_16h16.14.521,Practice Trials - SYMBIOTIK graphs_2023,2024.1.0,,2026-07-03 16h16.24.829624 +0200,,sphynx_12_Practice Trials - SYMBIOTIK graphs_2023_2026-07-03_16h16.14.521.csv,12,1,semi_adapted,edge_width,3,True,7.14824339999177,7.14824339999177,Anastasia,False,3,True,True,False,all adaptation levels,,,,,,,,,
samples/6 node/6_nodes_S00137/no_caption/nodes_shape_tlp.png,6.0,2.0,shape_nodes,Count the number of MALWARE nodes connected with at least 1 high confidence edge ( confidence 7-10).,2.0,Count the number of MALWARE nodes connected with at least 1 high confidence edge ( confidence 7-10).,0.0,23.0,23.0,20.0,935.375503800009,,,,,,,,,935.3551237000064,935.375503800009,935.375503800009,950.3648382999964,950.3648660000036,950.3817735000048,951.3648667000087,951.3649101000046,951.4631293999992,951.4631293999992,969.3639427000016,2.0,960.844659800001,0.1272574000031454,969.3681128000026,969.3803754999972,969.3803754999972,973.3665423000056,973.3665696000098,973.3666176999976,,,,,sphynx_12,1,2026-07-03_16h16.14.521,Practice Trials - SYMBIOTIK graphs_2023,2024.1.0,,2026-07-03 16h16.24.829624 +0200,,sphynx_12_Practice Trials - SYMBIOTIK graphs_2023_2026-07-03_16h16.14.521.csv,6,2,semi_adapted,shape_nodes,2,True,9.381530400001793,9.381530400001793,Anastasia,False,2,True,True,False,all adaptation levels,,,,,,,,,
samples/6 node/6_nodes_S00074/no_caption/fully_adapted.png,6.0,1.0,fully_adapted,How many low confidence (confidence 1-3) edges exist in the graph?,,How many low confidence (confidence 1-3) edges exist in the graph?,0.0,24.0,24.0,11.0,973.3946894999972,,,,,,,,,973.367187099997,973.3946894999972,973.3946894999972,988.3791580999967,988.3791958000074,988.3957102999992,989.379792000007,989.3798681000044,989.4874033000089,989.4874033000089,1007.3768722000096,2.0,992.9726100999978,0.1116858000023057,1007.386635700008,1007.3978592000058,1007.3978592000058,1011.3809637000086,1011.3809999000076,1191.3787988999975,1011.4199137999968,,,,sphynx_12,1,2026-07-03_16h16.14.521,Practice Trials - SYMBIOTIK graphs_2023,2024.1.0,,2026-07-03 16h16.24.829624 +0200,,sphynx_12_Practice Trials - SYMBIOTIK graphs_2023_2026-07-03_16h16.14.521.csv,6,1,fully_adapted,,2,True,3.485206799988987,3.485206799988987,Anastasia,False,2,True,True,False,all adaptation levels,,,,,,,,,
samples/6 node/6_nodes_S00080/no_caption/fully_adapted.png,6.0,2.0,fully_adapted,Count the number of nodes with TLP:RED connected to at least 1 node with high connection count (node size 7-10).,1.0,Count the number of nodes with TLP:RED connected to at least 1 node with high connection count (node size 7-10).,0.0,25.0,25.0,13.0,1191.3950046999962,,,,,,,,,1191.3791492000018,1191.3950046999962,1191.3950046999962,1206.3743821000098,1206.3743955999962,1206.3905545000016,1207.375591700009,1207.375633100004,1207.4606424000085,1207.4606424000085,1225.3746341000078,2.0,1212.5478254000045,0.0797703999996883,1225.3844896000082,1225.3951890000026,1225.3951890000026,1229.3786997999996,1229.3787141000066,1229.3787347000034,,,,,sphynx_12,1,2026-07-03_16h16.14.521,Practice Trials - SYMBIOTIK graphs_2023,2024.1.0,,2026-07-03 16h16.24.829624 +0200,,sphynx_12_Practice Trials - SYMBIOTIK graphs_2023_2026-07-03_16h16.14.521.csv,6,2,fully_adapted,,2,True,5.087182999996003,5.087182999996003,Anastasia,False,1,True,False,False,all adaptation levels,,,,,,,,,
samples/6 node/6_nodes_S00134/no_caption/edge_width_connection_number.png,6.0,1.0,edge_width,How many low confidence (confidence 1-3) edges exist in the graph?,,How many low confidence (confidence 1-3) edges exist in the graph?,0.0,26.0,26.0,19.0,1229.3970467000036,,,,,,,,,1229.3790111999988,1229.3970467000036,1229.3970467000036,1244.390249300006,1244.390266100003,1244.406809100008,1245.3909246999974,1245.3910056000022,1245.4858118999982,1245.4858118999982,1263.388856300007,3.0,1249.4199679000012,0.1198390000063227,1263.3963809999989,1263.4085759000009,1263.4085759000009,1267.3922928999964,1267.3923090000026,1267.3923309000093,,,,,sphynx_12,1,2026-07-03_16h16.14.521,Practice Trials - SYMBIOTIK graphs_2023,2024.1.0,,2026-07-03 16h16.24.829624 +0200,,sphynx_12_Practice Trials - SYMBIOTIK graphs_2023_2026-07-03_16h16.14.521.csv,6,1,semi_adapted,edge_width,3,True,3.934156000002986,3.934156000002986,Anastasia,False,3,True,True,False,all adaptation levels,,,,,,,,,
samples/12 node/12_nodes_S00093/no_caption/fully_adapted.png,12.0,2.0,fully_adapted,Count the number of MALWARE nodes with high connection counts (node size 7-10),,Count the number of MALWARE nodes with high connection counts (node size 7-10),0.0,27.0,27.0,38.0,1267.410845300008,,,,,,,,,1267.3925937000022,1267.410845300008,1267.410845300008,1282.4048053000006,1282.4048174000054,1282.421826500009,1283.4056817000092,1283.4057201999967,1283.4889545000042,1283.4889545000042,1301.4040128000051,1.0,1292.4920278000063,0.1357647999975597,1301.4066244999997,1301.420418900001,1301.420418900001,1305.4067001000076,1305.4067189000052,1305.4067442000087,,,,,sphynx_12,1,2026-07-03_16h16.14.521,Practice Trials - SYMBIOTIK graphs_2023,2024.1.0,,2026-07-03 16h16.24.829624 +0200,,sphynx_12_Practice Trials - SYMBIOTIK graphs_2023_2026-07-03_16h16.14.521.csv,12,2,fully_adapted,,1,True,9.003073300002143,9.003073300002143,Anastasia,False,1,True,True,False,all adaptation levels,,,,,,,,,
samples/12 node/12_nodes_S00081/no_caption/fully_adapted.png,12.0,1.0,fully_adapted,Count the number of nodes with high connection counts (node size 7-10),,Count the number of nodes with high connection counts (node size 7-10),0.0,28.0,28.0,34.0,1305.4243187000102,,,,,,,,,1305.4070947,1305.4243187000102,1305.4243187000102,1320.420858700003,1320.4208845000103,1320.4362256000022,1321.42078890001,1321.4208274999985,1321.5065314000094,1321.5065314000094,1339.4228529999964,7.0,1332.0993251000036,0.0806538000033469,1339.4321034000022,1339.4447125000006,1339.4447125000006,1343.4214876000042,1343.42151510001,1343.4215637000016,,,,,sphynx_12,1,2026-07-03_16h16.14.521,Practice Trials - SYMBIOTIK graphs_2023,2024.1.0,,2026-07-03 16h16.24.829624 +0200,,sphynx_12_Practice Trials - SYMBIOTIK graphs_2023_2026-07-03_16h16.14.521.csv,12,1,fully_adapted,,7,True,10.592793699994218,10.592793699994218,Anastasia,False,7,True,True,False,all adaptation levels,,,,,,,,,
samples/12 node/12_nodes_S00003/no_caption/non_adapted.png,12.0,1.0,non_adapted,How many CYBER OBSERVABLE nodes are in the graph?,4.0,How many CYBER OBSERVABLE nodes are in the graph?,0.0,29.0,29.0,24.0,1343.4535213000054,,,,,,,,,1343.4221258000034,1343.4535213000054,1343.4535213000054,1358.4365999,1358.4366181000078,1358.4506464000006,1359.4356476000105,1359.4356861999986,1359.53510980001,1359.53510980001,1377.4330367000075,4.0,1368.1879103999963,0.1277683000080287,1377.4408632999985,1377.450699399997,1377.450699399997,1381.4365586000058,1381.4365730999998,1381.436592500002,,,,,sphynx_12,1,2026-07-03_16h16.14.521,Practice Trials - SYMBIOTIK graphs_2023,2024.1.0,,2026-07-03 16h16.24.829624 +0200,,sphynx_12_Practice Trials - SYMBIOTIK graphs_2023_2026-07-03_16h16.14.521.csv,12,1,non_adapted,,4,True,8.652800599986222,8.652800599986222,Anastasia,False,4,True,True,False,all adaptation levels,,,,,,,,,
samples/12 node/12_nodes_S00006/no_caption/non_adapted.png,12.0,1.0,non_adapted,How many nodes have TLP:GREEN?,1.0,How many nodes have TLP:GREEN?,0.0,30.0,30.0,25.0,1381.453352299999,,,,,,,,,1381.4368499999982,1381.453352299999,1381.453352299999,1396.4484482999978,1396.4484684000054,1396.4676016000012,1397.4519881000017,1397.4520917000043,1397.5521350000054,1397.5521350000054,1415.447760199997,7.0,1411.4274108999962,0.0966353000112576,1415.45025780001,1415.4642740999989,1415.4642740999989,1419.4516835999966,1419.4517068999994,1419.4517412999994,,,,,sphynx_12,1,2026-07-03_16h16.14.521,Practice Trials - SYMBIOTIK graphs_2023,2024.1.0,,2026-07-03 16h16.24.829624 +0200,,sphynx_12_Practice Trials - SYMBIOTIK graphs_2023_2026-07-03_16h16.14.521.csv,12,1,non_adapted,,7,True,13.875275899990811,13.875275899990811,Anastasia,False,1,True,False,False,all adaptation levels,,,,,,,,,
samples/12 node/12_nodes_S00087/no_caption/fully_adapted.png,12.0,2.0,fully_adapted,Count the number of MALWARE nodes connected with at least 1 high confidence edge ( confidence 7-10).,3.0,Count the number of MALWARE nodes connected with at least 1 high confidence edge ( confidence 7-10).,0.0,31.0,31.0,36.0,1419.5026462000096,,,,,,,,,1419.4521326999966,1419.5026462000096,1419.5026462000096,1434.4635279000067,1434.4635420999984,1434.4811855000007,1435.465398400003,1435.465478099999,1435.5526134000102,1435.5526134000102,1453.4624982000096,3.0,1447.196252399997,0.1116170000022975,1453.4690577,1453.4817010999975,1453.4817010999975,1457.4662528000044,1457.4662896000082,1457.4663589999982,,,,,sphynx_12,1,2026-07-03_16h16.14.521,Practice Trials - SYMBIOTIK graphs_2023,2024.1.0,,2026-07-03 16h16.24.829624 +0200,,sphynx_12_Practice Trials - SYMBIOTIK graphs_2023_2026-07-03_16h16.14.521.csv,12,2,fully_adapted,,3,True,11.643638999986933,11.643638999986933,Anastasia,False,3,True,True,False,all adaptation levels,,,,,,,,,
samples/6 node/6_nodes_S00014/no_caption/non_adapted.png,6.0,1.0,non_adapted,How many low confidence (confidence 1-3) edges exist in the graph?,,How many low confidence (confidence 1-3) edges exist in the graph?,0.0,32.0,32.0,3.0,1457.494730200007,,,,,,,,,1457.467193000004,1457.494730200007,1457.494730200007,1472.4784845999966,1472.4785162000044,1472.4949927999987,1473.4787648000056,1473.4788068000053,1473.571696900006,1473.571696900006,1491.477142600008,3.0,1479.5151694000087,0.1206127999903401,1491.479914399999,1491.4935093000097,1491.4935093000097,1495.4830352999998,1495.4830692000105,1495.4831335000054,,,,,sphynx_12,1,2026-07-03_16h16.14.521,Practice Trials - SYMBIOTIK graphs_2023,2024.1.0,,2026-07-03 16h16.24.829624 +0200,,sphynx_12_Practice Trials - SYMBIOTIK graphs_2023_2026-07-03_16h16.14.521.csv,6,1,non_adapted,,3,True,5.943472500002827,5.943472500002827,Anastasia,False,3,True,True,False,all adaptation levels,,,,,,,,,
samples/6 node/6_nodes_S00065/no_caption/fully_adapted.png,6.0,1.0,fully_adapted,How many CYBER OBSERVABLE nodes are in the graph?,2.0,How many CYBER OBSERVABLE nodes are in the graph?,0.0,33.0,33.0,8.0,1495.5080828000064,,,,,,,,,1495.4838746000023,1495.5080828000064,1495.5080828000064,1510.492538999999,1510.4925685000053,1510.5096436000022,1511.4932335000049,1511.4932689999987,1511.5790513000102,1511.5790513000102,1529.4924071999994,2.0,1515.1550683000096,0.1450067999976454,1529.4950132000083,1529.509050499997,1529.509050499997,1533.4954601000063,1533.4954925000056,1533.4955527999991,,,,,sphynx_12,1,2026-07-03_16h16.14.521,Practice Trials - SYMBIOTIK graphs_2023,2024.1.0,,2026-07-03 16h16.24.829624 +0200,,sphynx_12_Practice Trials - SYMBIOTIK graphs_2023_2026-07-03_16h16.14.521.csv,6,1,fully_adapted,,2,True,3.5760169999994105,3.5760169999994105,Anastasia,False,2,True,True,False,all adaptation levels,,,,,,,,,
samples/12 node/12_nodes_S00096/no_caption/fully_adapted.png,12.0,2.0,fully_adapted,Count the number of ATTACK PATTERN nodes connected with at least 1 low confidence edge? (confidence of 1-3).,,Count the number of ATTACK PATTERN nodes connected with at least 1 low confidence edge? (confidence of 1-3).,0.0,34.0,34.0,39.0,1533.5261288000038,,,,,,,,,1533.4962438000075,1533.5261288000038,1533.5261288000038,1548.507686500001,1548.507703700001,1548.5242536000003,1549.5087238999986,1549.508760800003,1549.626480100007,1549.626480100007,1567.5064767000003,4.0,1557.3482416000045,0.1513924000028055,1567.5100669000094,1567.5237018000043,1567.5237018000043,1571.509944000005,1571.509957400005,1571.5099766000058,,,,,sphynx_12,1,2026-07-03_16h16.14.521,Practice Trials - SYMBIOTIK graphs_2023,2024.1.0,,2026-07-03 16h16.24.829624 +0200,,sphynx_12_Practice Trials - SYMBIOTIK graphs_2023_2026-07-03_16h16.14.521.csv,12,2,fully_adapted,,4,True,7.721761499997456,7.721761499997456,Anastasia,False,4,True,True,False,all adaptation levels,,,,,,,,,
samples/6 node/6_nodes_S00140/no_caption/nodes_color_type.png,6.0,2.0,color_nodes,Count the number of nodes with TLP:RED connected to at least 1 node with high connection count (node size 7-10).,0.0,Count the number of nodes with TLP:RED connected to at least 1 node with high connection count (node size 7-10).,0.0,35.0,35.0,21.0,1571.5260481000005,,,,,,,,,1571.5102199999965,1571.5260481000005,1571.5260481000005,1586.521857300002,1586.5218704,1586.5398898999993,1587.5230303999997,1587.523092100004,1587.6153091000017,1587.6153091000017,1605.5208361999976,0.0,1598.11601350001,0.1514981999935116,1605.5251837000103,1605.5377042000036,1605.5377042000036,1609.5250153000088,1609.5250462999977,1609.5251093999975,,,,,sphynx_12,1,2026-07-03_16h16.14.521,Practice Trials - SYMBIOTIK graphs_2023,2024.1.0,,2026-07-03 16h16.24.829624 +0200,,sphynx_12_Practice Trials - SYMBIOTIK graphs_2023_2026-07-03_16h16.14.521.csv,6,2,semi_adapted,color_nodes,0,True,10.500704400008317,10.500704400008317,Anastasia,False,0,True,True,False,all adaptation levels,,,,,,,,,
samples/6 node/6_nodes_S00005/no_caption/non_adapted.png,6.0,1.0,non_adapted,How many nodes have TLP:GREEN?,3.0,How many nodes have TLP:GREEN?,0.0,36.0,36.0,1.0,1609.555847800002,,,,,,,,,1609.525616400002,1609.555847800002,1609.555847800002,1624.5365140000067,1624.5365478000022,1624.5531470999997,1625.5372562999985,1625.5373221000043,1625.6438195000082,1625.6438195000082,1643.540098700003,3.0,1633.0033500999998,0.0882266999979037,1643.5441560000036,1643.5545616000018,1643.5545616000018,1647.53861470001,1647.5386285999994,1647.5386479000008,,,,,sphynx_12,1,2026-07-03_16h16.14.521,Practice Trials - SYMBIOTIK graphs_2023,2024.1.0,,2026-07-03 16h16.24.829624 +0200,,sphynx_12_Practice Trials - SYMBIOTIK graphs_2023_2026-07-03_16h16.14.521.csv,6,1,non_adapted,,3,True,7.359530599991558,7.359530599991558,Anastasia,False,3,True,True,False,all adaptation levels,,,,,,,,,
samples/6 node/6_nodes_S00125/no_caption/nodes_shape_tlp.png,6.0,1.0,shape_nodes,How many CYBER OBSERVABLE nodes are in the graph?,2.0,How many CYBER OBSERVABLE nodes are in the graph?,0.0,37.0,37.0,16.0,1647.5582072999969,,,,,,,,,1647.53914600001,1647.5582072999969,1647.5582072999969,1662.5516625000018,1662.5516751000105,1662.5684563000104,1663.5524898000003,1663.552548000007,1663.6397217000049,1663.6397217000049,1681.554432200006,2.0,1668.2671399999963,0.0888130000093951,1681.5584207000063,1681.570681600002,1681.570681600002,1685.5537418000022,1685.5537676000097,1685.5538127000036,,,,,sphynx_12,1,2026-07-03_16h16.14.521,Practice Trials - SYMBIOTIK graphs_2023,2024.1.0,,2026-07-03 16h16.24.829624 +0200,,sphynx_12_Practice Trials - SYMBIOTIK graphs_2023_2026-07-03_16h16.14.521.csv,6,1,semi_adapted,shape_nodes,2,True,4.627418299991405,4.627418299991405,Anastasia,False,2,True,True,False,all adaptation levels,,,,,,,,,
samples/12 node/12_nodes_S00150/no_caption/nodes_color_type.png,12.0,2.0,color_nodes,Count the number of nodes with TLP:RED connected to at least 1 node with high connection count (node size 7-10).,6.0,Count the number of nodes with TLP:RED connected to at least 1 node with high connection count (node size 7-10).,0.0,38.0,38.0,45.0,1685.5861771000054,,,,,,,,,1685.5544727000088,1685.5861771000054,1685.5861771000054,1700.5665539000038,1700.5665683999978,1700.582160799997,1701.5671739999962,1701.5672142999974,1701.6745474000054,1701.6745474000054,1719.564774099999,3.0,1711.3073718000087,0.1039955999876838,1719.5684833999985,1719.583611199996,1719.583611199996,1723.568538899999,1723.568565000009,1723.568612300005,,,,,sphynx_12,1,2026-07-03_16h16.14.521,Practice Trials - SYMBIOTIK graphs_2023,2024.1.0,,2026-07-03 16h16.24.829624 +0200,,sphynx_12_Practice Trials - SYMBIOTIK graphs_2023_2026-07-03_16h16.14.521.csv,12,2,semi_adapted,color_nodes,3,True,9.632824400003301,9.632824400003301,Anastasia,False,6,True,False,False,all adaptation levels,,,,,,,,,
samples/6 node/6_nodes_S00083/no_caption/fully_adapted.png,6.0,2.0,fully_adapted,Count the number of MALWARE nodes with high connection counts (node size 7-10),,Count the number of MALWARE nodes with high connection counts (node size 7-10),0.0,39.0,39.0,14.0,1723.5857573000103,,,,,,,,,1723.5691454000043,1723.5857573000103,1723.5857573000103,1738.5804520000092,1738.5804874000023,1738.5977004000017,1739.5819539000076,1739.5819937000051,1739.659467400008,1739.659467400008,1757.579575900003,1.0,1745.8912375000073,0.1037284999911207,1757.5829177999983,1757.5959683999972,1757.5959683999972,1761.5829465999996,1761.5829608000058,1761.5829800000065,,,,,sphynx_12,1,2026-07-03_16h16.14.521,Practice Trials - SYMBIOTIK graphs_2023,2024.1.0,,2026-07-03 16h16.24.829624 +0200,,sphynx_12_Practice Trials - SYMBIOTIK graphs_2023_2026-07-03_16h16.14.521.csv,6,2,fully_adapted,,1,True,6.231770099999267,6.231770099999267,Anastasia,False,1,True,True,False,all adaptation levels,,,,,,,,,
samples/6 node/6_nodes_S00017/no_caption/non_adapted.png,6.0,2.0,non_adapted,Count the number of MALWARE nodes connected with at least 1 high confidence edge ( confidence 7-10).,1.0,Count the number of MALWARE nodes connected with at least 1 high confidence edge ( confidence 7-10).,0.0,40.0,40.0,4.0,1761.5990675000066,,,,,,,,,1761.5832356000028,1761.5990675000066,1761.5990675000066,1776.5981128999993,1776.598135200009,1776.612471600005,1777.5960644000006,1777.5961038000096,1777.6839116000046,1777.6839116000046,1795.594710400008,1.0,1784.259023999999,0.10451620000822,1795.6016013000044,1795.61506560001,1795.61506560001,1799.5982946000004,1799.5983166000078,1799.5983456000104,,,,,sphynx_12,1,2026-07-03_16h16.14.521,Practice Trials - SYMBIOTIK graphs_2023,2024.1.0,,2026-07-03 16h16.24.829624 +0200,,sphynx_12_Practice Trials - SYMBIOTIK graphs_2023_2026-07-03_16h16.14.521.csv,6,2,non_adapted,,1,True,6.575112399994396,6.575112399994396,Anastasia,False,1,True,True,False,all adaptation levels,,,,,,,,,
samples/6 node/6_nodes_S00020/no_caption/non_adapted.png,6.0,2.0,non_adapted,Count the number of nodes with TLP:RED connected to at least 1 node with high connection count (node size 7-10).,2.0,Count the number of nodes with TLP:RED connected to at least 1 node with high connection count (node size 7-10).,0.0,41.0,41.0,5.0,1799.6168547999987,,,,,,,,,1799.5986821999977,1799.6168547999987,1799.6168547999987,1814.610513100008,1814.6105465,1814.6269210000028,1815.610613500001,1815.610659500002,1815.7010988999973,1815.7010988999973,1833.6092646000036,1.0,1822.2915750000104,0.143300999989151,1833.6160007,1833.6274795000063,1833.6274795000063,1837.6124665000095,1837.6124986000068,1837.6125570000004,,,,,sphynx_12,1,2026-07-03_16h16.14.521,Practice Trials - SYMBIOTIK graphs_2023,2024.1.0,,2026-07-03 16h16.24.829624 +0200,,sphynx_12_Practice Trials - SYMBIOTIK graphs_2023_2026-07-03_16h16.14.521.csv,6,2,non_adapted,,1,True,6.59047610001312,6.59047610001312,Anastasia,False,2,True,False,False,all adaptation levels,,,,,,,,,
samples/6 node/6_nodes_S00086/no_caption/fully_adapted.png,6.0,2.0,fully_adapted,Count the number of ATTACK PATTERN nodes connected with at least 1 low confidence edge? (confidence of 1-3).,,Count the number of ATTACK PATTERN nodes connected with at least 1 low confidence edge? (confidence of 1-3).,0.0,42.0,42.0,15.0,1837.6395294999968,,,,,,,,,1837.613304700004,1837.6395294999968,1837.6395294999968,1852.624898199996,1852.6249113000083,1852.6415706999976,1853.6254231000055,1853.6255281000049,1853.714211700004,1853.714211700004,1871.6241830000072,0.0,1861.3880311999965,0.1350797000050079,1871.6266843000049,1871.640388300002,1871.640388300002,1875.6271444000013,1875.6271800000104,1875.627240300004,,,,,sphynx_12,1,2026-07-03_16h16.14.521,Practice Trials - SYMBIOTIK graphs_2023,2024.1.0,,2026-07-03 16h16.24.829624 +0200,,sphynx_12_Practice Trials - SYMBIOTIK graphs_2023_2026-07-03_16h16.14.521.csv,6,2,fully_adapted,,0,True,7.673819499992533,7.673819499992533,Anastasia,False,0,True,True,False,all adaptation levels,,,,,,,,,
samples/6 node/6_nodes_S00071/no_caption/fully_adapted.png,6.0,1.0,fully_adapted,Count the number of nodes with high connection counts (node size 7-10),,Count the number of nodes with high connection counts (node size 7-10),0.0,43.0,43.0,10.0,1875.65119270001,,,,,,,,,1875.6278017000004,1875.65119270001,1875.65119270001,1890.643656900007,1890.643690099998,1890.656132700009,1891.6403029000064,1891.6403411000065,1891.7270801999985,1891.7270801999985,1909.638629699999,1.0,1897.475145999997,0.0959645000111777,1909.6428910000104,1909.657844100002,1909.657844100002,1913.641941599999,1913.6419755000095,1913.642043800006,,,,,sphynx_12,1,2026-07-03_16h16.14.521,Practice Trials - SYMBIOTIK graphs_2023,2024.1.0,,2026-07-03 16h16.24.829624 +0200,,sphynx_12_Practice Trials - SYMBIOTIK graphs_2023_2026-07-03_16h16.14.521.csv,6,1,fully_adapted,,1,True,5.748065799998585,5.748065799998585,Anastasia,False,1,True,True,False,all adaptation levels,,,,,,,,,
samples/6 node/6_nodes_S00002/no_caption/non_adapted.png,6.0,1.0,non_adapted,How many CYBER OBSERVABLE nodes are in the graph?,5.0,How many CYBER OBSERVABLE nodes are in the graph?,0.0,44.0,44.0,0.0,1913.6713427000068,,,,,,,,,1913.642665200008,1913.6713427000068,1913.6713427000068,1928.6542728000056,1928.6543007,1928.6736316000024,1929.6562609000105,1929.6563167999996,1929.7539954000092,1929.7539954000092,1947.6564082999976,5.0,1936.443576500009,0.1765764999872772,1947.662147199997,1947.6731238000064,1947.6731238000064,1951.6566826000053,1951.6567156000087,1951.6567969000023,,,,,sphynx_12,1,2026-07-03_16h16.14.521,Practice Trials - SYMBIOTIK graphs_2023,2024.1.0,,2026-07-03 16h16.24.829624 +0200,,sphynx_12_Practice Trials - SYMBIOTIK graphs_2023_2026-07-03_16h16.14.521.csv,6,1,non_adapted,,5,True,6.689581099999714,6.689581099999714,Anastasia,False,5,True,True,False,all adaptation levels,,,,,,,,,
samples/12 node/12_nodes_S00090/no_caption/fully_adapted.png,12.0,2.0,fully_adapted,Count the number of nodes with TLP:RED connected to at least 1 node with high connection count (node size 7-10).,1.0,Count the number of nodes with TLP:RED connected to at least 1 node with high connection count (node size 7-10).,0.0,45.0,45.0,37.0,1951.6894417000003,,,,,,,,,1951.6574082000009,1951.6894417000003,1951.6894417000003,1966.670828400005,1966.6708417000043,1966.685276899996,1967.6706497999985,1967.6706896999967,1967.772956400004,1967.772956400004,1985.6676290000032,1.0,1981.635920200002,0.1106261999957496,1985.6700798000093,1985.6839951,1985.6839951,1989.6713121000064,1989.6713336000105,1989.6713652000035,,,,,sphynx_12,1,2026-07-03_16h16.14.521,Practice Trials - SYMBIOTIK graphs_2023,2024.1.0,,2026-07-03 16h16.24.829624 +0200,,sphynx_12_Practice Trials - SYMBIOTIK graphs_2023_2026-07-03_16h16.14.521.csv,12,2,fully_adapted,,1,True,13.862963799997942,13.862963799997942,Anastasia,False,1,True,True,False,all adaptation levels,,,,,,,,,
samples/12 node/12_nodes_S00153/no_caption/nodes_size_value.png,12.0,2.0,size_nodes,Count the number of MALWARE nodes with high connection counts (node size 7-10),,Count the number of MALWARE nodes with high connection counts (node size 7-10),0.0,46.0,46.0,46.0,1989.6895112000057,,,,,,,,,1989.6717477000057,1989.6895112000057,1989.6895112000057,2004.6836681999996,2004.683704099996,2004.6999573000064,2005.6839451999983,2005.6839943000089,2005.7861470000064,2005.7861470000064,2023.682352100004,1.0,2015.2602602999975,0.0786905999993905,2023.6858451000007,2023.6990192000085,2023.6990192000085,2027.6714944999983,2027.6715089000063,2027.671527700004,,,,,sphynx_12,1,2026-07-03_16h16.14.521,Practice Trials - SYMBIOTIK graphs_2023,2024.1.0,,2026-07-03 16h16.24.829624 +0200,,sphynx_12_Practice Trials - SYMBIOTIK graphs_2023_2026-07-03_16h16.14.521.csv,12,2,semi_adapted,size_nodes,1,True,9.474113299991131,9.474113299991131,Anastasia,False,1,True,True,False,all adaptation levels,,,,,,,,,
samples/12 node/12_nodes_S00135/no_caption/nodes_shape_tlp.png,12.0,1.0,shape_nodes,How many CYBER OBSERVABLE nodes are in the graph?,4.0,How many CYBER OBSERVABLE nodes are in the graph?,0.0,47.0,47.0,40.0,2027.688401300009,,,,,,,,,2027.671805799997,2027.688401300009,2027.688401300009,2042.681465600006,2042.6814790000064,2042.698033000008,2043.6825398000076,2043.6825956999965,2043.7830510000056,2043.7830510000056,2061.6804460999992,4.0,2051.003513600008,0.079177299994626,2061.6831697000016,2061.696883900004,2061.696883900004,2065.6841488000064,2065.6841818999965,2065.6842444000067,,,,,sphynx_12,1,2026-07-03_16h16.14.521,Practice Trials - SYMBIOTIK graphs_2023,2024.1.0,,2026-07-03 16h16.24.829624 +0200,,sphynx_12_Practice Trials - SYMBIOTIK graphs_2023_2026-07-03_16h16.14.521.csv,12,1,semi_adapted,shape_nodes,4,True,7.220462600002293,7.220462600002293,Anastasia,False,4,True,True,False,all adaptation levels,,,,,,,,,
samples/6 node/6_nodes_S00023/no_caption/non_adapted.png,6.0,2.0,non_adapted,Count the number of MALWARE nodes with high connection counts (node size 7-10),,Count the number of MALWARE nodes with high connection counts (node size 7-10),0.0,0.0,0.0,6.0,86.36383899999782,,,,,,,,,86.32383049999771,86.36383899999782,86.36383899999782,101.32661400000508,101.32662720000371,101.34380519999831,102.3277395000041,102.32779080000182,102.41108950000488,102.41108950000488,120.32589279999956,0.0,117.5842210999981,0.1993812000000616,120.32850080000937,120.36180230000171,120.36180230000171,124.32877900000312,124.32879490000778,124.3288193000044,,,,,sphynx_13,1,2026-07-03_17h54.43.062,Practice Trials - SYMBIOTIK graphs_2023,2024.1.0,,2026-07-03 17h55.02.843876 +0200,,sphynx_13_Practice Trials - SYMBIOTIK graphs_2023_2026-07-03_17h54.43.062.csv,6,2,non_adapted,,0,True,15.173131599993226,15.173131599993226,Betty,False,0,True,True,False,all adaptation levels,,,,,,,,,
samples/12 node/12_nodes_S00018/no_caption/non_adapted.png,12.0,2.0,non_adapted,Count the number of nodes with TLP:RED connected to at least 1 node with high connection count (node size 7-10).,3.0,Count the number of nodes with TLP:RED connected to at least 1 node with high connection count (node size 7-10).,0.0,1.0,1.0,29.0,124.34993050000048,,,,,,,,,124.3290829000034,124.34993050000048,124.34993050000048,139.341840100009,139.34185690000595,139.35793060000287,140.34214940000675,140.34218750000582,140.42592449999938,140.42592449999938,158.3406682000059,,,,158.34342109999852,158.35665250000602,158.35665250000602,162.34451110000373,162.34452630000305,162.3445461000083,,,,,sphynx_13,1,2026-07-03_17h54.43.062,Practice Trials - SYMBIOTIK graphs_2023,2024.1.0,,2026-07-03 17h55.02.843876 +0200,,sphynx_13_Practice Trials - SYMBIOTIK graphs_2023_2026-07-03_17h54.43.062.csv,12,2,non_adapted,,,False,,,Betty,False,3,True,False,False,all adaptation levels,,,,,,,,,
samples/12 node/12_nodes_S00147/no_caption/nodes_shape_tlp.png,12.0,2.0,shape_nodes,Count the number of MALWARE nodes connected with at least 1 high confidence edge ( confidence 7-10).,2.0,Count the number of MALWARE nodes connected with at least 1 high confidence edge ( confidence 7-10).,0.0,2.0,2.0,44.0,162.36252799999784,,,,,,,,,162.34481239999877,162.36252799999784,162.36252799999784,177.35718869999982,177.3572029000061,177.3732003000041,178.35749910000595,178.35755190000054,178.43634790000215,178.43634790000215,196.3555119000084,2.0,192.88793470000385,0.223562099999981,196.3583767000091,196.37539560000005,196.37539560000005,200.3607364000054,200.36075130000245,200.3607728000061,,,,,sphynx_13,1,2026-07-03_17h54.43.062,Practice Trials - SYMBIOTIK graphs_2023,2024.1.0,,2026-07-03 17h55.02.843876 +0200,,sphynx_13_Practice Trials - SYMBIOTIK graphs_2023_2026-07-03_17h54.43.062.csv,12,2,semi_adapted,shape_nodes,2,True,14.451586800001706,14.451586800001706,Betty,False,2,True,True,False,all adaptation levels,,,,,,,,,
samples/6 node/6_nodes_S00068/no_caption/fully_adapted.png,6.0,1.0,fully_adapted,How many nodes have TLP:GREEN?,5.0,How many nodes have TLP:GREEN?,0.0,3.0,3.0,9.0,200.38892029999988,,,,,,,,,200.36105279999904,200.38892029999988,200.38892029999988,215.3736530000024,215.3736681000009,215.387945399998,216.3735525000084,216.37359040000592,216.45230230000743,216.45230230000743,234.37042390000715,5.0,225.5759926000028,0.1833397000009426,234.37315220000164,234.38685730000725,234.38685730000725,238.37401710000995,238.3740315000032,238.37405050000237,,,,,sphynx_13,1,2026-07-03_17h54.43.062,Practice Trials - SYMBIOTIK graphs_2023,2024.1.0,,2026-07-03 17h55.02.843876 +0200,,sphynx_13_Practice Trials - SYMBIOTIK graphs_2023_2026-07-03_17h54.43.062.csv,6,1,fully_adapted,,5,True,9.12369029999536,9.12369029999536,Betty,False,5,True,True,False,all adaptation levels,,,,,,,,,
samples/6 node/6_nodes_S00143/no_caption/nodes_size_value.png,6.0,2.0,size_nodes,Count the number of MALWARE nodes with high connection counts (node size 7-10),,Count the number of MALWARE nodes with high connection counts (node size 7-10),0.0,4.0,4.0,22.0,238.38943880000443,,,,,,,,,238.3743085000024,238.38943880000443,238.38943880000443,253.3855043000076,253.3855212000053,253.40205660001084,254.38688489999916,254.38692730000184,254.46422520000488,254.46422520000488,272.3881919999985,2.0,266.6402851000021,0.1755591999972239,272.3908373000013,272.40317030000733,272.40317030000733,276.3880835000018,276.38809780000884,276.38811660000647,,,,,sphynx_13,1,2026-07-03_17h54.43.062,Practice Trials - SYMBIOTIK graphs_2023,2024.1.0,,2026-07-03 17h55.02.843876 +0200,,sphynx_13_Practice Trials - SYMBIOTIK graphs_2023_2026-07-03_17h54.43.062.csv,6,2,semi_adapted,size_nodes,2,True,12.176059899997199,12.176059899997199,Betty,False,2,True,True,False,all adaptation levels,,,,,,,,,
samples/6 node/6_nodes_S00077/no_caption/fully_adapted.png,6.0,2.0,fully_adapted,Count the number of MALWARE nodes connected with at least 1 high confidence edge ( confidence 7-10).,0.0,Count the number of MALWARE nodes connected with at least 1 high confidence edge ( confidence 7-10).,0.0,5.0,5.0,12.0,276.4051286000031,,,,,,,,,276.3883539000089,276.4051286000031,276.4051286000031,291.40063070000906,291.40064630001143,291.4169084000023,292.401311499998,292.40135700000974,292.4809069000039,292.4809069000039,310.40299770000274,0.0,303.53506970001035,0.2719912999891676,310.4056530000089,310.433348400009,310.433348400009,314.4020094000007,314.40202249999857,314.40204080000694,,,,,sphynx_13,1,2026-07-03_17h54.43.062,Practice Trials - SYMBIOTIK graphs_2023,2024.1.0,,2026-07-03 17h55.02.843876 +0200,,sphynx_13_Practice Trials - SYMBIOTIK graphs_2023_2026-07-03_17h54.43.062.csv,6,2,fully_adapted,,0,True,11.054162800006452,11.054162800006452,Betty,False,0,True,True,False,all adaptation levels,,,,,,,,,
samples/12 node/12_nodes_S00027/no_caption/non_adapted.png,12.0,2.0,non_adapted,Count the number of ATTACK PATTERN nodes connected with at least 1 low confidence edge? (confidence of 1-3).,,Count the number of ATTACK PATTERN nodes connected with at least 1 low confidence edge? (confidence of 1-3).,0.0,6.0,6.0,31.0,314.4215950000071,,,,,,,,,314.4022843999992,314.4215950000071,314.4215950000071,329.4149376999994,329.4149543000094,329.43225850000454,330.4172819000087,330.4173243000114,330.49631970000337,330.49631970000337,348.41425880001043,,,,348.41727450001054,348.432524200005,348.432524200005,352.41729700000724,352.41731250000885,352.4173327000026,,,,,sphynx_13,1,2026-07-03_17h54.43.062,Practice Trials - SYMBIOTIK graphs_2023,2024.1.0,,2026-07-03 17h55.02.843876 +0200,,sphynx_13_Practice Trials - SYMBIOTIK graphs_2023_2026-07-03_17h54.43.062.csv,12,2,non_adapted,,,False,,,Betty,False,5,True,False,False,all adaptation levels,,,,,,,,,
samples/6 node/6_nodes_S00131/no_caption/nodes_size_value.png,6.0,1.0,size_nodes,Count the number of nodes with high connection counts (node size 7-10),,Count the number of nodes with high connection counts (node size 7-10),0.0,7.0,7.0,18.0,352.43401430000085,,,,,,,,,352.4176138000039,352.43401430000085,352.43401430000085,367.4296656000079,367.42967950001184,367.44632390000334,368.4307150000095,368.4307529000071,368.5179331000109,368.5179331000109,386.4291324000078,3.0,379.079427100005,0.1915073999989545,386.43177380001,386.4460204000061,386.4460204000061,390.433595399998,390.4336105000111,390.4336309000064,,,,,sphynx_13,1,2026-07-03_17h54.43.062,Practice Trials - SYMBIOTIK graphs_2023,2024.1.0,,2026-07-03 17h55.02.843876 +0200,,sphynx_13_Practice Trials - SYMBIOTIK graphs_2023_2026-07-03_17h54.43.062.csv,6,1,semi_adapted,size_nodes,3,True,10.56149399999407,10.56149399999407,Betty,False,3,True,True,False,all adaptation levels,,,,,,,,,
samples/12 node/12_nodes_S00072/no_caption/fully_adapted.png,12.0,1.0,fully_adapted,How many CYBER OBSERVABLE nodes are in the graph?,3.0,How many CYBER OBSERVABLE nodes are in the graph?,0.0,8.0,8.0,32.0,390.4565142000065,,,,,,,,,390.43398650000745,390.4565142000065,390.4565142000065,405.4449013000121,405.4449177000061,405.4609125999996,406.4446124000097,406.44464650000737,406.52792449999833,406.52792449999833,424.44266290000814,3.0,415.07113880000543,0.216407200001413,424.4455570999999,424.4601492000074,424.4601492000074,428.4497135999991,428.4497286000114,428.4497482000006,,,,,sphynx_13,1,2026-07-03_17h54.43.062,Practice Trials - SYMBIOTIK graphs_2023,2024.1.0,,2026-07-03 17h55.02.843876 +0200,,sphynx_13_Practice Trials - SYMBIOTIK graphs_2023_2026-07-03_17h54.43.062.csv,12,1,fully_adapted,,3,True,8.543214300007094,8.543214300007094,Betty,False,3,True,True,False,all adaptation levels,,,,,,,,,
samples/6 node/6_nodes_S00128/no_caption/nodes_color_type.png,6.0,1.0,color_nodes,How many nodes have TLP:GREEN?,1.0,How many nodes have TLP:GREEN?,0.0,9.0,9.0,17.0,428.4635666000104,,,,,,,,,428.4499935000058,428.4635666000104,428.4635666000104,443.4588376000029,443.4588504999992,443.4756919000065,444.4597015000036,444.4597697999998,444.5423505000072,444.5423505000072,462.4614111999981,1.0,449.7683171000099,0.2472904999885941,462.4641139000014,462.48450170000433,462.48450170000433,466.460951800007,466.4609660999995,466.4609849999979,,,,,sphynx_13,1,2026-07-03_17h54.43.062,Practice Trials - SYMBIOTIK graphs_2023,2024.1.0,,2026-07-03 17h55.02.843876 +0200,,sphynx_13_Practice Trials - SYMBIOTIK graphs_2023_2026-07-03_17h54.43.062.csv,6,1,semi_adapted,color_nodes,1,True,5.225966600002664,5.225966600002664,Betty,False,1,True,True,False,all adaptation levels,,,,,,,,,
samples/6 node/6_nodes_S00008/no_caption/non_adapted.png,6.0,1.0,non_adapted,Count the number of nodes with high connection counts (node size 7-10),,Count the number of nodes with high connection counts (node size 7-10),0.0,10.0,10.0,2.0,466.4783146000118,,,,,,,,,466.4612326000061,466.4783146000118,466.4783146000118,481.4733131000103,481.4733286000119,481.4896623000095,482.4744145000004,482.4744556000078,482.5523646000074,482.5523646000074,500.4723244000052,2.0,488.99908810001216,0.2495367999945301,500.4749174000026,500.4889783000108,500.4889783000108,504.475583300009,504.4755984000076,504.47561829999904,,,,,sphynx_13,1,2026-07-03_17h54.43.062,Practice Trials - SYMBIOTIK graphs_2023,2024.1.0,,2026-07-03 17h55.02.843876 +0200,,sphynx_13_Practice Trials - SYMBIOTIK graphs_2023_2026-07-03_17h54.43.062.csv,6,1,non_adapted,,2,True,6.446723500004737,6.446723500004737,Betty,False,2,True,True,False,all adaptation levels,,,,,,,,,
samples/12 node/12_nodes_S00012/no_caption/non_adapted.png,12.0,1.0,non_adapted,How many low confidence (confidence 1-3) edges exist in the graph?,,How many low confidence (confidence 1-3) edges exist in the graph?,0.0,11.0,11.0,27.0,504.4948510000104,,,,,,,,,504.4758868000063,504.4948510000104,504.4948510000104,519.4882518000086,519.4882658999995,519.5063675999991,520.4909347000066,520.4909779000009,520.5707801000099,520.5707801000099,538.4876343000069,8.0,530.5432852000085,0.2083184999937657,538.4901726000098,538.5039483,538.5039483,542.4904149000067,542.4904288000107,542.4904521999997,,,,,sphynx_13,1,2026-07-03_17h54.43.062,Practice Trials - SYMBIOTIK graphs_2023,2024.1.0,,2026-07-03 17h55.02.843876 +0200,,sphynx_13_Practice Trials - SYMBIOTIK graphs_2023_2026-07-03_17h54.43.062.csv,12,1,non_adapted,,8,True,9.97250509999867,9.97250509999867,Betty,False,8,True,True,False,all adaptation levels,,,,,,,,,
samples/6 node/6_nodes_S00146/no_caption/edge_width_connection_number.png,6.0,2.0,edge_width,Count the number of ATTACK PATTERN nodes connected with at least 1 low confidence edge? (confidence of 1-3).,,Count the number of ATTACK PATTERN nodes connected with at least 1 low confidence edge? (confidence of 1-3).,0.0,12.0,12.0,23.0,542.508625500006,,,,,,,,,542.4907000000094,542.508625500006,542.508625500006,557.5032124999998,557.5032287000067,557.5217239000049,558.506289900004,558.5063542999997,558.5821228999994,558.5821228999994,576.4906158000085,2.0,570.8965012000117,0.2224919999862322,576.4938483000005,576.5041175000079,576.5041175000079,580.489318699998,580.4893348000041,580.4893627999991,,,,,sphynx_13,1,2026-07-03_17h54.43.062,Practice Trials - SYMBIOTIK graphs_2023,2024.1.0,,2026-07-03 17h55.02.843876 +0200,,sphynx_13_Practice Trials - SYMBIOTIK graphs_2023_2026-07-03_17h54.43.062.csv,6,2,semi_adapted,edge_width,2,True,12.314378300012322,12.314378300012322,Betty,False,2,True,True,False,all adaptation levels,580.5053749000072,580.5053749000072,,,,,,,
samples/12 node/12_nodes_S00138/no_caption/nodes_color_type.png,12.0,1.0,color_nodes,How many nodes have TLP:GREEN?,4.0,How many nodes have TLP:GREEN?,0.0,13.0,13.0,41.0,580.5053749000072,,,,,,,,,580.4896089000104,580.5053749000072,580.5053749000072,595.5011849000002,595.501199899998,595.5182492000022,596.5019467000093,596.5019930999988,596.5781652000005,596.5781652000005,614.4996494000079,4.0,601.6467573000118,0.2406440999911865,614.5020808000118,614.5164078000089,614.5164078000089,618.5034811000078,618.503495900004,618.5035166000016,,,,,sphynx_13,1,2026-07-03_17h54.43.062,Practice Trials - SYMBIOTIK graphs_2023,2024.1.0,,2026-07-03 17h55.02.843876 +0200,,sphynx_13_Practice Trials - SYMBIOTIK graphs_2023_2026-07-03_17h54.43.062.csv,12,1,semi_adapted,color_nodes,4,True,5.068592100011301,5.068592100011301,Betty,False,4,True,True,False,all adaptation levels,,,,,,,,,
samples/12 node/12_nodes_S00084/no_caption/fully_adapted.png,12.0,1.0,fully_adapted,How many low confidence (confidence 1-3) edges exist in the graph?,,How many low confidence (confidence 1-3) edges exist in the graph?,0.0,14.0,14.0,35.0,618.5201808999991,,,,,,,,,618.5038234000094,618.5201808999991,618.5201808999991,633.5185658000119,633.5185811999982,633.5320100000099,634.517932600007,634.5179806000087,634.5974990000104,634.5974990000104,652.5143745000096,7.0,640.4309102000116,0.1996719999879133,652.5167981000122,652.5305223000032,652.5305223000032,656.5179882000084,656.5180031000054,656.5180217000016,,,,,sphynx_13,1,2026-07-03_17h54.43.062,Practice Trials - SYMBIOTIK graphs_2023,2024.1.0,,2026-07-03 17h55.02.843876 +0200,,sphynx_13_Practice Trials - SYMBIOTIK graphs_2023_2026-07-03_17h54.43.062.csv,12,1,fully_adapted,,7,True,5.833411200001137,5.833411200001137,Betty,False,7,True,True,False,all adaptation levels,,,,,,,,,
samples/12 node/12_nodes_S00015/no_caption/non_adapted.png,12.0,2.0,non_adapted,Count the number of MALWARE nodes connected with at least 1 high confidence edge ( confidence 7-10).,2.0,Count the number of MALWARE nodes connected with at least 1 high confidence edge ( confidence 7-10).,0.0,15.0,15.0,28.0,656.5346893000096,,,,,,,,,656.5182747000072,656.5346893000096,656.5346893000096,671.5298763000028,671.5298905000091,671.5468523000018,672.5315142000036,672.5315609000099,672.6143014000118,672.6143014000118,690.5292479000054,2.0,688.5993694000063,0.2154298999957973,690.5328496000002,690.5476036000036,690.5476036000036,694.5341988,694.5342139999993,694.5342324000085,,,,,sphynx_13,1,2026-07-03_17h54.43.062,Practice Trials - SYMBIOTIK graphs_2023,2024.1.0,,2026-07-03 17h55.02.843876 +0200,,sphynx_13_Practice Trials - SYMBIOTIK graphs_2023_2026-07-03_17h54.43.062.csv,12,2,non_adapted,,2,True,15.985067999994499,15.985067999994499,Betty,False,2,True,True,False,all adaptation levels,,,,,,,,,
samples/12 node/12_nodes_S00156/no_caption/edge_width_connection_number.png,12.0,2.0,edge_width,Count the number of ATTACK PATTERN nodes connected with at least 1 low confidence edge? (confidence of 1-3).,,Count the number of ATTACK PATTERN nodes connected with at least 1 low confidence edge? (confidence of 1-3).,0.0,16.0,16.0,47.0,694.5516111000034,,,,,,,,,694.5344856000011,694.5516111000034,694.5516111000034,709.5445831000106,709.5445967999985,709.5611882000085,710.5452689000085,710.5453082000022,710.61863550001,710.61863550001,728.5434175000119,4.0,723.8869198000029,0.1923400000086985,728.5459686000104,728.5603611000115,728.5603611000115,732.547223600006,732.5472444000043,732.5472706,,,,,sphynx_13,1,2026-07-03_17h54.43.062,Practice Trials - SYMBIOTIK graphs_2023,2024.1.0,,2026-07-03 17h55.02.843876 +0200,,sphynx_13_Practice Trials - SYMBIOTIK graphs_2023_2026-07-03_17h54.43.062.csv,12,2,semi_adapted,edge_width,4,True,13.268284299992956,13.268284299992956,Betty,False,4,True,True,False,all adaptation levels,,,,,,,,,
samples/12 node/12_nodes_S00075/no_caption/fully_adapted.png,12.0,1.0,fully_adapted,How many nodes have TLP:GREEN?,4.0,How many nodes have TLP:GREEN?,0.0,17.0,17.0,33.0,732.5668921000033,,,,,,,,,732.5476672000077,732.5668921000033,732.5668921000033,747.5618087000039,747.5618226000079,747.5757331000059,748.5627710999979,748.5628113999992,748.6390435000067,748.6390435000067,766.5583815999998,4.0,753.3269835000101,0.2083987999940291,766.5613083000062,766.5746905999986,766.5746905999986,770.5618313000014,770.5618462999992,770.5618666000082,,,,,sphynx_13,1,2026-07-03_17h54.43.062,Practice Trials - SYMBIOTIK graphs_2023,2024.1.0,,2026-07-03 17h55.02.843876 +0200,,sphynx_13_Practice Trials - SYMBIOTIK graphs_2023_2026-07-03_17h54.43.062.csv,12,1,fully_adapted,,4,True,4.687940000003437,4.687940000003437,Betty,False,4,True,True,False,all adaptation levels,,,,,,,,,
samples/12 node/12_nodes_S00024/no_caption/non_adapted.png,12.0,2.0,non_adapted,Count the number of MALWARE nodes with high connection counts (node size 7-10),,Count the number of MALWARE nodes with high connection counts (node size 7-10),0.0,18.0,18.0,30.0,770.5786844000104,,,,,,,,,770.5621133000095,770.5786844000104,770.5786844000104,785.577787000002,785.5778005000029,785.5904772000067,786.5774122000003,786.5774497000093,786.6606451999978,786.6606451999978,804.5733677000098,3.0,800.0001412999991,0.2143998000101419,804.5767087999993,804.592476100006,804.592476100006,808.5623452,808.5623617000092,808.5623831000121,,,,,sphynx_13,1,2026-07-03_17h54.43.062,Practice Trials - SYMBIOTIK graphs_2023,2024.1.0,,2026-07-03 17h55.02.843876 +0200,,sphynx_13_Practice Trials - SYMBIOTIK graphs_2023_2026-07-03_17h54.43.062.csv,12,2,non_adapted,,3,True,13.33949610000127,13.33949610000127,Betty,False,3,True,True,False,all adaptation levels,,,,,,,,,
samples/6 node/6_nodes_S00026/no_caption/non_adapted.png,6.0,2.0,non_adapted,Count the number of ATTACK PATTERN nodes connected with at least 1 low confidence edge? (confidence of 1-3).,,Count the number of ATTACK PATTERN nodes connected with at least 1 low confidence edge? (confidence of 1-3).,0.0,19.0,19.0,7.0,808.5788413000118,,,,,,,,,808.5626443000074,808.5788413000118,808.5788413000118,823.5720426000044,823.5720570999983,823.5884523999994,824.5729282000102,824.5729659000062,824.6498826000025,824.6498826000025,842.5710596999998,1.0,834.7349887000018,0.2084002000046894,842.5735907000053,842.58735110001,842.58735110001,846.5771939000115,846.5772131999984,846.577237999998,,,,,sphynx_13,1,2026-07-03_17h54.43.062,Practice Trials - SYMBIOTIK graphs_2023,2024.1.0,,2026-07-03 17h55.02.843876 +0200,,sphynx_13_Practice Trials - SYMBIOTIK graphs_2023_2026-07-03_17h54.43.062.csv,6,2,non_adapted,,1,True,10.085106099999393,10.085106099999393,Betty,False,1,True,True,False,all adaptation levels,,,,,,,,,
samples/12 node/12_nodes_S00009/no_caption/non_adapted.png,12.0,1.0,non_adapted,Count the number of nodes with high connection counts (node size 7-10),,Count the number of nodes with high connection counts (node size 7-10),0.0,20.0,20.0,26.0,846.592536600001,,,,,,,,,846.5775016999978,846.592536600001,846.592536600001,861.5895003000041,861.5895166999981,861.6037787000096,862.5876626000099,862.5876999000029,862.669940000007,862.669940000007,880.5857656000007,7.0,871.5512269000028,0.1755931000079726,880.5883590000012,880.6022204000037,880.6022204000037,884.5884495000064,884.5884641000011,884.588482600011,,,,,sphynx_13,1,2026-07-03_17h54.43.062,Practice Trials - SYMBIOTIK graphs_2023,2024.1.0,,2026-07-03 17h55.02.843876 +0200,,sphynx_13_Practice Trials - SYMBIOTIK graphs_2023_2026-07-03_17h54.43.062.csv,12,1,non_adapted,,7,True,8.881286899995757,8.881286899995757,Betty,False,7,True,True,False,all adaptation levels,,,,,,,,,
samples/12 node/12_nodes_S00141/no_caption/nodes_size_value.png,12.0,1.0,size_nodes,Count the number of nodes with high connection counts (node size 7-10),,Count the number of nodes with high connection counts (node size 7-10),0.0,21.0,21.0,42.0,884.6058596000075,,,,,,,,,884.5887302000046,884.6058596000075,884.6058596000075,899.6012475000025,899.6012594000058,899.6182638000028,900.6025383000087,900.602578200007,900.6786089000088,900.6786089000088,918.6003861000064,4.0,905.4146237000097,0.2400949000002583,918.603508900007,918.6187328000088,918.6187328000088,922.5886756000108,922.5886914000002,922.58871180001,,,,,sphynx_13,1,2026-07-03_17h54.43.062,Practice Trials - SYMBIOTIK graphs_2023,2024.1.0,,2026-07-03 17h55.02.843876 +0200,,sphynx_13_Practice Trials - SYMBIOTIK graphs_2023_2026-07-03_17h54.43.062.csv,12,1,semi_adapted,size_nodes,4,True,4.736014800000817,4.736014800000817,Betty,False,4,True,True,False,all adaptation levels,,,,,,,,,
samples/12 node/12_nodes_S00144/no_caption/edge_width_connection_number.png,12.0,1.0,edge_width,How many low confidence (confidence 1-3) edges exist in the graph?,,How many low confidence (confidence 1-3) edges exist in the graph?,0.0,22.0,22.0,43.0,922.6045118000038,,,,,,,,,922.5889625999988,922.6045118000038,922.6045118000038,937.603297900001,937.6033152000018,937.6167605000082,938.6012549000006,938.6012954000034,938.679363800009,938.679363800009,956.5978667000018,3.0,943.4872221000114,0.2557132999936584,956.6003810000112,956.6148753000016,956.6148753000016,960.6014124000068,960.6014271000022,960.6014451000084,,,,,sphynx_13,1,2026-07-03_17h54.43.062,Practice Trials - SYMBIOTIK graphs_2023,2024.1.0,,2026-07-03 17h55.02.843876 +0200,,sphynx_13_Practice Trials - SYMBIOTIK graphs_2023_2026-07-03_17h54.43.062.csv,12,1,semi_adapted,edge_width,3,True,4.807858300002408,4.807858300002408,Betty,False,3,True,True,False,all adaptation levels,,,,,,,,,
samples/6 node/6_nodes_S00137/no_caption/nodes_shape_tlp.png,6.0,2.0,shape_nodes,Count the number of MALWARE nodes connected with at least 1 high confidence edge ( confidence 7-10).,2.0,Count the number of MALWARE nodes connected with at least 1 high confidence edge ( confidence 7-10).,0.0,23.0,23.0,20.0,960.61851320001,,,,,,,,,960.6016877000076,960.61851320001,960.61851320001,975.6137540000054,975.6137682000116,975.6310732999992,976.6152433000098,976.615283200008,976.692396700004,976.692396700004,994.6132160999988,2.0,984.0548944000038,0.256427900007111,994.6162383000046,994.631667900001,994.631667900001,998.616024700008,998.6160386999982,998.6160573000088,,,,,sphynx_13,1,2026-07-03_17h54.43.062,Practice Trials - SYMBIOTIK graphs_2023,2024.1.0,,2026-07-03 17h55.02.843876 +0200,,sphynx_13_Practice Trials - SYMBIOTIK graphs_2023_2026-07-03_17h54.43.062.csv,6,2,semi_adapted,shape_nodes,2,True,7.362497699999835,7.362497699999835,Betty,False,2,True,True,False,all adaptation levels,,,,,,,,,
samples/6 node/6_nodes_S00074/no_caption/fully_adapted.png,6.0,1.0,fully_adapted,How many low confidence (confidence 1-3) edges exist in the graph?,,How many low confidence (confidence 1-3) edges exist in the graph?,0.0,24.0,24.0,11.0,998.6332417000084,,,,,,,,,998.6163162000012,998.6332417000084,998.6332417000084,1013.6286451000052,1013.628660500006,1013.6453075000028,1014.62963760001,1014.6296775000084,1014.707220100012,1014.707220100012,1032.6276960000105,2.0,1017.2470426000071,0.2312493999925209,1032.6301699000032,1032.6443130000116,1032.6443130000116,1036.633755700008,1036.6337707000057,1216.6296885000047,1036.668161900001,,,,sphynx_13,1,2026-07-03_17h54.43.062,Practice Trials - SYMBIOTIK graphs_2023,2024.1.0,,2026-07-03 17h55.02.843876 +0200,,sphynx_13_Practice Trials - SYMBIOTIK graphs_2023_2026-07-03_17h54.43.062.csv,6,1,fully_adapted,,2,True,2.5398224999951253,2.5398224999951253,Betty,False,2,True,True,False,all adaptation levels,,,,,,,,,
samples/6 node/6_nodes_S00080/no_caption/fully_adapted.png,6.0,2.0,fully_adapted,Count the number of nodes with TLP:RED connected to at least 1 node with high connection count (node size 7-10).,1.0,Count the number of nodes with TLP:RED connected to at least 1 node with high connection count (node size 7-10).,0.0,25.0,25.0,13.0,1216.6469974000065,,,,,,,,,1216.630023900012,1216.6469974000065,1216.6469974000065,1231.6246166000055,1231.6246302000072,1231.641559900003,1232.625915800003,1232.6259541000036,1232.703225600009,1232.703225600009,1250.6239543999982,2.0,1238.0222091000032,0.2883132999995723,1250.6267166000034,1250.6413571000012,1250.6413571000012,1254.6275105000095,1254.6275244999997,1254.6275450000103,,,,,sphynx_13,1,2026-07-03_17h54.43.062,Practice Trials - SYMBIOTIK graphs_2023,2024.1.0,,2026-07-03 17h55.02.843876 +0200,,sphynx_13_Practice Trials - SYMBIOTIK graphs_2023_2026-07-03_17h54.43.062.csv,6,2,fully_adapted,,2,True,5.318983499994147,5.318983499994147,Betty,False,1,True,False,False,all adaptation levels,,,,,,,,,
samples/6 node/6_nodes_S00134/no_caption/edge_width_connection_number.png,6.0,1.0,edge_width,How many low confidence (confidence 1-3) edges exist in the graph?,,How many low confidence (confidence 1-3) edges exist in the graph?,0.0,26.0,26.0,19.0,1254.6442613000108,,,,,,,,,1254.627791100007,1254.6442613000108,1254.6442613000108,1269.639585900004,1269.639600200011,1269.6561268000078,1270.6407727000042,1270.640819600012,1270.719227900001,1270.719227900001,1288.638561700005,3.0,1273.7662054000102,0.2803937999997288,1288.6410761000006,1288.6550350000034,1288.6550350000034,1292.6420966000003,1292.6421124000044,1292.642133900008,,,,,sphynx_13,1,2026-07-03_17h54.43.062,Practice Trials - SYMBIOTIK graphs_2023,2024.1.0,,2026-07-03 17h55.02.843876 +0200,,sphynx_13_Practice Trials - SYMBIOTIK graphs_2023_2026-07-03_17h54.43.062.csv,6,1,semi_adapted,edge_width,3,True,3.046977500009234,3.046977500009234,Betty,False,3,True,True,False,all adaptation levels,,,,,,,,,
samples/12 node/12_nodes_S00093/no_caption/fully_adapted.png,12.0,2.0,fully_adapted,Count the number of MALWARE nodes with high connection counts (node size 7-10),,Count the number of MALWARE nodes with high connection counts (node size 7-10),0.0,27.0,27.0,38.0,1292.658718000006,,,,,,,,,1292.642557900006,1292.658718000006,1292.658718000006,1307.6553136000002,1307.6553279000073,1307.6713995000027,1308.6556336000067,1308.6556811000046,1308.7311854,1308.7311854,1326.6578125000087,1.0,1317.5183823000116,0.2802093999926001,1326.6615889000095,1326.6715684000085,1326.6715684000085,1330.6565654000003,1330.656579500006,1330.656610200007,,,,,sphynx_13,1,2026-07-03_17h54.43.062,Practice Trials - SYMBIOTIK graphs_2023,2024.1.0,,2026-07-03 17h55.02.843876 +0200,,sphynx_13_Practice Trials - SYMBIOTIK graphs_2023_2026-07-03_17h54.43.062.csv,12,2,fully_adapted,,1,True,8.787196900011622,8.787196900011622,Betty,False,1,True,True,False,all adaptation levels,,,,,,,,,
samples/12 node/12_nodes_S00081/no_caption/fully_adapted.png,12.0,1.0,fully_adapted,Count the number of nodes with high connection counts (node size 7-10),,Count the number of nodes with high connection counts (node size 7-10),0.0,28.0,28.0,34.0,1330.673341200003,,,,,,,,,1330.656933300008,1330.673341200003,1330.673341200003,1345.6693558999978,1345.6693696000002,1345.6858368000103,1346.670211100005,1346.6702491000033,1346.745950100012,1346.745950100012,1364.6681890000036,7.0,1354.9819792000053,0.240140900001279,1364.6714011000004,1364.6871873000057,1364.6871873000057,1368.658513900009,1368.6585312000095,1368.6585518000063,,,,,sphynx_13,1,2026-07-03_17h54.43.062,Practice Trials - SYMBIOTIK graphs_2023,2024.1.0,,2026-07-03 17h55.02.843876 +0200,,sphynx_13_Practice Trials - SYMBIOTIK graphs_2023_2026-07-03_17h54.43.062.csv,12,1,fully_adapted,,7,True,8.236029099993402,8.236029099993402,Betty,False,7,True,True,False,all adaptation levels,,,,,,,,,
samples/12 node/12_nodes_S00003/no_caption/non_adapted.png,12.0,1.0,non_adapted,How many CYBER OBSERVABLE nodes are in the graph?,4.0,How many CYBER OBSERVABLE nodes are in the graph?,0.0,29.0,29.0,24.0,1368.674041700011,,,,,,,,,1368.658821600009,1368.674041700011,1368.674041700011,1383.666700300004,1383.6667139000056,1383.6837914000062,1384.667636500002,1384.6676740000112,1384.7462116000097,1384.7462116000097,1402.666663199998,4.0,1392.255238099999,0.2470749000058276,1402.670279500002,1402.6857777000114,1402.6857777000114,1406.6691448000056,1406.669163300001,1406.6691877999983,,,,,sphynx_13,1,2026-07-03_17h54.43.062,Practice Trials - SYMBIOTIK graphs_2023,2024.1.0,,2026-07-03 17h55.02.843876 +0200,,sphynx_13_Practice Trials - SYMBIOTIK graphs_2023_2026-07-03_17h54.43.062.csv,12,1,non_adapted,,4,True,7.509026499989204,7.509026499989204,Betty,False,4,True,True,False,all adaptation levels,,,,,,,,,
samples/12 node/12_nodes_S00006/no_caption/non_adapted.png,12.0,1.0,non_adapted,How many nodes have TLP:GREEN?,1.0,How many nodes have TLP:GREEN?,0.0,30.0,30.0,25.0,1406.6859670000122,,,,,,,,,1406.669470599998,1406.6859670000122,1406.6859670000122,1421.6816231999985,1421.681637600006,1421.6982061000017,1422.6825624000048,1422.6826020000008,1422.761237800005,1422.761237800005,1440.6803439000068,1.0,1431.2461131000018,0.2481350000016391,1440.6837335000018,1440.6972634999984,1440.6972634999984,1444.6842152000029,1444.684242000003,1444.684267100005,,,,,sphynx_13,1,2026-07-03_17h54.43.062,Practice Trials - SYMBIOTIK graphs_2023,2024.1.0,,2026-07-03 17h55.02.843876 +0200,,sphynx_13_Practice Trials - SYMBIOTIK graphs_2023_2026-07-03_17h54.43.062.csv,12,1,non_adapted,,1,True,8.48487529999693,8.48487529999693,Betty,False,1,True,True,False,all adaptation levels,,,,,,,,,
samples/12 node/12_nodes_S00087/no_caption/fully_adapted.png,12.0,2.0,fully_adapted,Count the number of MALWARE nodes connected with at least 1 high confidence edge ( confidence 7-10).,3.0,Count the number of MALWARE nodes connected with at least 1 high confidence edge ( confidence 7-10).,0.0,31.0,31.0,36.0,1444.7028646000108,,,,,,,,,1444.6846038000076,1444.7028646000108,1444.7028646000108,1459.6969599000004,1459.6969764000096,1459.7128874000043,1460.697534100007,1460.697576000006,1460.7852620000049,1460.7852620000049,1478.6957256000023,3.0,1470.9516710000023,0.2870260000054259,1478.698874900001,1478.711411100012,1478.711411100012,1482.6981702000048,1482.698184000008,1482.6982037999987,,,,,sphynx_13,1,2026-07-03_17h54.43.062,Practice Trials - SYMBIOTIK graphs_2023,2024.1.0,,2026-07-03 17h55.02.843876 +0200,,sphynx_13_Practice Trials - SYMBIOTIK graphs_2023_2026-07-03_17h54.43.062.csv,12,2,fully_adapted,,3,True,10.16640899999743,10.16640899999743,Betty,False,3,True,True,False,all adaptation levels,,,,,,,,,
samples/6 node/6_nodes_S00014/no_caption/non_adapted.png,6.0,1.0,non_adapted,How many low confidence (confidence 1-3) edges exist in the graph?,,How many low confidence (confidence 1-3) edges exist in the graph?,0.0,32.0,32.0,3.0,1482.7151105000084,,,,,,,,,1482.698443100002,1482.7151105000084,1482.7151105000084,1497.7112714000104,1497.7112873000003,1497.7276752000034,1498.711979700005,1498.7120186000102,1498.7895372000055,1498.7895372000055,1516.7101472000068,3.0,1503.4457748999994,0.240570200010552,1516.712625600005,1516.7270212000003,1516.7270212000003,1520.7132270000002,1520.713241400008,1520.713261900004,,,,,sphynx_13,1,2026-07-03_17h54.43.062,Practice Trials - SYMBIOTIK graphs_2023,2024.1.0,,2026-07-03 17h55.02.843876 +0200,,sphynx_13_Practice Trials - SYMBIOTIK graphs_2023_2026-07-03_17h54.43.062.csv,6,1,non_adapted,,3,True,4.656237699993881,4.656237699993881,Betty,False,3,True,True,False,all adaptation levels,,,,,,,,,
samples/6 node/6_nodes_S00065/no_caption/fully_adapted.png,6.0,1.0,fully_adapted,How many CYBER OBSERVABLE nodes are in the graph?,2.0,How many CYBER OBSERVABLE nodes are in the graph?,0.0,33.0,33.0,8.0,1520.7314157000071,,,,,,,,,1520.7135081000015,1520.7314157000071,1520.7314157000071,1535.7252141000065,1535.725228700001,1535.7424318999983,1536.7265618000092,1536.726602300012,1536.8010317000007,1536.8010317000007,1554.725210900011,2.0,1541.0943700000062,0.3205031999968923,1554.7291515000106,1554.7458029000118,1554.7458029000118,1558.730471200004,1558.730486300003,1558.730506500011,,,,,sphynx_13,1,2026-07-03_17h54.43.062,Practice Trials - SYMBIOTIK graphs_2023,2024.1.0,,2026-07-03 17h55.02.843876 +0200,,sphynx_13_Practice Trials - SYMBIOTIK graphs_2023_2026-07-03_17h54.43.062.csv,6,1,fully_adapted,,2,True,4.293338300005416,4.293338300005416,Betty,False,2,True,True,False,all adaptation levels,,,,,,,,,
samples/12 node/12_nodes_S00096/no_caption/fully_adapted.png,12.0,2.0,fully_adapted,Count the number of ATTACK PATTERN nodes connected with at least 1 low confidence edge? (confidence of 1-3).,,Count the number of ATTACK PATTERN nodes connected with at least 1 low confidence edge? (confidence of 1-3).,0.0,34.0,34.0,39.0,1558.7472076999984,,,,,,,,,1558.730766000008,1558.7472076999984,1558.7472076999984,1573.740258500009,1573.7402722000115,1573.7565952000004,1574.7406772000104,1574.740715100008,1574.8241704000102,1574.8241704000102,1592.7390491000117,4.0,1583.527284900003,0.2701784999953815,1592.741618,1592.7560652000102,1592.7560652000102,1596.7429859000113,1596.7430029000095,1596.7430228000012,,,,,sphynx_13,1,2026-07-03_17h54.43.062,Practice Trials - SYMBIOTIK graphs_2023,2024.1.0,,2026-07-03 17h55.02.843876 +0200,,sphynx_13_Practice Trials - SYMBIOTIK graphs_2023_2026-07-03_17h54.43.062.csv,12,2,fully_adapted,,4,True,8.703114499992807,8.703114499992807,Betty,False,4,True,True,False,all adaptation levels,,,,,,,,,
samples/6 node/6_nodes_S00140/no_caption/nodes_color_type.png,6.0,2.0,color_nodes,Count the number of nodes with TLP:RED connected to at least 1 node with high connection count (node size 7-10).,0.0,Count the number of nodes with TLP:RED connected to at least 1 node with high connection count (node size 7-10).,0.0,35.0,35.0,21.0,1596.7619450000057,,,,,,,,,1596.7433175000042,1596.7619450000057,1596.7619450000057,1611.754974399999,1611.7549897999995,1611.7712428000086,1612.755595300012,1612.7556384000054,1612.8357836000068,1612.8357836000068,1630.7540013000107,0.0,1619.166595600007,0.2874245999992126,1630.7571953000006,1630.7731772999978,1630.7731772999978,1634.75722330001,1634.757238300008,1634.7572583,,,,,sphynx_13,1,2026-07-03_17h54.43.062,Practice Trials - SYMBIOTIK graphs_2023,2024.1.0,,2026-07-03 17h55.02.843876 +0200,,sphynx_13_Practice Trials - SYMBIOTIK graphs_2023_2026-07-03_17h54.43.062.csv,6,2,semi_adapted,color_nodes,0,True,6.330812000000151,6.330812000000151,Betty,False,0,True,True,False,all adaptation levels,,,,,,,,,
samples/6 node/6_nodes_S00005/no_caption/non_adapted.png,6.0,1.0,non_adapted,How many nodes have TLP:GREEN?,3.0,How many nodes have TLP:GREEN?,0.0,36.0,36.0,1.0,1634.7735028000025,,,,,,,,,1634.7575090000028,1634.7735028000025,1634.7735028000025,1649.769631800009,1649.769646300003,1649.7866547000012,1650.7701942999993,1650.770234399999,1650.845033900012,1650.845033900012,1668.772616000002,3.0,1656.9986449999997,0.1836164000123972,1668.7754085000051,1668.7855351000037,1668.7855351000037,1672.7715790000077,1672.7715929000117,1672.7716115000076,,,,,sphynx_13,1,2026-07-03_17h54.43.062,Practice Trials - SYMBIOTIK graphs_2023,2024.1.0,,2026-07-03 17h55.02.843876 +0200,,sphynx_13_Practice Trials - SYMBIOTIK graphs_2023_2026-07-03_17h54.43.062.csv,6,1,non_adapted,,3,True,6.1536110999877565,6.1536110999877565,Betty,False,3,True,True,False,all adaptation levels,,,,,,,,,
samples/6 node/6_nodes_S00125/no_caption/nodes_shape_tlp.png,6.0,1.0,shape_nodes,How many CYBER OBSERVABLE nodes are in the graph?,2.0,How many CYBER OBSERVABLE nodes are in the graph?,0.0,37.0,37.0,16.0,1672.7884366000071,,,,,,,,,1672.7718524000084,1672.7884366000071,1672.7884366000071,1687.7868805000037,1687.7868947000095,1687.8011490000065,1688.7883170999994,1688.7883598000044,1688.868669200005,1688.868669200005,1706.787693700011,2.0,1691.5741099000006,0.2314392999978736,1706.790469600004,1706.801837200008,1706.801837200008,1710.7865716000088,1710.7865886000072,1710.786607300004,,,,,sphynx_13,1,2026-07-03_17h54.43.062,Practice Trials - SYMBIOTIK graphs_2023,2024.1.0,,2026-07-03 17h55.02.843876 +0200,,sphynx_13_Practice Trials - SYMBIOTIK graphs_2023_2026-07-03_17h54.43.062.csv,6,1,semi_adapted,shape_nodes,2,True,2.7054406999957337,2.7054406999957337,Betty,False,2,True,True,False,all adaptation levels,,,,,,,,,
samples/12 node/12_nodes_S00150/no_caption/nodes_color_type.png,12.0,2.0,color_nodes,Count the number of nodes with TLP:RED connected to at least 1 node with high connection count (node size 7-10).,6.0,Count the number of nodes with TLP:RED connected to at least 1 node with high connection count (node size 7-10).,0.0,38.0,38.0,45.0,1710.803134700007,,,,,,,,,1710.7868817999988,1710.803134700007,1710.803134700007,1725.7992706000075,1725.7993004000018,1725.8180826000023,1726.799285400004,1726.799328699999,1726.883437100012,1726.883437100012,1744.7978101000044,3.0,1734.8375609000068,0.280101199998171,1744.8005010000052,1744.8143489000067,1744.8143489000067,1748.801409000007,1748.801424600009,1748.8014442999993,,,,,sphynx_13,1,2026-07-03_17h54.43.062,Practice Trials - SYMBIOTIK graphs_2023,2024.1.0,,2026-07-03 17h55.02.843876 +0200,,sphynx_13_Practice Trials - SYMBIOTIK graphs_2023_2026-07-03_17h54.43.062.csv,12,2,semi_adapted,color_nodes,3,True,7.954123799994704,7.954123799994704,Betty,False,6,True,False,False,all adaptation levels,,,,,,,,,
samples/6 node/6_nodes_S00083/no_caption/fully_adapted.png,6.0,2.0,fully_adapted,Count the number of MALWARE nodes with high connection counts (node size 7-10),,Count the number of MALWARE nodes with high connection counts (node size 7-10),0.0,39.0,39.0,14.0,1748.821562099998,,,,,,,,,1748.8017058000114,1748.821562099998,1748.821562099998,1763.8135686000023,1763.8135846000075,1763.830069100004,1764.814489700002,1764.8145303000056,1764.8898898000043,1764.8898898000043,1782.81315110001,1.0,1769.4952331000095,0.2469450999924447,1782.816475400003,1782.8292296,1782.8292296,1786.8025628000032,1786.8025785000063,1786.802599200004,,,,,sphynx_13,1,2026-07-03_17h54.43.062,Practice Trials - SYMBIOTIK graphs_2023,2024.1.0,,2026-07-03 17h55.02.843876 +0200,,sphynx_13_Practice Trials - SYMBIOTIK graphs_2023_2026-07-03_17h54.43.062.csv,6,2,fully_adapted,,1,True,4.605343300005188,4.605343300005188,Betty,False,1,True,True,False,all adaptation levels,,,,,,,,,
samples/6 node/6_nodes_S00017/no_caption/non_adapted.png,6.0,2.0,non_adapted,Count the number of MALWARE nodes connected with at least 1 high confidence edge ( confidence 7-10).,1.0,Count the number of MALWARE nodes connected with at least 1 high confidence edge ( confidence 7-10).,0.0,40.0,40.0,4.0,1786.8184908000112,,,,,,,,,1786.8028743000032,1786.8184908000112,1786.8184908000112,1801.8143918999997,1801.8144073000003,1801.8281197000035,1802.8123063000091,1802.8123454000013,1802.8908249000087,1802.8908249000087,1820.810185300012,1.0,1813.006105600012,0.263075699986075,1820.8127099999983,1820.826504800003,1820.826504800003,1824.813833799999,1824.813848100006,1824.813866700002,,,,,sphynx_13,1,2026-07-03_17h54.43.062,Practice Trials - SYMBIOTIK graphs_2023,2024.1.0,,2026-07-03 17h55.02.843876 +0200,,sphynx_13_Practice Trials - SYMBIOTIK graphs_2023_2026-07-03_17h54.43.062.csv,6,2,non_adapted,,1,True,10.115280700003268,10.115280700003268,Betty,False,1,True,True,False,all adaptation levels,,,,,,,,,
samples/6 node/6_nodes_S00020/no_caption/non_adapted.png,6.0,2.0,non_adapted,Count the number of nodes with TLP:RED connected to at least 1 node with high connection count (node size 7-10).,2.0,Count the number of nodes with TLP:RED connected to at least 1 node with high connection count (node size 7-10).,0.0,41.0,41.0,5.0,1824.8317798000064,,,,,,,,,1824.8141222999984,1824.8317798000064,1824.8317798000064,1839.8261420000051,1839.8261553000048,1839.8425193000005,1840.8266974,1840.826737200012,1840.902889200006,1840.902889200006,1858.825194200006,3.0,1852.5256176000112,0.2412188999878708,1858.827836700002,1858.841904800007,1858.841904800007,1862.829029200002,1862.8290430000047,1862.829062100005,,,,,sphynx_13,1,2026-07-03_17h54.43.062,Practice Trials - SYMBIOTIK graphs_2023,2024.1.0,,2026-07-03 17h55.02.843876 +0200,,sphynx_13_Practice Trials - SYMBIOTIK graphs_2023_2026-07-03_17h54.43.062.csv,6,2,non_adapted,,3,True,11.622728400005144,11.622728400005144,Betty,False,2,True,False,False,all adaptation levels,,,,,,,,,
samples/6 node/6_nodes_S00086/no_caption/fully_adapted.png,6.0,2.0,fully_adapted,Count the number of ATTACK PATTERN nodes connected with at least 1 low confidence edge? (confidence of 1-3).,,Count the number of ATTACK PATTERN nodes connected with at least 1 low confidence edge? (confidence of 1-3).,0.0,42.0,42.0,15.0,1862.8449366999996,,,,,,,,,1862.8293182000048,1862.8449366999996,1862.8449366999996,1877.840958400004,1877.8409732,1877.8575629999975,1878.8416327000011,1878.8416729000016,1878.9204471999983,1878.9204471999983,1896.840336300011,0.0,1884.7101961000008,0.3429074000014225,1896.8427882000103,1896.8568252000116,1896.8568252000116,1900.8435883000056,1900.8436084999996,1900.8436353,,,,,sphynx_13,1,2026-07-03_17h54.43.062,Practice Trials - SYMBIOTIK graphs_2023,2024.1.0,,2026-07-03 17h55.02.843876 +0200,,sphynx_13_Practice Trials - SYMBIOTIK graphs_2023_2026-07-03_17h54.43.062.csv,6,2,fully_adapted,,0,True,5.789748900002451,5.789748900002451,Betty,False,0,True,True,False,all adaptation levels,,,,,,,,,
samples/6 node/6_nodes_S00071/no_caption/fully_adapted.png,6.0,1.0,fully_adapted,Count the number of nodes with high connection counts (node size 7-10),,Count the number of nodes with high connection counts (node size 7-10),0.0,43.0,43.0,10.0,1900.864431599999,,,,,,,,,1900.844015499999,1900.864431599999,1900.864431599999,1915.85595930001,1915.855972900012,1915.8741741999984,1916.8587233,1916.8587673,1916.9366911000104,1916.9366911000104,1934.8549139000097,1.0,1920.286055100005,0.2966924000065774,1934.8574862000096,1934.870836300004,1934.870836300004,1938.8579457000012,1938.8579648000011,1938.8579847000076,,,,,sphynx_13,1,2026-07-03_17h54.43.062,Practice Trials - SYMBIOTIK graphs_2023,2024.1.0,,2026-07-03 17h55.02.843876 +0200,,sphynx_13_Practice Trials - SYMBIOTIK graphs_2023_2026-07-03_17h54.43.062.csv,6,1,fully_adapted,,1,True,3.349363999994466,3.349363999994466,Betty,False,1,True,True,False,all adaptation levels,,,,,,,,,
samples/6 node/6_nodes_S00002/no_caption/non_adapted.png,6.0,1.0,non_adapted,How many CYBER OBSERVABLE nodes are in the graph?,5.0,How many CYBER OBSERVABLE nodes are in the graph?,0.0,44.0,44.0,0.0,1938.875873099998,,,,,,,,,1938.858258200009,1938.875873099998,1938.875873099998,1953.8699710000076,1953.8699859000044,1953.8868757000016,1954.8713558000015,1954.8713946000064,1954.955459600009,1954.955459600009,1972.869143200005,5.0,1961.189082099998,0.2484631000115769,1972.8716300000087,1972.8856996000104,1972.8856996000104,1976.8748354999989,1976.8748497000047,1976.8748866000096,,,,,sphynx_13,1,2026-07-03_17h54.43.062,Practice Trials - SYMBIOTIK graphs_2023,2024.1.0,,2026-07-03 17h55.02.843876 +0200,,sphynx_13_Practice Trials - SYMBIOTIK graphs_2023_2026-07-03_17h54.43.062.csv,6,1,non_adapted,,5,True,6.233622499988996,6.233622499988996,Betty,False,5,True,True,False,all adaptation levels,,,,,,,,,
samples/12 node/12_nodes_S00090/no_caption/fully_adapted.png,12.0,2.0,fully_adapted,Count the number of nodes with TLP:RED connected to at least 1 node with high connection count (node size 7-10).,1.0,Count the number of nodes with TLP:RED connected to at least 1 node with high connection count (node size 7-10).,0.0,45.0,45.0,37.0,1976.8915191999984,,,,,,,,,1976.8751837000016,1976.8915191999984,1976.8915191999984,1991.8851914999975,1991.885205300001,1991.9014721999995,1992.8854063000035,1992.8854445000036,1992.969380800001,1992.969380800001,2010.8845472000105,1.0,2004.4934737000003,0.232141300002695,2010.8870288000037,2010.9007183000067,2010.9007183000067,2014.8875974000111,2014.8876136000035,2014.887633800012,,,,,sphynx_13,1,2026-07-03_17h54.43.062,Practice Trials - SYMBIOTIK graphs_2023,2024.1.0,,2026-07-03 17h55.02.843876 +0200,,sphynx_13_Practice Trials - SYMBIOTIK graphs_2023_2026-07-03_17h54.43.062.csv,12,2,fully_adapted,,1,True,11.524092899999232,11.524092899999232,Betty,False,1,True,True,False,all adaptation levels,,,,,,,,,
samples/12 node/12_nodes_S00153/no_caption/nodes_size_value.png,12.0,2.0,size_nodes,Count the number of MALWARE nodes with high connection counts (node size 7-10),,Count the number of MALWARE nodes with high connection counts (node size 7-10),0.0,46.0,46.0,46.0,2014.908561500008,,,,,,,,,2014.8880230000068,2014.908561500008,2014.908561500008,2029.8991611000088,2029.899176100007,2029.915907100003,2030.9002760000003,2030.9003130000056,2030.9886279000057,2030.9886279000057,2048.898491300002,1.0,2039.2056982000067,0.3038483999989694,2048.900999400008,2048.9146317000123,2048.9146317000123,2052.901942700002,2052.9019587000075,2052.9019782000105,,,,,sphynx_13,1,2026-07-03_17h54.43.062,Practice Trials - SYMBIOTIK graphs_2023,2024.1.0,,2026-07-03 17h55.02.843876 +0200,,sphynx_13_Practice Trials - SYMBIOTIK graphs_2023_2026-07-03_17h54.43.062.csv,12,2,semi_adapted,size_nodes,1,True,8.217070300001069,8.217070300001069,Betty,False,1,True,True,False,all adaptation levels,,,,,,,,,
samples/12 node/12_nodes_S00135/no_caption/nodes_shape_tlp.png,12.0,1.0,shape_nodes,How many CYBER OBSERVABLE nodes are in the graph?,4.0,How many CYBER OBSERVABLE nodes are in the graph?,0.0,47.0,47.0,40.0,2052.921302700008,,,,,,,,,2052.9022348,2052.921302700008,2052.921302700008,2067.9022837000084,2067.9022995999985,2067.914453600009,2068.898686100001,2068.898728800006,2068.9859334000066,2068.9859334000066,2086.9137832999986,4.0,2074.7250355,0.2398782000091159,2086.917182100005,2086.93028890001,2086.93028890001,2090.917771799999,2090.9177892000007,2090.9178084000014,,,,,sphynx_13,1,2026-07-03_17h54.43.062,Practice Trials - SYMBIOTIK graphs_2023,2024.1.0,,2026-07-03 17h55.02.843876 +0200,,sphynx_13_Practice Trials - SYMBIOTIK graphs_2023_2026-07-03_17h54.43.062.csv,12,1,semi_adapted,shape_nodes,4,True,5.739102099993488,5.739102099993488,Betty,False,4,True,True,False,all adaptation levels,,,2068.9859334000066,,,,,,
samples/6 node/6_nodes_S00023/no_caption/non_adapted.png,6.0,2.0,non_adapted,Count the number of MALWARE nodes with high connection counts (node size 7-10),,Count the number of MALWARE nodes with high connection counts (node size 7-10),0.0,0.0,0.0,6.0,117.07324759999756,,,,,,,,,117.01803629999633,117.07324759999756,117.07324759999756,132.02136720001,132.02139520001947,132.03774990001693,133.0226013000065,133.02265080000507,133.11973589999252,133.11973589999252,151.02041699999245,n,146.09771380000166,0.0956118000030983,151.02673179999692,151.0512202999962,151.0512202999962,155.02354860000196,155.02358000000822,155.02364170001238,,,,,sphynx_3,1,2026-06-18_20h30.46.859,Practice Trials - SYMBIOTIK graphs_2023,2024.1.0,,2026-06-18 20h31.01.537053 +0200,,sphynx_3_Practice Trials - SYMBIOTIK graphs_2023_2026-06-18_20h30.46.859.csv,6,2,non_adapted,,,False,,,eirini,False,0,True,False,False,all adaptation levels,,,,,,,,,
samples/12 node/12_nodes_S00018/no_caption/non_adapted.png,12.0,2.0,non_adapted,Count the number of nodes with TLP:RED connected to at least 1 node with high connection count (node size 7-10).,3.0,Count the number of nodes with TLP:RED connected to at least 1 node with high connection count (node size 7-10).,0.0,1.0,1.0,29.0,155.0635680000123,,,,,,,,,155.02426810000907,155.0635680000123,155.0635680000123,170.03592230001232,170.03594040000462,170.05266459999257,171.03695919999154,171.03703350000433,171.13071590001346,171.13071590001346,189.03477520000888,2,187.96175340001355,0.0872285999939777,189.0374446999922,189.0515002000029,189.0515002000029,193.0386784000148,193.03869159999888,193.03870950001877,,,,,sphynx_3,1,2026-06-18_20h30.46.859,Practice Trials - SYMBIOTIK graphs_2023,2024.1.0,,2026-06-18 20h31.01.537053 +0200,,sphynx_3_Practice Trials - SYMBIOTIK graphs_2023_2026-06-18_20h30.46.859.csv,12,2,non_adapted,,2,True,16.831037500000093,16.831037500000093,eirini,False,3,True,False,False,all adaptation levels,,,,,,,,,
samples/12 node/12_nodes_S00147/no_caption/nodes_shape_tlp.png,12.0,2.0,shape_nodes,Count the number of MALWARE nodes connected with at least 1 high confidence edge ( confidence 7-10).,2.0,Count the number of MALWARE nodes connected with at least 1 high confidence edge ( confidence 7-10).,0.0,2.0,2.0,44.0,193.05721020000053,,,,,,,,,193.0389520000026,193.05721020000053,193.05721020000053,208.0509686000005,208.0509951999993,208.06736929999897,209.0514838999952,209.0515650000016,209.16366059999564,209.16366059999564,227.04948750001492,,,,227.05724439999904,227.0701038000116,227.0701038000116,231.05283390000116,231.0528697000118,231.05293550001807,,,,,sphynx_3,1,2026-06-18_20h30.46.859,Practice Trials - SYMBIOTIK graphs_2023,2024.1.0,,2026-06-18 20h31.01.537053 +0200,,sphynx_3_Practice Trials - SYMBIOTIK graphs_2023_2026-06-18_20h30.46.859.csv,12,2,semi_adapted,shape_nodes,,False,,,eirini,False,2,True,False,False,all adaptation levels,,,,,,,,,
samples/6 node/6_nodes_S00068/no_caption/fully_adapted.png,6.0,1.0,fully_adapted,How many nodes have TLP:GREEN?,5.0,How many nodes have TLP:GREEN?,0.0,3.0,3.0,9.0,231.08742029999848,,,,,,,,,231.05364600001485,231.08742029999848,231.08742029999848,246.0652936999977,246.06532540000623,246.0821274000045,247.06588969999572,247.0659312999924,247.1530741000024,247.1530741000024,265.06904100000975,5,252.72986510000192,0.1034295000135898,265.0733925999957,265.0972912000143,265.0972912000143,269.069688699994,269.06970849999925,269.06973670001025,,,,,sphynx_3,1,2026-06-18_20h30.46.859,Practice Trials - SYMBIOTIK graphs_2023,2024.1.0,,2026-06-18 20h31.01.537053 +0200,,sphynx_3_Practice Trials - SYMBIOTIK graphs_2023_2026-06-18_20h30.46.859.csv,6,1,fully_adapted,,5,True,5.576790999999503,5.576790999999503,eirini,False,5,True,True,False,all adaptation levels,,,,,,,,,
samples/6 node/6_nodes_S00143/no_caption/nodes_size_value.png,6.0,2.0,size_nodes,Count the number of MALWARE nodes with high connection counts (node size 7-10),,Count the number of MALWARE nodes with high connection counts (node size 7-10),0.0,4.0,4.0,22.0,269.08797459999914,,,,,,,,,269.0701528000063,269.08797459999914,269.08797459999914,284.08005960000446,284.0800753000076,284.09659510001075,285.0825228000176,285.08261040001526,285.18439020001097,285.18439020001097,303.07863920001546,2,300.00879089999944,0.0976582000148482,303.0863826000132,303.1039914000139,303.1039914000139,307.08234160000575,307.0823590999935,307.08238430001074,,,,,sphynx_3,1,2026-06-18_20h30.46.859,Practice Trials - SYMBIOTIK graphs_2023,2024.1.0,,2026-06-18 20h31.01.537053 +0200,,sphynx_3_Practice Trials - SYMBIOTIK graphs_2023_2026-06-18_20h30.46.859.csv,6,2,semi_adapted,size_nodes,2,True,14.824400699988473,14.824400699988473,eirini,False,2,True,True,False,all adaptation levels,,,,,,,,,
samples/6 node/6_nodes_S00077/no_caption/fully_adapted.png,6.0,2.0,fully_adapted,Count the number of MALWARE nodes connected with at least 1 high confidence edge ( confidence 7-10).,0.0,Count the number of MALWARE nodes connected with at least 1 high confidence edge ( confidence 7-10).,0.0,5.0,5.0,12.0,307.09882690000813,,,,,,,,,307.0827200000058,307.09882690000813,307.09882690000813,322.0969599999953,322.0970229000086,322.114293599996,323.095764800004,323.0958193000115,323.1806857000047,323.1806857000047,341.0936378000188,n,329.7215916000132,0.0880198999948334,341.1011972000124,341.13094980001915,341.13094980001915,345.09703490001266,345.0970490000036,345.0970670999959,,,,,sphynx_3,1,2026-06-18_20h30.46.859,Practice Trials - SYMBIOTIK graphs_2023,2024.1.0,,2026-06-18 20h31.01.537053 +0200,,sphynx_3_Practice Trials - SYMBIOTIK graphs_2023_2026-06-18_20h30.46.859.csv,6,2,fully_adapted,,,False,,,eirini,False,0,True,False,False,all adaptation levels,,,,,,,,,
samples/12 node/12_nodes_S00027/no_caption/non_adapted.png,12.0,2.0,non_adapted,Count the number of ATTACK PATTERN nodes connected with at least 1 low confidence edge? (confidence of 1-3).,,Count the number of ATTACK PATTERN nodes connected with at least 1 low confidence edge? (confidence of 1-3).,0.0,6.0,6.0,31.0,345.1174849999952,,,,,,,,,345.09731169999577,345.1174849999952,345.1174849999952,360.10883149999427,360.10884580001584,360.12596180001856,361.1101257000119,361.11019710000255,361.2043252000003,361.2043252000003,379.1089928000001,2,375.0657864999957,0.1033789000066462,379.1128890000109,379.1263731000072,379.1263731000072,383.1119103000092,383.11192540000775,383.1119446000084,,,,,sphynx_3,1,2026-06-18_20h30.46.859,Practice Trials - SYMBIOTIK graphs_2023,2024.1.0,,2026-06-18 20h31.01.537053 +0200,,sphynx_3_Practice Trials - SYMBIOTIK graphs_2023_2026-06-18_20h30.46.859.csv,12,2,non_adapted,,2,True,13.86146129999537,13.86146129999537,eirini,False,5,True,False,False,all adaptation levels,,,,,,,,,
samples/6 node/6_nodes_S00131/no_caption/nodes_size_value.png,6.0,1.0,size_nodes,Count the number of nodes with high connection counts (node size 7-10),,Count the number of nodes with high connection counts (node size 7-10),0.0,7.0,7.0,18.0,383.1309435000003,,,,,,,,,383.11220719999983,383.1309435000003,383.1309435000003,398.1266580999945,398.12667820000206,398.1413998999924,399.12509790001786,399.1251359000162,399.2121766000055,399.2121766000055,417.1227742000192,3,405.7608518000052,0.112664299987955,417.1306134000188,417.15532409999287,417.15532409999287,421.12634449999314,421.1263583000109,421.1263774000108,,,,,sphynx_3,1,2026-06-18_20h30.46.859,Practice Trials - SYMBIOTIK graphs_2023,2024.1.0,,2026-06-18 20h31.01.537053 +0200,,sphynx_3_Practice Trials - SYMBIOTIK graphs_2023_2026-06-18_20h30.46.859.csv,6,1,semi_adapted,size_nodes,3,True,6.548675199999707,6.548675199999707,eirini,False,3,True,True,False,all adaptation levels,,,,,,,,,
samples/12 node/12_nodes_S00072/no_caption/fully_adapted.png,12.0,1.0,fully_adapted,How many CYBER OBSERVABLE nodes are in the graph?,3.0,How many CYBER OBSERVABLE nodes are in the graph?,0.0,8.0,8.0,32.0,421.1531197000004,,,,,,,,,421.12669370000367,421.1531197000004,421.1531197000004,436.1386193000071,436.13864640000975,436.15550530000473,437.139795199997,437.1398783000186,437.2516677000094,437.2516677000094,455.1373072999995,2,443.1053836999927,0.0884927000151947,455.1400705999986,455.1551654000068,455.1551654000068,459.1412202999927,459.1412505000189,459.14127740002,,,,,sphynx_3,1,2026-06-18_20h30.46.859,Practice Trials - SYMBIOTIK graphs_2023,2024.1.0,,2026-06-18 20h31.01.537053 +0200,,sphynx_3_Practice Trials - SYMBIOTIK graphs_2023_2026-06-18_20h30.46.859.csv,12,1,fully_adapted,,2,True,5.853715999983251,5.853715999983251,eirini,False,3,True,False,False,all adaptation levels,,,,,,,,,
samples/6 node/6_nodes_S00128/no_caption/nodes_color_type.png,6.0,1.0,color_nodes,How many nodes have TLP:GREEN?,1.0,How many nodes have TLP:GREEN?,0.0,9.0,9.0,17.0,459.1586644000199,,,,,,,,,459.1416732000071,459.1586644000199,459.1586644000199,474.1527976999933,474.1528510999924,474.1703761999961,475.1541825000022,475.1542612000194,475.2578669000068,475.2578669000068,493.1519738000061,1,481.41012790001696,0.1107719999854452,493.1551646000007,493.1689736999979,493.1689736999979,497.1560524000088,497.1560674000066,497.15608889999567,,,,,sphynx_3,1,2026-06-18_20h30.46.859,Practice Trials - SYMBIOTIK graphs_2023,2024.1.0,,2026-06-18 20h31.01.537053 +0200,,sphynx_3_Practice Trials - SYMBIOTIK graphs_2023_2026-06-18_20h30.46.859.csv,6,1,semi_adapted,color_nodes,1,True,6.152261000010185,6.152261000010185,eirini,False,1,True,True,False,all adaptation levels,,,,,,,,,
samples/6 node/6_nodes_S00008/no_caption/non_adapted.png,6.0,1.0,non_adapted,Count the number of nodes with high connection counts (node size 7-10),,Count the number of nodes with high connection counts (node size 7-10),0.0,10.0,10.0,2.0,497.1725450000085,,,,,,,,,497.1563528999977,497.1725450000085,497.1725450000085,512.1565233000147,512.1565597000008,512.1700647000107,513.1691948999942,513.1692476000171,513.2677753000171,513.2677753000171,531.1665707000066,2,519.8250401999976,0.1441587000153958,531.1702575999952,531.1854151000152,531.1854151000152,535.1709054000094,535.1709202000056,535.1709393000056,,,,,sphynx_3,1,2026-06-18_20h30.46.859,Practice Trials - SYMBIOTIK graphs_2023,2024.1.0,,2026-06-18 20h31.01.537053 +0200,,sphynx_3_Practice Trials - SYMBIOTIK graphs_2023_2026-06-18_20h30.46.859.csv,6,1,non_adapted,,2,True,6.55726489998051,6.55726489998051,eirini,False,2,True,True,False,all adaptation levels,,,,,512.1700647000107,512.1700647000107,,,
samples/12 node/12_nodes_S00012/no_caption/non_adapted.png,12.0,1.0,non_adapted,How many low confidence (confidence 1-3) edges exist in the graph?,,How many low confidence (confidence 1-3) edges exist in the graph?,0.0,11.0,11.0,27.0,535.1915164999955,,,,,,,,,535.1711905999982,535.1915164999955,535.1915164999955,550.1825251000118,550.182561499998,550.1987006000127,551.1831301999919,551.1831833000178,551.2902687000169,551.2902687000169,569.1814114000008,8,564.2332086999959,0.0951933000178542,569.1842077000183,569.1977967999992,569.1977967999992,573.1850972000102,573.1851115000027,573.1851294999942,,,,,sphynx_3,1,2026-06-18_20h30.46.859,Practice Trials - SYMBIOTIK graphs_2023,2024.1.0,,2026-06-18 20h31.01.537053 +0200,,sphynx_3_Practice Trials - SYMBIOTIK graphs_2023_2026-06-18_20h30.46.859.csv,12,1,non_adapted,,8,True,12.94293999997899,12.94293999997899,eirini,False,8,True,True,False,all adaptation levels,,,,,,,,,
samples/6 node/6_nodes_S00146/no_caption/edge_width_connection_number.png,6.0,2.0,edge_width,Count the number of ATTACK PATTERN nodes connected with at least 1 low confidence edge? (confidence of 1-3).,,Count the number of ATTACK PATTERN nodes connected with at least 1 low confidence edge? (confidence of 1-3).,0.0,12.0,12.0,23.0,573.20165610002,,,,,,,,,573.1853916000109,573.20165610002,573.20165610002,588.199042399996,588.1990553000069,588.2151554000156,589.1977230000193,589.1978368000127,589.2849199000048,589.2849199000048,607.1958800000139,2,601.3454377000162,0.1028052999754436,607.1986549000139,607.213312900014,607.213312900014,611.1995186000131,611.199569599994,611.1996464999975,,,,,sphynx_3,1,2026-06-18_20h30.46.859,Practice Trials - SYMBIOTIK graphs_2023,2024.1.0,,2026-06-18 20h31.01.537053 +0200,,sphynx_3_Practice Trials - SYMBIOTIK graphs_2023_2026-06-18_20h30.46.859.csv,6,2,semi_adapted,edge_width,2,True,12.06051780001144,12.06051780001144,eirini,False,2,True,True,False,all adaptation levels,,,,,,,,,
samples/12 node/12_nodes_S00138/no_caption/nodes_color_type.png,12.0,1.0,color_nodes,How many nodes have TLP:GREEN?,4.0,How many nodes have TLP:GREEN?,0.0,13.0,13.0,41.0,611.2310104999924,,,,,,,,,611.2004059000174,611.2310104999924,611.2310104999924,626.2119146000186,626.2119404000114,626.2283076000167,627.2127437000163,627.2128311000124,627.3178189000173,627.3178189000173,645.2139633000188,4,634.1286277000036,0.1116349000076297,645.2177231000096,645.2280516000174,645.2280516000174,649.2141229000117,649.2141392000194,649.2141612000123,,,,,sphynx_3,1,2026-06-18_20h30.46.859,Practice Trials - SYMBIOTIK graphs_2023,2024.1.0,,2026-06-18 20h31.01.537053 +0200,,sphynx_3_Practice Trials - SYMBIOTIK graphs_2023_2026-06-18_20h30.46.859.csv,12,1,semi_adapted,color_nodes,4,True,6.810808799986262,6.810808799986262,eirini,False,4,True,True,False,all adaptation levels,,,,,,,,,
samples/12 node/12_nodes_S00084/no_caption/fully_adapted.png,12.0,1.0,fully_adapted,How many low confidence (confidence 1-3) edges exist in the graph?,,How many low confidence (confidence 1-3) edges exist in the graph?,0.0,14.0,14.0,35.0,649.2327666000056,,,,,,,,,649.214507800003,649.2327666000056,649.2327666000056,664.2264693000179,664.2264928999939,664.2451897000137,665.2274349000072,665.2274747000192,665.3266783000145,665.3266783000145,683.2251135999977,7,670.26474340001,0.09670150000602,683.2314780000015,683.2435167999938,683.2435167999938,687.2285536999989,687.2285677000182,687.2285862000135,,,,,sphynx_3,1,2026-06-18_20h30.46.859,Practice Trials - SYMBIOTIK graphs_2023,2024.1.0,,2026-06-18 20h31.01.537053 +0200,,sphynx_3_Practice Trials - SYMBIOTIK graphs_2023_2026-06-18_20h30.46.859.csv,12,1,fully_adapted,,7,True,4.938065099995583,4.938065099995583,eirini,False,7,True,True,False,all adaptation levels,,,,,,,,,
samples/12 node/12_nodes_S00015/no_caption/non_adapted.png,12.0,2.0,non_adapted,Count the number of MALWARE nodes connected with at least 1 high confidence edge ( confidence 7-10).,2.0,Count the number of MALWARE nodes connected with at least 1 high confidence edge ( confidence 7-10).,0.0,15.0,15.0,28.0,687.2446776000143,,,,,,,,,687.2288318999927,687.2446776000143,687.2446776000143,702.2413768999977,702.2414041000011,702.2580888000084,703.2423654000158,703.2424075000163,703.3290235000022,703.3290235000022,721.2407064000145,1,720.1613045000122,0.1188443999853916,721.2447181000025,721.256549200014,721.256549200014,725.2429852999921,725.2430025000067,725.2430270000186,,,,,sphynx_3,1,2026-06-18_20h30.46.859,Practice Trials - SYMBIOTIK graphs_2023,2024.1.0,,2026-06-18 20h31.01.537053 +0200,,sphynx_3_Practice Trials - SYMBIOTIK graphs_2023_2026-06-18_20h30.46.859.csv,12,2,non_adapted,,1,True,16.83228100000997,16.83228100000997,eirini,False,2,True,False,False,all adaptation levels,,,,,,,,,
samples/12 node/12_nodes_S00156/no_caption/edge_width_connection_number.png,12.0,2.0,edge_width,Count the number of ATTACK PATTERN nodes connected with at least 1 low confidence edge? (confidence of 1-3).,,Count the number of ATTACK PATTERN nodes connected with at least 1 low confidence edge? (confidence of 1-3).,0.0,16.0,16.0,47.0,725.2639612000203,,,,,,,,,725.2433581000078,725.2639612000203,725.2639612000203,740.2557560999994,740.2557815000182,740.2740288999921,741.2567992999975,741.2568831999961,741.3682775000052,741.3682775000052,759.2546131999989,4,756.1852965000144,0.1106583999935537,759.2571065000084,759.2710622000159,759.2710622000159,763.2574452999979,763.2574641999963,763.2574906999944,,,,,sphynx_3,1,2026-06-18_20h30.46.859,Practice Trials - SYMBIOTIK graphs_2023,2024.1.0,,2026-06-18 20h31.01.537053 +0200,,sphynx_3_Practice Trials - SYMBIOTIK graphs_2023_2026-06-18_20h30.46.859.csv,12,2,semi_adapted,edge_width,4,True,14.817019000009168,14.817019000009168,eirini,False,4,True,True,False,all adaptation levels,,,,,,,,,
samples/12 node/12_nodes_S00075/no_caption/fully_adapted.png,12.0,1.0,fully_adapted,How many nodes have TLP:GREEN?,4.0,How many nodes have TLP:GREEN?,0.0,17.0,17.0,33.0,763.2747382000089,,,,,,,,,763.2579177000152,763.2747382000089,763.2747382000089,778.2718622999964,778.2718794000102,778.2866919999942,779.2714520000154,779.2715112000005,779.357914799999,779.357914799999,797.2693735999928,4,783.0167161000136,0.1035623000061605,797.2723107000056,797.2863064999983,797.2863064999983,801.2724919000175,801.2725275999983,801.2725482000096,,,,,sphynx_3,1,2026-06-18_20h30.46.859,Practice Trials - SYMBIOTIK graphs_2023,2024.1.0,,2026-06-18 20h31.01.537053 +0200,,sphynx_3_Practice Trials - SYMBIOTIK graphs_2023_2026-06-18_20h30.46.859.csv,12,1,fully_adapted,,4,True,3.658801300014602,3.658801300014602,eirini,False,4,True,True,False,all adaptation levels,,,,,,,,,
samples/12 node/12_nodes_S00024/no_caption/non_adapted.png,12.0,2.0,non_adapted,Count the number of MALWARE nodes with high connection counts (node size 7-10),,Count the number of MALWARE nodes with high connection counts (node size 7-10),0.0,18.0,18.0,30.0,801.2891913000203,,,,,,,,,801.2728059999936,801.2891913000203,801.2891913000203,816.2850352000096,816.2850625000137,816.3023268000106,817.2856969000131,817.2857808000117,817.4100943999947,817.4100943999947,835.284155900008,3,828.4735438000062,0.0962554999860003,835.2871390999935,835.3020785000117,835.3020785000117,839.2872016000038,839.2872381999914,839.2873045000015,,,,,sphynx_3,1,2026-06-18_20h30.46.859,Practice Trials - SYMBIOTIK graphs_2023,2024.1.0,,2026-06-18 20h31.01.537053 +0200,,sphynx_3_Practice Trials - SYMBIOTIK graphs_2023_2026-06-18_20h30.46.859.csv,12,2,non_adapted,,3,True,11.06344940001145,11.06344940001145,eirini,False,3,True,True,False,all adaptation levels,,,,,,,,,
samples/6 node/6_nodes_S00026/no_caption/non_adapted.png,6.0,2.0,non_adapted,Count the number of ATTACK PATTERN nodes connected with at least 1 low confidence edge? (confidence of 1-3).,,Count the number of ATTACK PATTERN nodes connected with at least 1 low confidence edge? (confidence of 1-3).,0.0,19.0,19.0,7.0,839.3205946999951,,,,,,,,,839.2879583000031,839.3205946999951,839.3205946999951,854.2997904999938,854.2998242000176,854.3161620000028,855.3004785999947,855.3005214000004,855.3983076000004,855.3983076000004,873.2991266000026,1,866.2004864000191,0.0960022999788634,873.301901800005,873.3153505999944,873.3153505999944,877.3017998000141,877.3018139000051,877.301833000005,,,,,sphynx_3,1,2026-06-18_20h30.46.859,Practice Trials - SYMBIOTIK graphs_2023,2024.1.0,,2026-06-18 20h31.01.537053 +0200,,sphynx_3_Practice Trials - SYMBIOTIK graphs_2023_2026-06-18_20h30.46.859.csv,6,2,non_adapted,,1,True,10.802178800018737,10.802178800018737,eirini,False,1,True,True,False,all adaptation levels,,,,,,,,,
samples/12 node/12_nodes_S00009/no_caption/non_adapted.png,12.0,1.0,non_adapted,Count the number of nodes with high connection counts (node size 7-10),,Count the number of nodes with high connection counts (node size 7-10),0.0,20.0,20.0,26.0,877.3182528000034,,,,,,,,,877.3020753000164,877.3182528000034,877.3182528000034,892.3147101000068,892.3147306000174,892.3310379000031,893.3150672000193,893.3151076000067,893.4156755000004,893.4156755000004,911.3129543999968,7,902.608216099994,0.080786700011231,911.3199173000176,911.3313810999972,911.3313810999972,915.3163992000044,915.3164195000136,915.316447499994,,,,,sphynx_3,1,2026-06-18_20h30.46.859,Practice Trials - SYMBIOTIK graphs_2023,2024.1.0,,2026-06-18 20h31.01.537053 +0200,,sphynx_3_Practice Trials - SYMBIOTIK graphs_2023_2026-06-18_20h30.46.859.csv,12,1,non_adapted,,7,True,9.192540599993663,9.192540599993663,eirini,False,7,True,True,False,all adaptation levels,,,,,,,,,
samples/12 node/12_nodes_S00141/no_caption/nodes_size_value.png,12.0,1.0,size_nodes,Count the number of nodes with high connection counts (node size 7-10),,Count the number of nodes with high connection counts (node size 7-10),0.0,21.0,21.0,42.0,915.3331283000008,,,,,,,,,915.3168162000076,915.3331283000008,915.3331283000008,930.328511300002,930.3285292999936,930.3452751000004,931.3295808999974,931.3296485000174,931.4293924999948,931.4293924999948,949.3316919000064,4,936.4878164000112,0.1217745000030845,949.3359643000005,949.347202200006,949.347202200006,953.330795899994,953.3308104000172,953.3308307999978,,,,,sphynx_3,1,2026-06-18_20h30.46.859,Practice Trials - SYMBIOTIK graphs_2023,2024.1.0,,2026-06-18 20h31.01.537053 +0200,,sphynx_3_Practice Trials - SYMBIOTIK graphs_2023_2026-06-18_20h30.46.859.csv,12,1,semi_adapted,size_nodes,4,True,5.058423900016351,5.058423900016351,eirini,False,4,True,True,False,all adaptation levels,,,,,,,,,
samples/12 node/12_nodes_S00144/no_caption/edge_width_connection_number.png,12.0,1.0,edge_width,How many low confidence (confidence 1-3) edges exist in the graph?,,How many low confidence (confidence 1-3) edges exist in the graph?,0.0,22.0,22.0,43.0,953.3519020999956,,,,,,,,,953.3311425000138,953.3519020999956,953.3519020999956,968.3456028999937,968.3456204000104,968.3598391000124,969.3443221000198,969.3443596000144,969.4304644000076,969.4304644000076,987.3422666999976,3,975.968382299994,0.1124144000059459,987.3491781000048,987.3619823000045,987.3619823000045,991.3456887000066,991.3457035000029,991.3457230000058,,,,,sphynx_3,1,2026-06-18_20h30.46.859,Practice Trials - SYMBIOTIK graphs_2023,2024.1.0,,2026-06-18 20h31.01.537053 +0200,,sphynx_3_Practice Trials - SYMBIOTIK graphs_2023_2026-06-18_20h30.46.859.csv,12,1,semi_adapted,edge_width,3,True,6.5379178999863825,6.5379178999863825,eirini,False,3,True,True,False,all adaptation levels,,,,,,,,,
samples/6 node/6_nodes_S00137/no_caption/nodes_shape_tlp.png,6.0,2.0,shape_nodes,Count the number of MALWARE nodes connected with at least 1 high confidence edge ( confidence 7-10).,2.0,Count the number of MALWARE nodes connected with at least 1 high confidence edge ( confidence 7-10).,0.0,23.0,23.0,20.0,991.3628382000024,,,,,,,,,991.3459962999914,991.3628382000024,991.3628382000024,1006.3581707999984,1006.3581965000194,1006.3745331999962,1007.3586462000094,1007.3587164999916,1007.440280300012,1007.440280300012,1025.3570043999937,1,1024.791876000003,0.128430999990087,1025.3644671000077,1025.3758206000202,1025.3758206000202,1029.360339900013,1029.36035480001,1029.3603741000115,,,,,sphynx_3,1,2026-06-18_20h30.46.859,Practice Trials - SYMBIOTIK graphs_2023,2024.1.0,,2026-06-18 20h31.01.537053 +0200,,sphynx_3_Practice Trials - SYMBIOTIK graphs_2023_2026-06-18_20h30.46.859.csv,6,2,semi_adapted,shape_nodes,1,True,17.35159569999098,17.35159569999098,eirini,False,2,True,False,False,all adaptation levels,,,,,,,,,
samples/6 node/6_nodes_S00074/no_caption/fully_adapted.png,6.0,1.0,fully_adapted,How many low confidence (confidence 1-3) edges exist in the graph?,,How many low confidence (confidence 1-3) edges exist in the graph?,0.0,24.0,24.0,11.0,1029.3848891000089,,,,,,,,,1029.3606321999978,1029.3848891000089,1029.3848891000089,1044.3729133000015,1044.3729497000168,1044.389410200005,1045.3735703999992,1045.3736555000069,1045.4883062000154,1045.4883062000154,1063.3714050000126,2,1049.6412859999982,0.1119133000029251,1063.3742726999917,1063.3884476000094,1063.3884476000094,1067.3748011999996,1067.3748215000087,1247.37313360002,1067.4057097000186,,,,sphynx_3,1,2026-06-18_20h30.46.859,Practice Trials - SYMBIOTIK graphs_2023,2024.1.0,,2026-06-18 20h31.01.537053 +0200,,sphynx_3_Practice Trials - SYMBIOTIK graphs_2023_2026-06-18_20h30.46.859.csv,6,1,fully_adapted,,2,True,4.152979799982859,4.152979799982859,eirini,False,2,True,True,False,all adaptation levels,,,,,,,,,
samples/6 node/6_nodes_S00080/no_caption/fully_adapted.png,6.0,2.0,fully_adapted,Count the number of nodes with TLP:RED connected to at least 1 node with high connection count (node size 7-10).,1.0,Count the number of nodes with TLP:RED connected to at least 1 node with high connection count (node size 7-10).,0.0,25.0,25.0,13.0,1247.390448799997,,,,,,,,,1247.3734232000131,1247.390448799997,1247.390448799997,1262.3711834000133,1262.3711965999971,1262.3855412999983,1263.370074800012,1263.3701507000078,1263.4671732000131,1263.4671732000131,1281.3677949999983,n,1271.9193962000136,0.1200353000022005,1281.3701426000043,1281.3844663999917,1281.3844663999917,1285.3712406000122,1285.3712724999932,1285.3713283000106,,,,,sphynx_3,1,2026-06-18_20h30.46.859,Practice Trials - SYMBIOTIK graphs_2023,2024.1.0,,2026-06-18 20h31.01.537053 +0200,,sphynx_3_Practice Trials - SYMBIOTIK graphs_2023_2026-06-18_20h30.46.859.csv,6,2,fully_adapted,,,False,,,eirini,False,1,True,False,False,all adaptation levels,,,,,,,,,
samples/6 node/6_nodes_S00134/no_caption/edge_width_connection_number.png,6.0,1.0,edge_width,How many low confidence (confidence 1-3) edges exist in the graph?,,How many low confidence (confidence 1-3) edges exist in the graph?,0.0,26.0,26.0,19.0,1285.389253900008,,,,,,,,,1285.3719791000185,1285.389253900008,1285.389253900008,1300.3835123000026,1300.3835282000073,1300.39995370002,1301.3839003000176,1301.3839683000117,1301.473483800015,1301.473483800015,1319.3824422000034,3,1306.071585400001,0.1037711999961175,1319.3901055000024,1319.401341699995,1319.401341699995,1323.3861210000175,1323.3861356000125,1323.3861552000162,,,,,sphynx_3,1,2026-06-18_20h30.46.859,Practice Trials - SYMBIOTIK graphs_2023,2024.1.0,,2026-06-18 20h31.01.537053 +0200,,sphynx_3_Practice Trials - SYMBIOTIK graphs_2023_2026-06-18_20h30.46.859.csv,6,1,semi_adapted,edge_width,3,True,4.5981015999859665,4.5981015999859665,eirini,False,3,True,True,False,all adaptation levels,,,,,,,,,
samples/12 node/12_nodes_S00093/no_caption/fully_adapted.png,12.0,2.0,fully_adapted,Count the number of MALWARE nodes with high connection counts (node size 7-10),,Count the number of MALWARE nodes with high connection counts (node size 7-10),0.0,27.0,27.0,38.0,1323.4024746000068,,,,,,,,,1323.38641560002,1323.4024746000068,1323.4024746000068,1338.3983653000032,1338.3983920000028,1338.4148856000102,1339.3986197000197,1339.3987091000015,1339.4962443000113,1339.4962443000113,1357.3973862999992,1,1345.4634326999949,0.1039028000086546,1357.4017955000163,1357.4136153,1357.4136153,1361.4009031000023,1361.4009294999996,1361.4009730000107,,,,,sphynx_3,1,2026-06-18_20h30.46.859,Practice Trials - SYMBIOTIK graphs_2023,2024.1.0,,2026-06-18 20h31.01.537053 +0200,,sphynx_3_Practice Trials - SYMBIOTIK graphs_2023_2026-06-18_20h30.46.859.csv,12,2,fully_adapted,,1,True,5.96718839998357,5.96718839998357,eirini,False,1,True,True,False,all adaptation levels,,,,,,,,,
samples/12 node/12_nodes_S00081/no_caption/fully_adapted.png,12.0,1.0,fully_adapted,Count the number of nodes with high connection counts (node size 7-10),,Count the number of nodes with high connection counts (node size 7-10),0.0,28.0,28.0,34.0,1361.4236696000153,,,,,,,,,1361.4014925000083,1361.4236696000153,1361.4236696000153,1376.4142155000009,1376.4142354000069,1376.4299698999966,1377.413813799998,1377.413880000007,1377.520277100004,1377.520277100004,1395.4113790999982,5,1391.416705700016,0.1186956999881658,1395.4178071999922,1395.430574900005,1395.430574900005,1399.4148277000058,1399.4148526999925,1399.4148953999977,,,,,sphynx_3,1,2026-06-18_20h30.46.859,Practice Trials - SYMBIOTIK graphs_2023,2024.1.0,,2026-06-18 20h31.01.537053 +0200,,sphynx_3_Practice Trials - SYMBIOTIK graphs_2023_2026-06-18_20h30.46.859.csv,12,1,fully_adapted,,5,True,13.896428600012086,13.896428600012086,eirini,False,7,True,False,False,all adaptation levels,,,,,,,,,
samples/12 node/12_nodes_S00003/no_caption/non_adapted.png,12.0,1.0,non_adapted,How many CYBER OBSERVABLE nodes are in the graph?,4.0,How many CYBER OBSERVABLE nodes are in the graph?,0.0,29.0,29.0,24.0,1399.438402300002,,,,,,,,,1399.4153701000032,1399.438402300002,1399.438402300002,1414.427446400019,1414.4274844000174,1414.4434766000195,1415.427996000013,1415.428064000007,1415.5320944999985,1415.5320944999985,1433.4299289000046,4,1423.2548821000091,0.136417400004575,1433.4327888000116,1433.4458515000006,1433.4458515000006,1437.4301265999966,1437.4301631000126,1437.4302312000073,,,,,sphynx_3,1,2026-06-18_20h30.46.859,Practice Trials - SYMBIOTIK graphs_2023,2024.1.0,,2026-06-18 20h31.01.537053 +0200,,sphynx_3_Practice Trials - SYMBIOTIK graphs_2023_2026-06-18_20h30.46.859.csv,12,1,non_adapted,,4,True,7.7227876000106335,7.7227876000106335,eirini,False,4,True,True,False,all adaptation levels,,,,,,,,,
samples/12 node/12_nodes_S00006/no_caption/non_adapted.png,12.0,1.0,non_adapted,How many nodes have TLP:GREEN?,1.0,How many nodes have TLP:GREEN?,0.0,30.0,30.0,25.0,1437.4498163000098,,,,,,,,,1437.4310485000024,1437.4498163000098,1437.4498163000098,1452.4417670000112,1452.4418043000042,1452.4601947000192,1453.4428019000045,1453.4428843999922,1453.5485456000024,1453.5485456000024,1471.4410982000118,,,,1471.447856999992,1471.4613128000055,1471.4613128000055,1475.4445369000025,1475.4445509999932,1475.4445699999924,,,,,sphynx_3,1,2026-06-18_20h30.46.859,Practice Trials - SYMBIOTIK graphs_2023,2024.1.0,,2026-06-18 20h31.01.537053 +0200,,sphynx_3_Practice Trials - SYMBIOTIK graphs_2023_2026-06-18_20h30.46.859.csv,12,1,non_adapted,,,False,,,eirini,False,1,True,False,False,all adaptation levels,,,,,,,,,
samples/12 node/12_nodes_S00087/no_caption/fully_adapted.png,12.0,2.0,fully_adapted,Count the number of MALWARE nodes connected with at least 1 high confidence edge ( confidence 7-10).,3.0,Count the number of MALWARE nodes connected with at least 1 high confidence edge ( confidence 7-10).,0.0,31.0,31.0,36.0,1475.4620054000115,,,,,,,,,1475.4448272000009,1475.4620054000115,1475.4620054000115,1490.4568443000026,1490.4568805000165,1490.4732177999977,1491.4578112000015,1491.4578796999997,1491.5399440000183,1491.5399440000183,1509.4555469000188,3,1501.6789063000178,0.1199907999834977,1509.4594800000195,1509.4726268000086,1509.4726268000086,1513.4626483000177,1513.462667899992,1513.462696100003,,,,,sphynx_3,1,2026-06-18_20h30.46.859,Practice Trials - SYMBIOTIK graphs_2023,2024.1.0,,2026-06-18 20h31.01.537053 +0200,,sphynx_3_Practice Trials - SYMBIOTIK graphs_2023_2026-06-18_20h30.46.859.csv,12,2,fully_adapted,,3,True,10.138962299999548,10.138962299999548,eirini,False,3,True,True,False,all adaptation levels,,,,,,,,,
samples/6 node/6_nodes_S00014/no_caption/non_adapted.png,6.0,1.0,non_adapted,How many low confidence (confidence 1-3) edges exist in the graph?,,How many low confidence (confidence 1-3) edges exist in the graph?,0.0,32.0,32.0,3.0,1513.482280199998,,,,,,,,,1513.463092499995,1513.482280199998,1513.482280199998,1528.4713442999928,1528.4713780000166,1528.4881307000178,1529.4753943000103,1529.4754664000066,1529.5785644999996,1529.5785644999996,1547.470285599993,3,1534.1757410000137,0.1108670999819878,1547.4730236000032,1547.486955100001,1547.486955100001,1551.473497400002,1551.4735142000136,1551.473536800011,,,,,sphynx_3,1,2026-06-18_20h30.46.859,Practice Trials - SYMBIOTIK graphs_2023,2024.1.0,,2026-06-18 20h31.01.537053 +0200,,sphynx_3_Practice Trials - SYMBIOTIK graphs_2023_2026-06-18_20h30.46.859.csv,6,1,non_adapted,,3,True,4.597176500014029,4.597176500014029,eirini,False,3,True,True,False,all adaptation levels,,,,,,,,,
samples/6 node/6_nodes_S00065/no_caption/fully_adapted.png,6.0,1.0,fully_adapted,How many CYBER OBSERVABLE nodes are in the graph?,2.0,How many CYBER OBSERVABLE nodes are in the graph?,0.0,33.0,33.0,8.0,1551.4924382000172,,,,,,,,,1551.473844399996,1551.4924382000172,1551.4924382000172,1566.4867929000177,1566.486824099993,1566.5026360000193,1567.4866456000018,1567.4866918000043,1567.585375900002,1567.585375900002,1585.4848195000086,2,1573.0945676999982,0.0808636000147089,1585.4875032000127,1585.5012730000017,1585.5012730000017,1589.488162900001,1589.4881999999925,1589.4882704000047,,,,,sphynx_3,1,2026-06-18_20h30.46.859,Practice Trials - SYMBIOTIK graphs_2023,2024.1.0,,2026-06-18 20h31.01.537053 +0200,,sphynx_3_Practice Trials - SYMBIOTIK graphs_2023_2026-06-18_20h30.46.859.csv,6,1,fully_adapted,,2,True,5.509191799996188,5.509191799996188,eirini,False,2,True,True,False,all adaptation levels,,,,,,,,,
samples/12 node/12_nodes_S00096/no_caption/fully_adapted.png,12.0,2.0,fully_adapted,Count the number of ATTACK PATTERN nodes connected with at least 1 low confidence edge? (confidence of 1-3).,,Count the number of ATTACK PATTERN nodes connected with at least 1 low confidence edge? (confidence of 1-3).,0.0,34.0,34.0,39.0,1589.5202579000031,,,,,,,,,1589.4890194000036,1589.5202579000031,1589.5202579000031,1604.5008639000007,1604.5008960000123,1604.517178900016,1605.5012829000189,1605.5013240000117,1605.5997850999993,1605.5997850999993,1623.4998333000112,4,1614.671231400018,0.0957792999979574,1623.5067927000057,1623.5178011000098,1623.5178011000098,1627.502767900005,1627.5027827000013,1627.5028010999958,,,,,sphynx_3,1,2026-06-18_20h30.46.859,Practice Trials - SYMBIOTIK graphs_2023,2024.1.0,,2026-06-18 20h31.01.537053 +0200,,sphynx_3_Practice Trials - SYMBIOTIK graphs_2023_2026-06-18_20h30.46.859.csv,12,2,fully_adapted,,4,True,9.071446300018806,9.071446300018806,eirini,False,4,True,True,False,all adaptation levels,,,,,,,,,
samples/6 node/6_nodes_S00140/no_caption/nodes_color_type.png,6.0,2.0,color_nodes,Count the number of nodes with TLP:RED connected to at least 1 node with high connection count (node size 7-10).,0.0,Count the number of nodes with TLP:RED connected to at least 1 node with high connection count (node size 7-10).,0.0,35.0,35.0,21.0,1627.5196586000093,,,,,,,,,1627.5030508000054,1627.5196586000093,1627.5196586000093,1642.5178435000123,1642.5178575000027,1642.5324166000064,1643.516503699997,1643.5165721999947,1643.6064116999914,1643.6064116999914,1661.5132895999996,n,1651.462607399997,0.09580150002148,1661.517714799993,1661.529653300007,1661.529653300007,1665.5175238999946,1665.517558099993,1665.517624500004,,,,,sphynx_3,1,2026-06-18_20h30.46.859,Practice Trials - SYMBIOTIK graphs_2023,2024.1.0,,2026-06-18 20h31.01.537053 +0200,,sphynx_3_Practice Trials - SYMBIOTIK graphs_2023_2026-06-18_20h30.46.859.csv,6,2,semi_adapted,color_nodes,,False,,,eirini,False,0,True,False,False,all adaptation levels,,,,,,,,,
samples/6 node/6_nodes_S00005/no_caption/non_adapted.png,6.0,1.0,non_adapted,How many nodes have TLP:GREEN?,3.0,How many nodes have TLP:GREEN?,0.0,36.0,36.0,1.0,1665.545955300011,,,,,,,,,1665.5181864000042,1665.545955300011,1665.545955300011,1680.53010980002,1680.530153700005,1680.5460342000006,1681.5342878999943,1681.5343798999966,1681.6304621000018,1681.6304621000018,1699.5288299999957,3,1691.3429972000013,0.0885979000013321,1699.5314161000133,1699.5452522000123,1699.5452522000123,1703.5325222999963,1703.532558900013,1703.5326140999969,,,,,sphynx_3,1,2026-06-18_20h30.46.859,Practice Trials - SYMBIOTIK graphs_2023,2024.1.0,,2026-06-18 20h31.01.537053 +0200,,sphynx_3_Practice Trials - SYMBIOTIK graphs_2023_2026-06-18_20h30.46.859.csv,6,1,non_adapted,,3,True,9.712535099999513,9.712535099999513,eirini,False,3,True,True,False,all adaptation levels,,,,,,,,,
samples/6 node/6_nodes_S00125/no_caption/nodes_shape_tlp.png,6.0,1.0,shape_nodes,How many CYBER OBSERVABLE nodes are in the graph?,2.0,How many CYBER OBSERVABLE nodes are in the graph?,0.0,37.0,37.0,16.0,1703.5539881000004,,,,,,,,,1703.5331427000056,1703.5539881000004,1703.5539881000004,1718.5444089999946,1718.5444228000124,1718.5609234000149,1719.5453870999918,1719.5454618000076,1719.648285400006,1719.648285400006,1737.5431142000016,2,1724.2070617999998,0.0957675999961793,1737.5468403999985,1737.5615854999924,1737.5615854999924,1741.547053599992,1741.5470701000013,1741.5470916000197,,,,,sphynx_3,1,2026-06-18_20h30.46.859,Practice Trials - SYMBIOTIK graphs_2023,2024.1.0,,2026-06-18 20h31.01.537053 +0200,,sphynx_3_Practice Trials - SYMBIOTIK graphs_2023_2026-06-18_20h30.46.859.csv,6,1,semi_adapted,shape_nodes,2,True,4.558776399993803,4.558776399993803,eirini,False,2,True,True,False,all adaptation levels,,,,,,,,,
samples/12 node/12_nodes_S00150/no_caption/nodes_color_type.png,12.0,2.0,color_nodes,Count the number of nodes with TLP:RED connected to at least 1 node with high connection count (node size 7-10).,6.0,Count the number of nodes with TLP:RED connected to at least 1 node with high connection count (node size 7-10).,0.0,38.0,38.0,45.0,1741.5638395000133,,,,,,,,,1741.5473678999988,1741.5638395000133,1741.5638395000133,1756.558631199994,1756.5586464999942,1756.57550430001,1757.5599374000158,1757.559998600016,1757.6617405000145,1757.6617405000145,1775.559296099993,,,,1775.5646382000125,1775.575394500018,1775.575394500018,1779.5628774999932,1779.5628963999916,1779.5629222000134,,,,,sphynx_3,1,2026-06-18_20h30.46.859,Practice Trials - SYMBIOTIK graphs_2023,2024.1.0,,2026-06-18 20h31.01.537053 +0200,,sphynx_3_Practice Trials - SYMBIOTIK graphs_2023_2026-06-18_20h30.46.859.csv,12,2,semi_adapted,color_nodes,,False,,,eirini,False,6,True,False,False,all adaptation levels,,,,,,,,,
samples/6 node/6_nodes_S00083/no_caption/fully_adapted.png,6.0,2.0,fully_adapted,Count the number of MALWARE nodes with high connection counts (node size 7-10),,Count the number of MALWARE nodes with high connection counts (node size 7-10),0.0,39.0,39.0,14.0,1779.579826000001,,,,,,,,,1779.5632948999992,1779.579826000001,1779.579826000001,1794.5769045000195,1794.576937100006,1794.591765499994,1795.5757113000143,1795.5757689000166,1795.650563400006,1795.650563400006,1813.5729303999976,n,1802.2559944000093,0.1186335000093095,1813.5773357000144,1813.5895571,1813.5895571,1817.5762469000183,1817.5762725000093,1817.5763174000024,,,,,sphynx_3,1,2026-06-18_20h30.46.859,Practice Trials - SYMBIOTIK graphs_2023,2024.1.0,,2026-06-18 20h31.01.537053 +0200,,sphynx_3_Practice Trials - SYMBIOTIK graphs_2023_2026-06-18_20h30.46.859.csv,6,2,fully_adapted,,,False,,,eirini,False,1,True,False,False,all adaptation levels,,,,,,,,,
samples/6 node/6_nodes_S00017/no_caption/non_adapted.png,6.0,2.0,non_adapted,Count the number of MALWARE nodes connected with at least 1 high confidence edge ( confidence 7-10).,1.0,Count the number of MALWARE nodes connected with at least 1 high confidence edge ( confidence 7-10).,0.0,40.0,40.0,4.0,1817.596534900018,,,,,,,,,1817.5765903000135,1817.596534900018,1817.596534900018,1832.590747500013,1832.590765900008,1832.605439200008,1833.589649200003,1833.5897023,1833.7062812999936,1833.7062812999936,1851.5872411000016,1,1843.5265533000056,0.1038036000099964,1851.5903487000032,1851.60549430002,1851.60549430002,1855.591251100006,1855.5912843999977,1855.5913573,,,,,sphynx_3,1,2026-06-18_20h30.46.859,Practice Trials - SYMBIOTIK graphs_2023,2024.1.0,,2026-06-18 20h31.01.537053 +0200,,sphynx_3_Practice Trials - SYMBIOTIK graphs_2023_2026-06-18_20h30.46.859.csv,6,2,non_adapted,,1,True,9.820272000011983,9.820272000011983,eirini,False,1,True,True,False,all adaptation levels,,,,,,,,,
samples/6 node/6_nodes_S00020/no_caption/non_adapted.png,6.0,2.0,non_adapted,Count the number of nodes with TLP:RED connected to at least 1 node with high connection count (node size 7-10).,2.0,Count the number of nodes with TLP:RED connected to at least 1 node with high connection count (node size 7-10).,0.0,41.0,41.0,5.0,1855.6160793000015,,,,,,,,,1855.5918572999944,1855.6160793000015,1855.6160793000015,1870.602705199999,1870.6027186000135,1870.61953180001,1871.6037747999944,1871.603842100012,1871.6995727000176,1871.6995727000176,1889.6025309000104,n,1881.127504700009,0.1428203000104986,1889.6057053999973,1889.6187138000096,1889.6187138000096,1893.6066922000027,1893.6067230000044,1893.6067463000072,,,,,sphynx_3,1,2026-06-18_20h30.46.859,Practice Trials - SYMBIOTIK graphs_2023,2024.1.0,,2026-06-18 20h31.01.537053 +0200,,sphynx_3_Practice Trials - SYMBIOTIK graphs_2023_2026-06-18_20h30.46.859.csv,6,2,non_adapted,,,False,,,eirini,False,2,True,False,False,all adaptation levels,,,,,,,,,
samples/6 node/6_nodes_S00086/no_caption/fully_adapted.png,6.0,2.0,fully_adapted,Count the number of ATTACK PATTERN nodes connected with at least 1 low confidence edge? (confidence of 1-3).,,Count the number of ATTACK PATTERN nodes connected with at least 1 low confidence edge? (confidence of 1-3).,0.0,42.0,42.0,15.0,1893.627125600004,,,,,,,,,1893.60712890001,1893.627125600004,1893.627125600004,1908.617664599995,1908.6176895000096,1908.6342825000172,1909.618228300009,1909.6183112,1909.71233520002,1909.71233520002,1927.6168006999944,n,1915.15080090001,0.1046295999840367,1927.6236580999976,1927.6351512999968,1927.6351512999968,1931.620460200007,1931.6204784,1931.6205190000185,,,,,sphynx_3,1,2026-06-18_20h30.46.859,Practice Trials - SYMBIOTIK graphs_2023,2024.1.0,,2026-06-18 20h31.01.537053 +0200,,sphynx_3_Practice Trials - SYMBIOTIK graphs_2023_2026-06-18_20h30.46.859.csv,6,2,fully_adapted,,,False,,,eirini,False,0,True,False,False,all adaptation levels,,,,,,,,,
samples/6 node/6_nodes_S00071/no_caption/fully_adapted.png,6.0,1.0,fully_adapted,Count the number of nodes with high connection counts (node size 7-10),,Count the number of nodes with high connection counts (node size 7-10),0.0,43.0,43.0,10.0,1931.636666300008,,,,,,,,,1931.620851500018,1931.636666300008,1931.636666300008,1946.6343152000045,1946.634349800006,1946.6489143999931,1947.633165200008,1947.633220899996,1947.720065100002,1947.720065100002,1965.6312471000128,1,1953.7741524000007,0.1135980999970343,1965.634062900004,1965.6482636000144,1965.6482636000144,1969.6345164999948,1969.6345452000096,1969.634593499999,,,,,sphynx_3,1,2026-06-18_20h30.46.859,Practice Trials - SYMBIOTIK graphs_2023,2024.1.0,,2026-06-18 20h31.01.537053 +0200,,sphynx_3_Practice Trials - SYMBIOTIK graphs_2023_2026-06-18_20h30.46.859.csv,6,1,fully_adapted,,1,True,6.054087299998628,6.054087299998628,eirini,False,1,True,True,False,all adaptation levels,,,,,,,,,
samples/6 node/6_nodes_S00002/no_caption/non_adapted.png,6.0,1.0,non_adapted,How many CYBER OBSERVABLE nodes are in the graph?,5.0,How many CYBER OBSERVABLE nodes are in the graph?,0.0,44.0,44.0,0.0,1969.6619451000008,,,,,,,,,1969.6351061000023,1969.6619451000008,1969.6619451000008,1984.6473305000109,1984.6473446000016,1984.6635555000105,1985.6477069999964,1985.6477450999955,1985.7291295000175,1985.7291295000175,2003.646221700008,5,1990.3428123000197,0.1116647999733686,2003.6527189000044,2003.6671445000104,2003.6671445000104,2007.649477600004,2007.6495123000057,2007.649575399992,,,,,sphynx_3,1,2026-06-18_20h30.46.859,Practice Trials - SYMBIOTIK graphs_2023,2024.1.0,,2026-06-18 20h31.01.537053 +0200,,sphynx_3_Practice Trials - SYMBIOTIK graphs_2023_2026-06-18_20h30.46.859.csv,6,1,non_adapted,,5,True,4.613682800002152,4.613682800002152,eirini,False,5,True,True,False,all adaptation levels,,,,,,,,,
samples/12 node/12_nodes_S00090/no_caption/fully_adapted.png,12.0,2.0,fully_adapted,Count the number of nodes with TLP:RED connected to at least 1 node with high connection count (node size 7-10).,1.0,Count the number of nodes with TLP:RED connected to at least 1 node with high connection count (node size 7-10).,0.0,45.0,45.0,37.0,2007.6813903000148,,,,,,,,,2007.6503633999964,2007.6813903000148,2007.6813903000148,2022.661171400017,2022.6611873999937,2022.678441299999,2023.662679900008,2023.6627475999996,2023.7502209999948,2023.7502209999948,2041.6639979000029,3,2041.1902620000185,0.1115724999981466,2041.668223799992,2041.6801432000063,2041.6801432000063,2045.6656109000032,2045.665645800007,2045.6657108000072,,,,,sphynx_3,1,2026-06-18_20h30.46.859,Practice Trials - SYMBIOTIK graphs_2023,2024.1.0,,2026-06-18 20h31.01.537053 +0200,,sphynx_3_Practice Trials - SYMBIOTIK graphs_2023_2026-06-18_20h30.46.859.csv,12,2,fully_adapted,,3,True,17.44004100002371,17.44004100002371,eirini,False,1,True,False,False,all adaptation levels,,,,,,,,,
samples/12 node/12_nodes_S00153/no_caption/nodes_size_value.png,12.0,2.0,size_nodes,Count the number of MALWARE nodes with high connection counts (node size 7-10),,Count the number of MALWARE nodes with high connection counts (node size 7-10),0.0,46.0,46.0,46.0,2045.6954532999955,,,,,,,,,2045.666521700012,2045.6954532999955,2045.6954532999955,2060.676628300018,2060.676662400016,2060.692503099999,2061.6791269000096,2061.6792088999937,2061.7675654000195,2061.7675654000195,2079.6749062000017,1,2074.7192593000077,0.1184706999920308,2079.6811335000093,2079.691810499993,2079.691810499993,2083.6787480000057,2083.678762199997,2083.6787792000105,,,,,sphynx_3,1,2026-06-18_20h30.46.859,Practice Trials - SYMBIOTIK graphs_2023,2024.1.0,,2026-06-18 20h31.01.537053 +0200,,sphynx_3_Practice Trials - SYMBIOTIK graphs_2023_2026-06-18_20h30.46.859.csv,12,2,semi_adapted,size_nodes,1,True,12.951693899988186,12.951693899988186,eirini,False,1,True,True,False,all adaptation levels,,,,,,,,,
samples/12 node/12_nodes_S00135/no_caption/nodes_shape_tlp.png,12.0,1.0,shape_nodes,How many CYBER OBSERVABLE nodes are in the graph?,4.0,How many CYBER OBSERVABLE nodes are in the graph?,0.0,47.0,47.0,40.0,2083.6951925000176,,,,,,,,,2083.6790213000204,2083.6951925000176,2083.6951925000176,2098.6918597000185,2098.69189300001,2098.707337,2099.691703999997,2099.6917426,2099.772021400014,2099.772021400014,2117.6892435000045,4,2105.3594072000124,0.1106997999886516,2117.692435600009,2117.7063751000096,2117.7063751000096,2121.692884799995,2121.6929198,2121.6929848,,,,,sphynx_3,1,2026-06-18_20h30.46.859,Practice Trials - SYMBIOTIK graphs_2023,2024.1.0,,2026-06-18 20h31.01.537053 +0200,,sphynx_3_Practice Trials - SYMBIOTIK graphs_2023_2026-06-18_20h30.46.859.csv,12,1,semi_adapted,shape_nodes,4,True,5.587385799998174,5.587385799998174,eirini,False,4,True,True,False,all adaptation levels,,,,,,,,,
samples/6 node/6_nodes_S00023/no_caption/non_adapted.png,6.0,2.0,non_adapted,Count the number of MALWARE nodes with high connection counts (node size 7-10),,Count the number of MALWARE nodes with high connection counts (node size 7-10),0.0,0.0,0.0,6.0,34.63200979994144,,,,,,,,,34.56275969999842,34.63200979994144,34.63200979994144,49.56626570003573,49.56628179992549,49.5833699000068,50.57053090003319,50.57057079998776,50.64819760003593,50.64819760003593,68.56564229994547,0.0,61.48819359997288,0.0962274000048637,68.56850589998066,68.58733749995008,68.58733749995008,72.56781849998515,72.56783309997991,72.56785300001502,,,,,trial_1_3,1,2026-06-15_17h24.45.014,Practice Trials - SYMBIOTIK graphs_2023,2024.1.0,,2026-06-15 17h24.52.980347 +0200,,trial_1_3_Practice Trials - SYMBIOTIK graphs_2023_2026-06-15_17h24.45.014.csv,6,2,non_adapted,,0,True,10.839995999936953,10.839995999936953,guillem,False,0,True,True,False,all adaptation levels,,,,,,,,,
samples/12 node/12_nodes_S00018/no_caption/non_adapted.png,12.0,2.0,non_adapted,Count the number of nodes with TLP:RED connected to at least 1 node with high connection count (node size 7-10).,3.0,Count the number of nodes with TLP:RED connected to at least 1 node with high connection count (node size 7-10).,0.0,1.0,1.0,29.0,72.59014029998798,,,,,,,,,72.5680933999829,72.59014029998798,72.59014029998798,87.58391679998022,87.58393359999172,87.59906419995241,88.58261679997668,88.58265599992592,88.67139109992422,88.67139109992422,106.58029920002446,3.0,105.29657999996562,0.0888488000491634,106.58379099995364,106.59824289998504,106.59824289998504,110.58366400003432,110.5836788000306,110.5836976999417,,,,,trial_1_3,1,2026-06-15_17h24.45.014,Practice Trials - SYMBIOTIK graphs_2023,2024.1.0,,2026-06-15 17h24.52.980347 +0200,,trial_1_3_Practice Trials - SYMBIOTIK graphs_2023_2026-06-15_17h24.45.014.csv,12,2,non_adapted,,3,True,16.625188900041394,16.625188900041394,guillem,False,3,True,True,False,all adaptation levels,,,,,,,,,
samples/12 node/12_nodes_S00147/no_caption/nodes_shape_tlp.png,12.0,2.0,shape_nodes,Count the number of MALWARE nodes connected with at least 1 with a high confidence edge ( confidence 7-10).,2.0,Count the number of MALWARE nodes connected with at least 1 with a high confidence edge ( confidence 7-10).,0.0,2.0,2.0,44.0,110.60254909994546,,,,,,,,,110.58395839994772,110.60254909994546,110.60254909994546,125.5951175999362,125.59513369994238,125.6130824999418,126.59705560002476,126.59709689999,126.68145909998566,126.68145909998566,144.5949685999658,,,,144.5975560999941,144.61041580000892,144.61041580000892,148.5981143999379,148.59813289996237,148.59815289999824,,,,,trial_1_3,1,2026-06-15_17h24.45.014,Practice Trials - SYMBIOTIK graphs_2023,2024.1.0,,2026-06-15 17h24.52.980347 +0200,,trial_1_3_Practice Trials - SYMBIOTIK graphs_2023_2026-06-15_17h24.45.014.csv,12,2,semi_adapted,shape_nodes,,False,,,guillem,False,2,True,False,False,all adaptation levels,,,,,,,,,
samples/6 node/6_nodes_S00068/no_caption/fully_adapted.png,6.0,1.0,fully_adapted,How many nodes have TLP:GREEN?,5.0,How many nodes have TLP:GREEN?,0.0,3.0,3.0,9.0,148.61883459996898,,,,,,,,,148.5984383999603,148.61883459996898,148.61883459996898,163.611297299969,163.61131039995234,163.62811619997956,164.61144619993863,164.6114843999967,164.68852760002483,164.68852760002483,182.61302940000317,5.0,170.12040959997103,0.1031461999518796,182.61541710002348,182.6343810999533,182.6343810999533,186.61591499997303,186.61592939996623,186.6159483999945,,,,,trial_1_3,1,2026-06-15_17h24.45.014,Practice Trials - SYMBIOTIK graphs_2023,2024.1.0,,2026-06-15 17h24.52.980347 +0200,,trial_1_3_Practice Trials - SYMBIOTIK graphs_2023_2026-06-15_17h24.45.014.csv,6,1,fully_adapted,,5,True,5.431881999946199,5.431881999946199,guillem,False,5,True,True,False,all adaptation levels,,,,,,,,,
samples/6 node/6_nodes_S00143/no_caption/nodes_size_value.png,6.0,2.0,size_nodes,Count the number of MALWARE nodes with high connection counts (node size 7-10),,Count the number of MALWARE nodes with high connection counts (node size 7-10),0.0,4.0,4.0,22.0,186.6306404999923,,,,,,,,,186.61623089993373,186.6306404999923,186.6306404999923,201.62568139994983,201.6256964999484,201.6428181999363,202.627367899986,202.62740859994665,202.69609560002573,202.69609560002573,220.62433779996357,2.0,213.0879829999758,0.0883370999945327,220.6268751999596,220.64024019998035,220.64024019998035,224.62656929995865,224.6265807999298,224.6265975999413,,,,,trial_1_3,1,2026-06-15_17h24.45.014,Practice Trials - SYMBIOTIK graphs_2023,2024.1.0,,2026-06-15 17h24.52.980347 +0200,,trial_1_3_Practice Trials - SYMBIOTIK graphs_2023_2026-06-15_17h24.45.014.csv,6,2,semi_adapted,size_nodes,2,True,10.391887399950065,10.391887399950065,guillem,False,2,True,True,False,all adaptation levels,,,,,,,,,
samples/6 node/6_nodes_S00077/no_caption/fully_adapted.png,6.0,2.0,fully_adapted,Count the number of MALWARE nodes connected with at least 1 with a high confidence edge ( confidence 7-10).,0.0,Count the number of MALWARE nodes connected with at least 1 with a high confidence edge ( confidence 7-10).,0.0,5.0,5.0,12.0,224.64470810000785,,,,,,,,,224.626820400008,224.64470810000785,224.64470810000785,239.6393267000094,239.6393398999935,239.65653419995212,240.6397298999364,240.63976869999897,240.72025879996363,240.72025879996363,258.64218890003394,0.0,251.5765020999825,0.32767759996932,258.644813299994,258.65745269996114,258.65745269996114,262.64477999997325,262.6448108999757,262.64484369999263,,,,,trial_1_3,1,2026-06-15_17h24.45.014,Practice Trials - SYMBIOTIK graphs_2023,2024.1.0,,2026-06-15 17h24.52.980347 +0200,,trial_1_3_Practice Trials - SYMBIOTIK graphs_2023_2026-06-15_17h24.45.014.csv,6,2,fully_adapted,,0,True,10.85624330001886,10.85624330001886,guillem,False,0,True,True,False,all adaptation levels,,,,,,,,,
samples/12 node/12_nodes_S00027/no_caption/non_adapted.png,12.0,2.0,non_adapted,Count the number of ATTACK PATTERN nodes connected with at least 1 low confidence edge? (confidence of 1-3).,,Count the number of ATTACK PATTERN nodes connected with at least 1 low confidence edge? (confidence of 1-3).,0.0,6.0,6.0,31.0,262.6670492999256,,,,,,,,,262.6452453000238,262.6670492999256,262.6670492999256,277.6554139000364,277.6554356999696,277.67194259993266,278.65448199992534,278.6545219999971,278.7320984000107,278.7320984000107,296.6542895999737,,,,296.6571973999962,296.6718108999776,296.6718108999776,300.6568624000065,300.656882399926,300.6569085000083,,,,,trial_1_3,1,2026-06-15_17h24.45.014,Practice Trials - SYMBIOTIK graphs_2023,2024.1.0,,2026-06-15 17h24.52.980347 +0200,,trial_1_3_Practice Trials - SYMBIOTIK graphs_2023_2026-06-15_17h24.45.014.csv,12,2,non_adapted,,,False,,,guillem,False,5,True,False,False,all adaptation levels,,,,,,,,,
samples/6 node/6_nodes_S00131/no_caption/nodes_size_value.png,6.0,1.0,size_nodes,Count the number of nodes with high connection counts (node size 7-10),,Count the number of nodes with high connection counts (node size 7-10),0.0,7.0,7.0,18.0,300.6723813000135,,,,,,,,,300.6572687999578,300.6723813000135,300.6723813000135,315.6694351999322,315.66944830003195,315.6848587000277,316.670978799928,316.6710643999977,316.7660648999736,316.7660648999736,334.6691261000233,3.0,321.3196192999603,0.0960545999696478,334.6716857999563,334.68387349997647,334.68387349997647,338.6719518000027,338.6719679000089,338.6719865000341,,,,,trial_1_3,1,2026-06-15_17h24.45.014,Practice Trials - SYMBIOTIK graphs_2023,2024.1.0,,2026-06-15 17h24.52.980347 +0200,,trial_1_3_Practice Trials - SYMBIOTIK graphs_2023_2026-06-15_17h24.45.014.csv,6,1,semi_adapted,size_nodes,3,True,4.5535543999866945,4.5535543999866945,guillem,False,3,True,True,False,all adaptation levels,,,,,,,,,
samples/12 node/12_nodes_S00072/no_caption/fully_adapted.png,12.0,1.0,fully_adapted,How many CYBER OBSERVABLE nodes are in the graph?,3.0,How many CYBER OBSERVABLE nodes are in the graph?,0.0,8.0,8.0,32.0,338.7026867000386,,,,,,,,,338.6722479999298,338.7026867000386,338.7026867000386,353.6828223000048,353.68283499998506,353.70072359999176,354.68615399999544,354.68620599992573,354.77191529993434,354.77191529993434,372.68728019995615,3.0,360.58574429992586,0.0788799000438302,372.6900498999749,372.7118628999451,372.7118628999451,376.6879766000202,376.6879907000112,376.6880079000257,,,,,trial_1_3,1,2026-06-15_17h24.45.014,Practice Trials - SYMBIOTIK graphs_2023,2024.1.0,,2026-06-15 17h24.52.980347 +0200,,trial_1_3_Practice Trials - SYMBIOTIK graphs_2023_2026-06-15_17h24.45.014.csv,12,1,fully_adapted,,3,True,5.813828999991529,5.813828999991529,guillem,False,3,True,True,False,all adaptation levels,,,,,,,,,
samples/6 node/6_nodes_S00128/no_caption/nodes_color_type.png,6.0,1.0,color_nodes,How many nodes have TLP:GREEN?,1.0,How many nodes have TLP:GREEN?,0.0,9.0,9.0,17.0,376.7036116999807,,,,,,,,,376.6882562999381,376.7036116999807,376.7036116999807,391.6979697999777,391.69798669999,391.7162815999473,392.7001115999883,392.7001638000365,392.783649399993,392.783649399993,410.69783419999294,1.0,395.503520200029,0.1846941999392584,410.7001787000336,410.7137408999261,410.7137408999261,414.701013199985,414.7010279999813,414.7010475000134,,,,,trial_1_3,1,2026-06-15_17h24.45.014,Practice Trials - SYMBIOTIK graphs_2023,2024.1.0,,2026-06-15 17h24.52.980347 +0200,,trial_1_3_Practice Trials - SYMBIOTIK graphs_2023_2026-06-15_17h24.45.014.csv,6,1,semi_adapted,color_nodes,1,True,2.7198708000360057,2.7198708000360057,guillem,False,1,True,True,False,all adaptation levels,,,,,,,,,
samples/6 node/6_nodes_S00008/no_caption/non_adapted.png,6.0,1.0,non_adapted,Count the number of nodes with high connection counts (node size 7-10),,Count the number of nodes with high connection counts (node size 7-10),0.0,10.0,10.0,2.0,414.71646299993154,,,,,,,,,414.70135410001967,414.71646299993154,414.71646299993154,429.71354319993407,429.71355620003305,429.7293800000334,430.7145763000008,430.7146340999752,430.7997607999714,430.7997607999714,448.711856000009,2.0,435.3917026999407,0.0797039000317454,448.71538700000383,448.729350599926,448.729350599926,452.7154244999401,452.7154385999311,452.7154565999517,,,,,trial_1_3,1,2026-06-15_17h24.45.014,Practice Trials - SYMBIOTIK graphs_2023,2024.1.0,,2026-06-15 17h24.52.980347 +0200,,trial_1_3_Practice Trials - SYMBIOTIK graphs_2023_2026-06-15_17h24.45.014.csv,6,1,non_adapted,,2,True,4.591941899969299,4.591941899969299,guillem,False,2,True,True,False,all adaptation levels,,,,,,,,,
samples/12 node/12_nodes_S00012/no_caption/non_adapted.png,12.0,1.0,non_adapted,How many low confidence (confidence 1-3) edges exist in the graph?,,How many low confidence (confidence 1-3) edges exist in the graph?,0.0,11.0,11.0,27.0,452.741666899994,,,,,,,,,452.7157106000232,452.741666899994,452.741666899994,467.7282892999938,467.7283074000152,467.7461435999721,468.7294852000196,468.7295274999924,468.8200788999675,468.8200788999675,486.7268819999881,8.0,477.8476636999985,0.0886275999946519,486.72949089994654,486.74231619993225,486.74231619993225,490.73080909997225,490.7308264999883,490.7308474000311,,,,,trial_1_3,1,2026-06-15_17h24.45.014,Practice Trials - SYMBIOTIK graphs_2023,2024.1.0,,2026-06-15 17h24.52.980347 +0200,,trial_1_3_Practice Trials - SYMBIOTIK graphs_2023_2026-06-15_17h24.45.014.csv,12,1,non_adapted,,8,True,9.027584800031036,9.027584800031036,guillem,False,8,True,True,False,all adaptation levels,,,,,,,,,
samples/6 node/6_nodes_S00146/no_caption/edge_width_connection_number.png,6.0,2.0,edge_width,Count the number of ATTACK PATTERN nodes connected with at least 1 low confidence edge? (confidence of 1-3).,,Count the number of ATTACK PATTERN nodes connected with at least 1 low confidence edge? (confidence of 1-3).,0.0,12.0,12.0,23.0,490.74841000000015,,,,,,,,,490.7311370000243,490.74841000000015,490.74841000000015,505.7440954999765,505.7441094999667,505.7580981999636,506.7440115000354,506.7440490999725,506.83782270003576,506.83782270003576,524.7424988999264,2.0,517.9274020999437,0.1044492999790236,524.7454472000245,524.7602384999627,524.7602384999627,528.7444513000082,528.7444656000007,528.7444839000236,,,,,trial_1_3,1,2026-06-15_17h24.45.014,Practice Trials - SYMBIOTIK graphs_2023,2024.1.0,,2026-06-15 17h24.52.980347 +0200,,trial_1_3_Practice Trials - SYMBIOTIK graphs_2023_2026-06-15_17h24.45.014.csv,6,2,semi_adapted,edge_width,2,True,11.089579399907961,11.089579399907961,guillem,False,2,True,True,False,all adaptation levels,,,,,,,,,
samples/12 node/12_nodes_S00138/no_caption/nodes_color_type.png,12.0,1.0,color_nodes,How many nodes have TLP:GREEN?,4.0,How many nodes have TLP:GREEN?,0.0,13.0,13.0,41.0,528.7633783000056,,,,,,,,,528.744732299936,528.7633783000056,528.7633783000056,543.7583064000355,543.7583257999504,543.7732211999828,544.7602821999462,544.7603293999564,544.849071900011,544.849071900011,562.7569316999288,4.0,547.6318714999361,0.1132359000621363,562.7597745999228,562.7718124999665,562.7718124999665,566.7581999999238,566.7582172999391,566.758237299975,,,,,trial_1_3,1,2026-06-15_17h24.45.014,Practice Trials - SYMBIOTIK graphs_2023,2024.1.0,,2026-06-15 17h24.52.980347 +0200,,trial_1_3_Practice Trials - SYMBIOTIK graphs_2023_2026-06-15_17h24.45.014.csv,12,1,semi_adapted,color_nodes,4,True,2.782799599925056,2.782799599925056,guillem,False,4,True,True,False,all adaptation levels,,,,,,,,,
samples/12 node/12_nodes_S00084/no_caption/fully_adapted.png,12.0,1.0,fully_adapted,How many low confidence (confidence 1-3) edges exist in the graph?,,How many low confidence (confidence 1-3) edges exist in the graph?,0.0,14.0,14.0,35.0,566.7768978999229,,,,,,,,,566.7585390999448,566.7768978999229,566.7768978999229,581.7760552000254,581.7760701000225,581.7894356999313,582.7727685000282,582.772816099925,582.8700626000063,582.8700626000063,600.7700971999438,7.0,589.0008096999954,0.1199854000005871,600.7726248999825,600.7876560000004,600.7876560000004,604.7590363000054,604.7590491999872,604.7590681000147,,,,,trial_1_3,1,2026-06-15_17h24.45.014,Practice Trials - SYMBIOTIK graphs_2023,2024.1.0,,2026-06-15 17h24.52.980347 +0200,,trial_1_3_Practice Trials - SYMBIOTIK graphs_2023_2026-06-15_17h24.45.014.csv,12,1,fully_adapted,,7,True,6.130747099989094,6.130747099989094,guillem,False,7,True,True,False,all adaptation levels,,,,,,,,,
samples/12 node/12_nodes_S00015/no_caption/non_adapted.png,12.0,2.0,non_adapted,Count the number of MALWARE nodes connected with at least 1 with a high confidence edge ( confidence 7-10).,2.0,Count the number of MALWARE nodes connected with at least 1 with a high confidence edge ( confidence 7-10).,0.0,15.0,15.0,28.0,604.77417530003,,,,,,,,,604.7593209999613,604.77417530003,604.77417530003,619.7690095999278,619.7690291999606,619.7876927999314,620.7704501999542,620.7704893000191,620.8698447999777,620.8698447999777,638.7686919999542,2.0,632.8888160999632,0.0871397000737488,638.7713820999488,638.7858670999995,638.7858670999995,642.7597780999495,642.7597960999701,642.7598168000113,,,,,trial_1_3,1,2026-06-15_17h24.45.014,Practice Trials - SYMBIOTIK graphs_2023,2024.1.0,,2026-06-15 17h24.52.980347 +0200,,trial_1_3_Practice Trials - SYMBIOTIK graphs_2023_2026-06-15_17h24.45.014.csv,12,2,non_adapted,,2,True,12.018971299985424,12.018971299985424,guillem,False,2,True,True,False,all adaptation levels,,,,,,,,,
samples/12 node/12_nodes_S00156/no_caption/edge_width_connection_number.png,12.0,2.0,edge_width,Count the number of ATTACK PATTERN nodes connected with at least 1 low confidence edge? (confidence of 1-3).,,Count the number of ATTACK PATTERN nodes connected with at least 1 low confidence edge? (confidence of 1-3).,0.0,16.0,16.0,47.0,642.7782597999321,,,,,,,,,642.7601494999835,642.7782597999321,642.7782597999321,657.7680679999758,657.7680834999774,657.7864112999523,658.7691080999793,658.7691493999446,658.8682507999474,658.8682507999474,676.7673585999291,4.0,671.5439041999634,0.111497399979271,676.7706723000156,676.7852748000296,676.7852748000296,680.7706470999401,680.7706608999288,680.7706782999448,,,,,trial_1_3,1,2026-06-15_17h24.45.014,Practice Trials - SYMBIOTIK graphs_2023,2024.1.0,,2026-06-15 17h24.52.980347 +0200,,trial_1_3_Practice Trials - SYMBIOTIK graphs_2023_2026-06-15_17h24.45.014.csv,12,2,semi_adapted,edge_width,4,True,12.675653400016017,12.675653400016017,guillem,False,4,True,True,False,all adaptation levels,,,,,,,,,
samples/12 node/12_nodes_S00075/no_caption/fully_adapted.png,12.0,1.0,fully_adapted,How many nodes have TLP:GREEN?,4.0,How many nodes have TLP:GREEN?,0.0,17.0,17.0,33.0,680.7866207000334,,,,,,,,,680.7709169000154,680.7866207000334,680.7866207000334,695.7823559999233,695.7823821000056,695.8001088999445,696.7834539000178,696.7834942999762,696.8712475999491,696.8712475999491,714.7811548999744,4.0,702.0805122000165,0.0872791999718174,714.7838341000024,714.7965576000279,714.7965576000279,718.7850366999628,718.7850513999583,718.7850715999957,,,,,trial_1_3,1,2026-06-15_17h24.45.014,Practice Trials - SYMBIOTIK graphs_2023,2024.1.0,,2026-06-15 17h24.52.980347 +0200,,trial_1_3_Practice Trials - SYMBIOTIK graphs_2023_2026-06-15_17h24.45.014.csv,12,1,fully_adapted,,4,True,5.209264600067399,5.209264600067399,guillem,False,4,True,True,False,all adaptation levels,,,,,,,,,
samples/12 node/12_nodes_S00024/no_caption/non_adapted.png,12.0,2.0,non_adapted,Count the number of MALWARE nodes with high connection counts (node size 7-10),,Count the number of MALWARE nodes with high connection counts (node size 7-10),0.0,18.0,18.0,30.0,718.801994199981,,,,,,,,,718.78532549995,718.801994199981,718.801994199981,733.800569199957,733.8005868999753,733.8134849999333,734.7982125999406,734.7982776999706,734.8862857000204,734.8862857000204,752.7968475000234,3.0,751.2796338000335,0.0722143999300897,752.7993862000294,752.8124229999958,752.8124229999958,756.7986149999779,756.7986277999589,756.7986454999773,,,,,trial_1_3,1,2026-06-15_17h24.45.014,Practice Trials - SYMBIOTIK graphs_2023,2024.1.0,,2026-06-15 17h24.52.980347 +0200,,trial_1_3_Practice Trials - SYMBIOTIK graphs_2023_2026-06-15_17h24.45.014.csv,12,2,non_adapted,,3,True,16.3933481000131,16.3933481000131,guillem,False,3,True,True,False,all adaptation levels,,,,,,,,,
samples/6 node/6_nodes_S00026/no_caption/non_adapted.png,6.0,2.0,non_adapted,Count the number of ATTACK PATTERN nodes connected with at least 1 low confidence edge? (confidence of 1-3).,,Count the number of ATTACK PATTERN nodes connected with at least 1 low confidence edge? (confidence of 1-3).,0.0,19.0,19.0,7.0,756.8179341999348,,,,,,,,,756.7988814000273,756.8179341999348,756.8179341999348,771.8136559999548,771.8136748999823,771.8296389000025,772.814488700009,772.8145305999788,772.9099583999487,772.9099583999487,790.811555000022,1.0,780.9516199999489,0.12842239998281,790.8140941000311,790.8272865000181,790.8272865000181,794.8159510999685,794.8159659999656,794.8159851999953,,,,,trial_1_3,1,2026-06-15_17h24.45.014,Practice Trials - SYMBIOTIK graphs_2023,2024.1.0,,2026-06-15 17h24.52.980347 +0200,,trial_1_3_Practice Trials - SYMBIOTIK graphs_2023_2026-06-15_17h24.45.014.csv,6,2,non_adapted,,1,True,8.041661600000225,8.041661600000225,guillem,False,1,True,True,False,all adaptation levels,,,,,,,,,
samples/12 node/12_nodes_S00009/no_caption/non_adapted.png,12.0,1.0,non_adapted,Count the number of nodes with high connection counts (node size 7-10),,Count the number of nodes with high connection counts (node size 7-10),0.0,20.0,20.0,26.0,794.8309443999315,,,,,,,,,794.8162423999747,794.8309443999315,794.8309443999315,809.8256780999945,809.8256917999825,809.8434297000058,810.8277943999274,810.8278333999915,810.9268521999475,810.9268521999475,828.8310477000196,6.0,820.4640893000178,0.1190969999879598,828.8335026999703,828.8434474000242,828.8434474000242,832.8298614999512,832.8298756999429,832.8298945999704,,,,,trial_1_3,1,2026-06-15_17h24.45.014,Practice Trials - SYMBIOTIK graphs_2023,2024.1.0,,2026-06-15 17h24.52.980347 +0200,,trial_1_3_Practice Trials - SYMBIOTIK graphs_2023_2026-06-15_17h24.45.014.csv,12,1,non_adapted,,6,True,9.537237100070342,9.537237100070342,guillem,False,7,True,False,False,all adaptation levels,,,,,,,,,
samples/12 node/12_nodes_S00141/no_caption/nodes_size_value.png,12.0,1.0,size_nodes,Count the number of nodes with high connection counts (node size 7-10),,Count the number of nodes with high connection counts (node size 7-10),0.0,21.0,21.0,42.0,832.8460877999896,,,,,,,,,832.830188699998,832.8460877999896,832.8460877999896,847.8419855999527,847.8419998999452,847.8587480999995,848.8423477000324,848.8423996999627,848.9458588999696,848.9458588999696,866.8408820999321,1.0,861.943166699959,0.097109799971804,866.8433908999432,866.8577438000357,866.8577438000357,870.8426327999914,870.8426458999747,870.8426637999946,,,,,trial_1_3,1,2026-06-15_17h24.45.014,Practice Trials - SYMBIOTIK graphs_2023,2024.1.0,,2026-06-15 17h24.52.980347 +0200,,trial_1_3_Practice Trials - SYMBIOTIK graphs_2023_2026-06-15_17h24.45.014.csv,12,1,semi_adapted,size_nodes,1,True,12.997307799989358,12.997307799989358,guillem,False,4,True,False,False,all adaptation levels,,,,,,,,,
samples/12 node/12_nodes_S00144/no_caption/edge_width_connection_number.png,12.0,1.0,edge_width,How many low confidence (confidence 1-3) edges exist in the graph?,,How many low confidence (confidence 1-3) edges exist in the graph?,0.0,22.0,22.0,43.0,870.8605659999885,,,,,,,,,870.8429214999778,870.8605659999885,870.8605659999885,885.85538860003,885.855403500027,885.8720437999582,886.8573913000291,886.8574436999625,886.9454916999675,886.9454916999675,904.855308500002,3.0,891.9120118999854,0.0954879999626427,904.8585167999844,904.8746888999594,904.8746888999594,908.8611304999796,908.861153799924,908.8611829000292,,,,,trial_1_3,1,2026-06-15_17h24.45.014,Practice Trials - SYMBIOTIK graphs_2023,2024.1.0,,2026-06-15 17h24.52.980347 +0200,,trial_1_3_Practice Trials - SYMBIOTIK graphs_2023_2026-06-15_17h24.45.014.csv,12,1,semi_adapted,edge_width,3,True,4.96652020001784,4.96652020001784,guillem,False,3,True,True,False,all adaptation levels,,,,,,,,,
samples/6 node/6_nodes_S00137/no_caption/nodes_shape_tlp.png,6.0,2.0,shape_nodes,Count the number of MALWARE nodes connected with at least 1 with a high confidence edge ( confidence 7-10).,2.0,Count the number of MALWARE nodes connected with at least 1 with a high confidence edge ( confidence 7-10).,0.0,23.0,23.0,20.0,908.8788639999692,,,,,,,,,908.861535300035,908.8788639999692,908.8788639999692,923.870873900014,923.8708882000064,923.887749699992,924.8708378999728,924.87088209996,924.9615453999722,924.9615453999722,942.8692521000048,2.0,933.2075574999908,0.191629400011152,942.8718321999768,942.8866244000384,942.8866244000384,946.8730487999272,946.873064699932,946.8731001999696,,,,,trial_1_3,1,2026-06-15_17h24.45.014,Practice Trials - SYMBIOTIK graphs_2023,2024.1.0,,2026-06-15 17h24.52.980347 +0200,,trial_1_3_Practice Trials - SYMBIOTIK graphs_2023_2026-06-15_17h24.45.014.csv,6,2,semi_adapted,shape_nodes,2,True,8.24601210001856,8.24601210001856,guillem,False,2,True,True,False,all adaptation levels,,,,,,,,,
samples/6 node/6_nodes_S00074/no_caption/fully_adapted.png,6.0,1.0,fully_adapted,How many low confidence (confidence 1-3) edges exist in the graph?,,How many low confidence (confidence 1-3) edges exist in the graph?,0.0,24.0,24.0,11.0,946.89089229994,,,,,,,,,946.873365300009,946.89089229994,946.89089229994,961.8857198000188,961.8857328000012,961.9016354000196,962.8853353000012,962.8853774999734,962.9786027999362,962.9786027999362,980.8888977000024,2.0,965.839810500038,0.1273174999514594,980.89134750003,980.901871399954,980.901871399954,984.8895326999482,984.8895502999658,1164.8864869999234,984.9244541999652,,,,trial_1_3,1,2026-06-15_17h24.45.014,Practice Trials - SYMBIOTIK graphs_2023,2024.1.0,,2026-06-15 17h24.52.980347 +0200,,trial_1_3_Practice Trials - SYMBIOTIK graphs_2023_2026-06-15_17h24.45.014.csv,6,1,fully_adapted,,2,True,2.8612077001017724,2.8612077001017724,guillem,False,2,True,True,False,all adaptation levels,,,,,,,,,
samples/6 node/6_nodes_S00080/no_caption/fully_adapted.png,6.0,2.0,fully_adapted,Count the number of nodes with TLP:RED connected to at least 1 node with high connection count (node size 7-10).,1.0,Count the number of nodes with TLP:RED connected to at least 1 node with high connection count (node size 7-10).,0.0,25.0,25.0,13.0,1164.9047600999477,,,,,,,,,1164.8868449999718,1164.9047600999477,1164.9047600999477,1179.882332499954,1179.8823455999373,1179.8977287999587,1180.8843403999929,1180.8843784999335,1180.9872065000236,1180.9872065000236,1198.888456200017,2.0,1196.14464329998,0.0796489999629557,1198.8916752999648,1198.901454799925,1198.901454799925,1202.886388199986,1202.8864074000155,1202.88643329998,,,,,trial_1_3,1,2026-06-15_17h24.45.014,Practice Trials - SYMBIOTIK graphs_2023,2024.1.0,,2026-06-15 17h24.52.980347 +0200,,trial_1_3_Practice Trials - SYMBIOTIK graphs_2023_2026-06-15_17h24.45.014.csv,6,2,fully_adapted,,2,True,15.157436799956486,15.157436799956486,guillem,False,1,True,False,False,all adaptation levels,,,,,,,,,
samples/6 node/6_nodes_S00134/no_caption/edge_width_connection_number.png,6.0,1.0,edge_width,How many low confidence (confidence 1-3) edges exist in the graph?,,How many low confidence (confidence 1-3) edges exist in the graph?,0.0,26.0,26.0,19.0,1202.9046578999842,,,,,,,,,1202.8867276000092,1202.9046578999842,1202.9046578999842,1217.8984550000168,1217.898486800026,1217.9130430000369,1218.9023038999876,1218.90235009999,1219.002328600036,1219.002328600036,1236.8944698999403,3.0,1221.399410999962,0.0653080999618396,1236.896919199964,1236.9132938999685,1236.9132938999685,1240.8996239999542,1240.899644499994,1240.899670099956,,,,,trial_1_3,1,2026-06-15_17h24.45.014,Practice Trials - SYMBIOTIK graphs_2023,2024.1.0,,2026-06-15 17h24.52.980347 +0200,,trial_1_3_Practice Trials - SYMBIOTIK graphs_2023_2026-06-15_17h24.45.014.csv,6,1,semi_adapted,edge_width,3,True,2.397082399925921,2.397082399925921,guillem,False,3,True,True,False,all adaptation levels,,,,,,,,,
samples/12 node/12_nodes_S00093/no_caption/fully_adapted.png,12.0,2.0,fully_adapted,Count the number of MALWARE nodes with high connection counts (node size 7-10),,Count the number of MALWARE nodes with high connection counts (node size 7-10),0.0,27.0,27.0,38.0,1240.9164510000264,,,,,,,,,1240.900093400036,1240.9164510000264,1240.9164510000264,1255.9101508000167,1255.9101658000145,1255.928334999946,1256.912925799959,1256.9129775000038,1256.9968252999242,1256.9968252999242,1274.9160543000326,1.0,1264.2077676999616,0.1195093999849632,1274.918799599982,1274.9290943000233,1274.9290943000233,1278.915530600003,1278.9155475000152,1278.9155671999324,,,,,trial_1_3,1,2026-06-15_17h24.45.014,Practice Trials - SYMBIOTIK graphs_2023,2024.1.0,,2026-06-15 17h24.52.980347 +0200,,trial_1_3_Practice Trials - SYMBIOTIK graphs_2023_2026-06-15_17h24.45.014.csv,12,2,fully_adapted,,1,True,7.210942400037311,7.210942400037311,guillem,False,1,True,True,False,all adaptation levels,,,,,,,,,
samples/12 node/12_nodes_S00081/no_caption/fully_adapted.png,12.0,1.0,fully_adapted,Count the number of nodes with high connection counts (node size 7-10),,Count the number of nodes with high connection counts (node size 7-10),0.0,28.0,28.0,34.0,1278.931459799991,,,,,,,,,1278.915835199994,1278.931459799991,1278.931459799991,1293.927857600036,1293.9278770999515,1293.942529299995,1294.930430599954,1294.9304735999322,1295.0158834999893,1295.0158834999893,1312.925295999972,7.0,1305.207670600037,0.1893779999809339,1312.927853900008,1312.941296300036,1312.941296300036,1316.928406000021,1316.9284569999436,1316.9284852999265,,,,,trial_1_3,1,2026-06-15_17h24.45.014,Practice Trials - SYMBIOTIK graphs_2023,2024.1.0,,2026-06-15 17h24.52.980347 +0200,,trial_1_3_Practice Trials - SYMBIOTIK graphs_2023_2026-06-15_17h24.45.014.csv,12,1,fully_adapted,,7,True,10.191787100047804,10.191787100047804,guillem,False,7,True,True,False,all adaptation levels,,,,,,,,,
samples/12 node/12_nodes_S00003/no_caption/non_adapted.png,12.0,1.0,non_adapted,How many CYBER OBSERVABLE nodes are in the graph?,4.0,How many CYBER OBSERVABLE nodes are in the graph?,0.0,29.0,29.0,24.0,1316.946582000004,,,,,,,,,1316.9288668000372,1316.946582000004,1316.946582000004,1331.930570699973,1331.9305841999594,1331.9412339000264,1332.9258326999843,1332.9258790999884,1333.0213466000278,1333.0213466000278,1350.9395950000037,4.0,1340.9597465000115,0.111892299959436,1350.943578699953,1350.9594258000143,1350.9594258000143,1354.9436722999671,1354.9436894999817,1354.9437091000143,,,,,trial_1_3,1,2026-06-15_17h24.45.014,Practice Trials - SYMBIOTIK graphs_2023,2024.1.0,,2026-06-15 17h24.52.980347 +0200,,trial_1_3_Practice Trials - SYMBIOTIK graphs_2023_2026-06-15_17h24.45.014.csv,12,1,non_adapted,,4,True,7.938399899983779,7.938399899983779,guillem,False,4,True,True,False,all adaptation levels,,,1333.0213466000278,,,,,,
samples/12 node/12_nodes_S00006/no_caption/non_adapted.png,12.0,1.0,non_adapted,How many nodes have TLP:GREEN?,1.0,How many nodes have TLP:GREEN?,0.0,30.0,30.0,25.0,1354.9622514999935,,,,,,,,,1354.9439702000236,1354.9622514999935,1354.9622514999935,1369.9544514999725,1369.9544652999612,1369.9728392999386,1370.955413699965,1370.9554534000345,1371.0556662000015,1371.0556662000015,1388.9527243999764,1.0,1379.95084960002,0.2647879999130964,1388.9551204999443,1388.9706437999848,1388.9706437999848,1392.9573999999557,1392.957417699974,1392.9574379000114,,,,,trial_1_3,1,2026-06-15_17h24.45.014,Practice Trials - SYMBIOTIK graphs_2023,2024.1.0,,2026-06-15 17h24.52.980347 +0200,,trial_1_3_Practice Trials - SYMBIOTIK graphs_2023_2026-06-15_17h24.45.014.csv,12,1,non_adapted,,1,True,8.895183400018595,8.895183400018595,guillem,False,1,True,True,False,all adaptation levels,,,,,,,,,
samples/12 node/12_nodes_S00087/no_caption/fully_adapted.png,12.0,2.0,fully_adapted,Count the number of MALWARE nodes connected with at least 1 with a high confidence edge ( confidence 7-10).,3.0,Count the number of MALWARE nodes connected with at least 1 with a high confidence edge ( confidence 7-10).,0.0,31.0,31.0,36.0,1392.9746580999345,,,,,,,,,1392.9577096999856,1392.9746580999345,1392.9746580999345,1407.9760945999296,1407.9761176999891,1407.9872386000352,1408.9697651999304,1408.9698023999808,1409.0559315999271,1409.0559315999271,1426.970790399937,3.0,1418.183283500024,0.152090199990198,1426.9740458999297,1426.9909885999514,1426.9909885999514,1430.9713455999736,1430.9713600999676,1430.971380000003,,,,,trial_1_3,1,2026-06-15_17h24.45.014,Practice Trials - SYMBIOTIK graphs_2023,2024.1.0,,2026-06-15 17h24.52.980347 +0200,,trial_1_3_Practice Trials - SYMBIOTIK graphs_2023_2026-06-15_17h24.45.014.csv,12,2,fully_adapted,,3,True,9.127351900096755,9.127351900096755,guillem,False,3,True,True,False,all adaptation levels,,,,,,,,,
samples/6 node/6_nodes_S00014/no_caption/non_adapted.png,6.0,1.0,non_adapted,How many low confidence (confidence 1-3) edges exist in the graph?,,How many low confidence (confidence 1-3) edges exist in the graph?,0.0,32.0,32.0,3.0,1430.9892059999984,,,,,,,,,1430.9716378999874,1430.9892059999984,1430.9892059999984,1445.9835739999544,1445.98358869995,1446.0035709999502,1446.9875667999731,1446.9876044000266,1447.0868410000112,1447.0868410000112,1464.987507999991,3.0,1451.6234736000188,0.1114437999203801,1464.9902839999413,1465.0012616999447,1465.0012616999447,1468.9715718999505,1468.9715872999514,1468.9716067999834,,,,,trial_1_3,1,2026-06-15_17h24.45.014,Practice Trials - SYMBIOTIK graphs_2023,2024.1.0,,2026-06-15 17h24.52.980347 +0200,,trial_1_3_Practice Trials - SYMBIOTIK graphs_2023_2026-06-15_17h24.45.014.csv,6,1,non_adapted,,3,True,4.536632600007579,4.536632600007579,guillem,False,3,True,True,False,all adaptation levels,,,,,,,,,
samples/6 node/6_nodes_S00065/no_caption/fully_adapted.png,6.0,1.0,fully_adapted,How many CYBER OBSERVABLE nodes are in the graph?,2.0,How many CYBER OBSERVABLE nodes are in the graph?,0.0,33.0,33.0,8.0,1468.9898101999424,,,,,,,,,1468.97190819995,1468.9898101999424,1468.9898101999424,1483.98346769996,1483.9834809999447,1483.999174800003,1484.9845685999608,1484.984619900002,1485.0858850999502,1485.0858850999502,1502.9818880999228,2.0,1490.5435543999774,0.0557968999492004,1502.986352399923,1502.9989992999472,1502.9989992999472,1506.9864347999685,1506.9864483999554,1506.986468499992,,,,,trial_1_3,1,2026-06-15_17h24.45.014,Practice Trials - SYMBIOTIK graphs_2023,2024.1.0,,2026-06-15 17h24.52.980347 +0200,,trial_1_3_Practice Trials - SYMBIOTIK graphs_2023_2026-06-15_17h24.45.014.csv,6,1,fully_adapted,,2,True,5.457669300027192,5.457669300027192,guillem,False,2,True,True,False,all adaptation levels,,,,,,,,,
samples/12 node/12_nodes_S00096/no_caption/fully_adapted.png,12.0,2.0,fully_adapted,Count the number of ATTACK PATTERN nodes connected with at least 1 low confidence edge? (confidence of 1-3).,,Count the number of ATTACK PATTERN nodes connected with at least 1 low confidence edge? (confidence of 1-3).,0.0,34.0,34.0,39.0,1507.0037112999707,,,,,,,,,1506.9867280999897,1507.0037112999707,1507.0037112999707,1521.9969492999371,1521.9969677999616,1522.0149982000005,1522.9994604999663,1522.9995144000277,1523.1035924999742,1523.1035924999742,1540.9953824999975,4.0,1536.4801707000006,0.094989400007762,1540.9981669000117,1541.0130597000243,1541.0130597000243,1545.0000141999917,1545.000038599945,1545.0000700999517,,,,,trial_1_3,1,2026-06-15_17h24.45.014,Practice Trials - SYMBIOTIK graphs_2023,2024.1.0,,2026-06-15 17h24.52.980347 +0200,,trial_1_3_Practice Trials - SYMBIOTIK graphs_2023_2026-06-15_17h24.45.014.csv,12,2,fully_adapted,,4,True,13.376578200026415,13.376578200026415,guillem,False,4,True,True,False,all adaptation levels,,,,,,,,,
samples/6 node/6_nodes_S00140/no_caption/nodes_color_type.png,6.0,2.0,color_nodes,Count the number of nodes with TLP:RED connected to at least 1 node with high connection count (node size 7-10).,0.0,Count the number of nodes with TLP:RED connected to at least 1 node with high connection count (node size 7-10).,0.0,35.0,35.0,21.0,1545.019137799973,,,,,,,,,1545.0003660999937,1545.019137799973,1545.019137799973,1560.0110911999363,1560.0111055999296,1560.028788700001,1561.0114846000215,1561.011520299944,1561.1155931999674,1561.1155931999674,1579.0102817999432,0.0,1566.9756044000387,0.1273434999166056,1579.0130565,1579.0290412999457,1579.0290412999457,1583.0157117999624,1583.015727699967,1583.0157469999976,,,,,trial_1_3,1,2026-06-15_17h24.45.014,Practice Trials - SYMBIOTIK graphs_2023,2024.1.0,,2026-06-15 17h24.52.980347 +0200,,trial_1_3_Practice Trials - SYMBIOTIK graphs_2023_2026-06-15_17h24.45.014.csv,6,2,semi_adapted,color_nodes,0,True,5.8600112000713125,5.8600112000713125,guillem,False,0,True,True,False,all adaptation levels,,,,,,,,,
samples/6 node/6_nodes_S00005/no_caption/non_adapted.png,6.0,1.0,non_adapted,How many nodes have TLP:GREEN?,3.0,How many nodes have TLP:GREEN?,0.0,36.0,36.0,1.0,1583.0325419999426,,,,,,,,,1583.0160205999855,1583.0325419999426,1583.0325419999426,1598.0285581999924,1598.0285770000191,1598.0437427000145,1599.0361150000244,1599.0361549999798,1599.119580999948,1599.119580999948,1617.025488300016,3.0,1604.998998099938,0.0880579000804573,1617.028005799977,1617.041159400018,1617.041159400018,1621.0278539999854,1621.0278667999664,1621.0278861999975,,,,,trial_1_3,1,2026-06-15_17h24.45.014,Practice Trials - SYMBIOTIK graphs_2023,2024.1.0,,2026-06-15 17h24.52.980347 +0200,,trial_1_3_Practice Trials - SYMBIOTIK graphs_2023_2026-06-15_17h24.45.014.csv,6,1,non_adapted,,3,True,5.879417099989951,5.879417099989951,guillem,False,3,True,True,False,all adaptation levels,,,,,,,,,
samples/6 node/6_nodes_S00125/no_caption/nodes_shape_tlp.png,6.0,1.0,shape_nodes,How many CYBER OBSERVABLE nodes are in the graph?,2.0,How many CYBER OBSERVABLE nodes are in the graph?,0.0,37.0,37.0,16.0,1621.0455452000024,,,,,,,,,1621.028138799942,1621.0455452000024,1621.0455452000024,1636.0422111999942,1636.0422249999829,1636.056706300005,1637.0415366999805,1637.0415959999664,1637.1381871999474,1637.1381871999474,1655.050956799998,2.0,1639.7988686999306,0.0881954000797122,1655.053841499961,1655.0612165000057,1655.0612165000057,1659.043744900031,1659.043759400025,1659.043778199935,,,,,trial_1_3,1,2026-06-15_17h24.45.014,Practice Trials - SYMBIOTIK graphs_2023,2024.1.0,,2026-06-15 17h24.52.980347 +0200,,trial_1_3_Practice Trials - SYMBIOTIK graphs_2023_2026-06-15_17h24.45.014.csv,6,1,semi_adapted,shape_nodes,2,True,2.660681499983184,2.660681499983184,guillem,False,2,True,True,False,all adaptation levels,,,,,,,,,
samples/12 node/12_nodes_S00150/no_caption/nodes_color_type.png,12.0,2.0,color_nodes,Count the number of nodes with TLP:RED connected to at least 1 node with high connection count (node size 7-10).,6.0,Count the number of nodes with TLP:RED connected to at least 1 node with high connection count (node size 7-10).,0.0,38.0,38.0,45.0,1659.0662074999418,,,,,,,,,1659.044075199985,1659.0662074999418,1659.0662074999418,1674.0569133999525,1674.0569283999505,1674.0754311999772,1675.055915200035,1675.0559569000034,1675.1514474999858,1675.1514474999858,1693.0541425999254,,,,1693.0564647000283,1693.0730414999416,1693.0730414999416,1697.0584103999429,1697.0584246999351,1697.0584439999657,,,,,trial_1_3,1,2026-06-15_17h24.45.014,Practice Trials - SYMBIOTIK graphs_2023,2024.1.0,,2026-06-15 17h24.52.980347 +0200,,trial_1_3_Practice Trials - SYMBIOTIK graphs_2023_2026-06-15_17h24.45.014.csv,12,2,semi_adapted,color_nodes,,False,,,guillem,False,6,True,False,False,all adaptation levels,,,,,,,,,
samples/6 node/6_nodes_S00083/no_caption/fully_adapted.png,6.0,2.0,fully_adapted,Count the number of MALWARE nodes with high connection counts (node size 7-10),,Count the number of MALWARE nodes with high connection counts (node size 7-10),0.0,39.0,39.0,14.0,1697.0744603000348,,,,,,,,,1697.0587224999908,1697.0744603000348,1697.0744603000348,1712.070769199985,1712.0707833999768,1712.0894401000114,1713.070804100018,1713.0708418999566,1713.1646114999894,1713.1646114999894,1731.069971699966,1.0,1718.3272255000193,0.1276087999576702,1731.0727133000037,1731.0858469000086,1731.0858469000086,1735.0734111999627,1735.073433500016,1735.0734604999889,,,,,trial_1_3,1,2026-06-15_17h24.45.014,Practice Trials - SYMBIOTIK graphs_2023,2024.1.0,,2026-06-15 17h24.52.980347 +0200,,trial_1_3_Practice Trials - SYMBIOTIK graphs_2023_2026-06-15_17h24.45.014.csv,6,2,fully_adapted,,1,True,5.162614000029862,5.162614000029862,guillem,False,1,True,True,False,all adaptation levels,,,,,,,,,
samples/6 node/6_nodes_S00017/no_caption/non_adapted.png,6.0,2.0,non_adapted,Count the number of MALWARE nodes connected with at least 1 with a high confidence edge ( confidence 7-10).,1.0,Count the number of MALWARE nodes connected with at least 1 with a high confidence edge ( confidence 7-10).,0.0,40.0,40.0,4.0,1735.0935490999836,,,,,,,,,1735.0738018000266,1735.0935490999836,1735.0935490999836,1750.0846314999508,1750.0846459999448,1750.1025882000104,1751.074448899948,1751.074514899985,1751.1682443999453,1751.1682443999453,1769.085003299988,1.0,1764.174643300008,0.0880030000116676,1769.088372600032,1769.1005943999626,1769.1005943999626,1773.0872063999996,1773.0872200999877,1773.087237300002,,,,,trial_1_3,1,2026-06-15_17h24.45.014,Practice Trials - SYMBIOTIK graphs_2023,2024.1.0,,2026-06-15 17h24.52.980347 +0200,,trial_1_3_Practice Trials - SYMBIOTIK graphs_2023_2026-06-15_17h24.45.014.csv,6,2,non_adapted,,1,True,13.006398900062777,13.006398900062777,guillem,False,1,True,True,False,all adaptation levels,,,,,,,,,
samples/6 node/6_nodes_S00020/no_caption/non_adapted.png,6.0,2.0,non_adapted,Count the number of nodes with TLP:RED connected to at least 1 node with high connection count (node size 7-10).,2.0,Count the number of nodes with TLP:RED connected to at least 1 node with high connection count (node size 7-10).,0.0,41.0,41.0,5.0,1773.1046493999893,,,,,,,,,1773.0874762999592,1773.1046493999893,1773.1046493999893,1788.1009592999471,1788.1009743999457,1788.1167133999988,1789.100774199935,1789.1008153000148,1789.199945500004,1789.199945500004,1807.099359899992,3.0,1805.4557559000093,0.0711418000282719,1807.102427299949,1807.1160515999652,1807.1160515999652,1811.1023931000384,1811.1024079000344,1811.102427299949,,,,,trial_1_3,1,2026-06-15_17h24.45.014,Practice Trials - SYMBIOTIK graphs_2023,2024.1.0,,2026-06-15 17h24.52.980347 +0200,,trial_1_3_Practice Trials - SYMBIOTIK graphs_2023_2026-06-15_17h24.45.014.csv,6,2,non_adapted,,3,True,16.255810400005203,16.255810400005203,guillem,False,2,True,False,False,all adaptation levels,,,,,,,,,
samples/6 node/6_nodes_S00086/no_caption/fully_adapted.png,6.0,2.0,fully_adapted,Count the number of ATTACK PATTERN nodes connected with at least 1 low confidence edge? (confidence of 1-3).,,Count the number of ATTACK PATTERN nodes connected with at least 1 low confidence edge? (confidence of 1-3).,0.0,42.0,42.0,15.0,1811.1254973999455,,,,,,,,,1811.1026980000315,1811.1254973999455,1811.1254973999455,1826.113914799993,1826.113930099993,1826.1318585999545,1827.1174732999643,1827.1175141999263,1827.211185000022,1827.211185000022,1845.114494599984,0.0,1839.2159420999235,0.206758200074546,1845.1180659999368,1845.130766700022,1845.130766700022,1849.1077898000367,1849.107814899995,1849.1078380999388,,,,,trial_1_3,1,2026-06-15_17h24.45.014,Practice Trials - SYMBIOTIK graphs_2023,2024.1.0,,2026-06-15 17h24.52.980347 +0200,,trial_1_3_Practice Trials - SYMBIOTIK graphs_2023_2026-06-15_17h24.45.014.csv,6,2,fully_adapted,,0,True,12.004757099901553,12.004757099901553,guillem,False,0,True,True,False,all adaptation levels,,,,,,,,,
samples/6 node/6_nodes_S00071/no_caption/fully_adapted.png,6.0,1.0,fully_adapted,Count the number of nodes with high connection counts (node size 7-10),,Count the number of nodes with high connection counts (node size 7-10),0.0,43.0,43.0,10.0,1849.1217981999507,,,,,,,,,1849.1081195999868,1849.1217981999507,1849.1217981999507,1864.1133218000175,1864.1133352000036,1864.129333699937,1865.1164089000083,1865.116446799948,1865.207221299992,1865.207221299992,1883.111908799969,2.0,1876.598865899956,0.2004918999737128,1883.1143903000047,1883.127945999964,1883.127945999964,1887.1163719999604,1887.1163906999864,1887.116412500036,,,,,trial_1_3,1,2026-06-15_17h24.45.014,Practice Trials - SYMBIOTIK graphs_2023,2024.1.0,,2026-06-15 17h24.52.980347 +0200,,trial_1_3_Practice Trials - SYMBIOTIK graphs_2023_2026-06-15_17h24.45.014.csv,6,1,fully_adapted,,2,True,11.391644599964138,11.391644599964138,guillem,False,1,True,False,False,all adaptation levels,,,,,,,,,
samples/6 node/6_nodes_S00002/no_caption/non_adapted.png,6.0,1.0,non_adapted,How many CYBER OBSERVABLE nodes are in the graph?,5.0,How many CYBER OBSERVABLE nodes are in the graph?,0.0,44.0,44.0,0.0,1887.1327709000325,,,,,,,,,1887.1166938999668,1887.1327709000325,1887.1327709000325,1902.1330113000004,1902.1330253999915,1902.142996700015,1903.1341806999408,1903.134218499996,1903.2241572999628,1903.2241572999628,1921.125132999965,5.0,1907.519093699986,0.1040952999610453,1921.128177899984,1921.1428969999545,1921.1428969999545,1925.1298114999663,1925.1298326000103,1925.1298535999376,,,,,trial_1_3,1,2026-06-15_17h24.45.014,Practice Trials - SYMBIOTIK graphs_2023,2024.1.0,,2026-06-15 17h24.52.980347 +0200,,trial_1_3_Practice Trials - SYMBIOTIK graphs_2023_2026-06-15_17h24.45.014.csv,6,1,non_adapted,,5,True,4.294936400023062,4.294936400023062,guillem,False,5,True,True,False,all adaptation levels,,,,,,,,,
samples/12 node/12_nodes_S00090/no_caption/fully_adapted.png,12.0,2.0,fully_adapted,Count the number of nodes with TLP:RED connected to at least 1 node with high connection count (node size 7-10).,1.0,Count the number of nodes with TLP:RED connected to at least 1 node with high connection count (node size 7-10).,0.0,45.0,45.0,37.0,1925.1452419999987,,,,,,,,,1925.1302114999853,1925.1452419999987,1925.1452419999987,1940.141438100021,1940.141455300036,1940.1586765999675,1941.143098099972,1941.143137200037,1941.233691300033,1941.233691300033,1959.140072899987,1.0,1955.7108763,0.288123199949041,1959.1430008999305,1959.1575719999385,1959.1575719999385,1963.1450368999504,1963.1450546999693,1963.1450738999995,,,,,trial_1_3,1,2026-06-15_17h24.45.014,Practice Trials - SYMBIOTIK graphs_2023,2024.1.0,,2026-06-15 17h24.52.980347 +0200,,trial_1_3_Practice Trials - SYMBIOTIK graphs_2023_2026-06-15_17h24.45.014.csv,12,2,fully_adapted,,1,True,14.477184999967221,14.477184999967221,guillem,False,1,True,True,False,all adaptation levels,,,,,,,,,
samples/12 node/12_nodes_S00153/no_caption/nodes_size_value.png,12.0,2.0,size_nodes,Count the number of MALWARE nodes with high connection counts (node size 7-10),,Count the number of MALWARE nodes with high connection counts (node size 7-10),0.0,46.0,46.0,46.0,1963.1613196999533,,,,,,,,,1963.1453384000345,1963.1613196999533,1963.1613196999533,1978.158098999993,1978.158135899925,1978.1848208999727,1979.164139600005,1979.1641848,1979.2561906999908,1979.2561906999908,1997.1555254999548,1.0,1989.3919652999607,0.1664691000478342,1997.158090199926,1997.171462700004,1997.171462700004,2001.1594828999368,2001.15949729993,2001.1595161999576,,,,,trial_1_3,1,2026-06-15_17h24.45.014,Practice Trials - SYMBIOTIK graphs_2023,2024.1.0,,2026-06-15 17h24.52.980347 +0200,,trial_1_3_Practice Trials - SYMBIOTIK graphs_2023_2026-06-15_17h24.45.014.csv,12,2,semi_adapted,size_nodes,1,True,10.135774599969864,10.135774599969864,guillem,False,1,True,True,False,all adaptation levels,,,,,,,,,
samples/12 node/12_nodes_S00135/no_caption/nodes_shape_tlp.png,12.0,1.0,shape_nodes,How many CYBER OBSERVABLE nodes are in the graph?,4.0,How many CYBER OBSERVABLE nodes are in the graph?,0.0,47.0,47.0,40.0,2001.175265899976,,,,,,,,,2001.1597660999976,2001.175265899976,2001.175265899976,2016.172247199924,2016.1722612000303,2016.187917400035,2017.1725211000305,2017.17258090002,2017.2737406999804,2017.2737406999804,2035.1743416999236,4.0,2022.9665455999784,0.1375837000086903,2035.1768698999656,2035.187452499988,2035.187452499988,2039.173960099928,2039.173981099972,2039.1740015000105,,,,,trial_1_3,1,2026-06-15_17h24.45.014,Practice Trials - SYMBIOTIK graphs_2023,2024.1.0,,2026-06-15 17h24.52.980347 +0200,,trial_1_3_Practice Trials - SYMBIOTIK graphs_2023_2026-06-15_17h24.45.014.csv,12,1,semi_adapted,shape_nodes,4,True,5.692804899998009,5.692804899998009,guillem,False,4,True,True,False,all adaptation levels,,,,,,,,,
samples/6 node/6_nodes_S00023/no_caption/non_adapted.png,6.0,2.0,non_adapted,Count the number of MALWARE nodes with high connection counts (node size 7-10),,Count the number of MALWARE nodes with high connection counts (node size 7-10),0.0,0.0,0.0,6.0,168.0044584000134,,,,,,,,,167.9627315000398,168.0044584000134,168.0044584000134,182.96468299999836,182.96469540003451,182.98120879998896,183.96673340001144,183.96681650000392,184.05132140003843,184.05132140003843,201.9634298000019,,,,201.96600160002708,201.9941351999878,201.9941351999878,205.966621700034,205.96663510001963,205.96665359998588,,,,,sphynx_6,1,2026-06-23_19h12.02.418,Practice Trials - SYMBIOTIK graphs_2023,2024.1.0,,2026-06-23 19h12.11.967428 +0200,,sphynx_6_Practice Trials - SYMBIOTIK graphs_2023_2026-06-23_19h12.02.418.csv,6,2,non_adapted,,,False,,,Luca,False,0,True,False,False,all adaptation levels,,,,,,,,,
samples/12 node/12_nodes_S00018/no_caption/non_adapted.png,12.0,2.0,non_adapted,Count the number of nodes with TLP:RED connected to at least 1 node with high connection count (node size 7-10).,3.0,Count the number of nodes with TLP:RED connected to at least 1 node with high connection count (node size 7-10).,0.0,1.0,1.0,29.0,205.99718100001337,,,,,,,,,205.9669081000029,205.99718100001337,205.99718100001337,220.97903940000103,220.97905800002627,220.9961188000161,221.980434200028,221.9804858000134,222.06199509999715,222.06199509999715,239.97826599999095,2.0,236.45210799999768,0.0807639000122435,239.98097730003064,239.9947371000308,239.9947371000308,243.9814618999953,243.98148070002208,243.98150480003096,,,,,sphynx_6,1,2026-06-23_19h12.02.418,Practice Trials - SYMBIOTIK graphs_2023,2024.1.0,,2026-06-23 19h12.11.967428 +0200,,sphynx_6_Practice Trials - SYMBIOTIK graphs_2023_2026-06-23_19h12.02.418.csv,12,2,non_adapted,,2,True,14.390112900000531,14.390112900000531,Luca,False,3,True,False,False,all adaptation levels,,,,,,,,,
samples/12 node/12_nodes_S00147/no_caption/nodes_shape_tlp.png,12.0,2.0,shape_nodes,Count the number of MALWARE nodes connected with at least 1 high confidence edge ( confidence 7-10).,2.0,Count the number of MALWARE nodes connected with at least 1 high confidence edge ( confidence 7-10).,0.0,2.0,2.0,44.0,244.0000789000187,,,,,,,,,243.9818415000336,244.0000789000187,244.0000789000187,258.9942366000032,258.99425280001014,259.01022270001704,259.99466960004065,259.9947293000296,260.076215100009,260.076215100009,277.99270599999,,,,277.9957127000089,278.0099397000158,278.0099397000158,281.9973011999973,281.99731639999663,281.9973354000249,,,,,sphynx_6,1,2026-06-23_19h12.02.418,Practice Trials - SYMBIOTIK graphs_2023,2024.1.0,,2026-06-23 19h12.11.967428 +0200,,sphynx_6_Practice Trials - SYMBIOTIK graphs_2023_2026-06-23_19h12.02.418.csv,12,2,semi_adapted,shape_nodes,,False,,,Luca,False,2,True,False,False,all adaptation levels,,,,,,,,,
samples/6 node/6_nodes_S00068/no_caption/fully_adapted.png,6.0,1.0,fully_adapted,How many nodes have TLP:GREEN?,5.0,How many nodes have TLP:GREEN?,0.0,3.0,3.0,9.0,282.0163586999988,,,,,,,,,281.99759109999286,282.0163586999988,282.0163586999988,297.0091291000135,297.0091429000022,297.02559570001904,298.009077100025,298.0091131000081,298.0898834000109,298.0898834000109,316.007762400026,5.0,302.9161177999922,0.1120090000331401,316.0101703000255,316.0244814000325,316.0244814000325,320.01161099999445,320.01162780000595,320.011646900035,,,,,sphynx_6,1,2026-06-23_19h12.02.418,Practice Trials - SYMBIOTIK graphs_2023,2024.1.0,,2026-06-23 19h12.11.967428 +0200,,sphynx_6_Practice Trials - SYMBIOTIK graphs_2023_2026-06-23_19h12.02.418.csv,6,1,fully_adapted,,5,True,4.826234399981331,4.826234399981331,Luca,False,5,True,True,False,all adaptation levels,,,,,,,,,
samples/6 node/6_nodes_S00143/no_caption/nodes_size_value.png,6.0,2.0,size_nodes,Count the number of MALWARE nodes with high connection counts (node size 7-10),,Count the number of MALWARE nodes with high connection counts (node size 7-10),0.0,4.0,4.0,22.0,320.0271120000398,,,,,,,,,320.01192509999964,320.0271120000398,320.0271120000398,335.023260499991,335.0232743000379,335.0400929999887,336.024681000039,336.02471810003044,336.0954638000112,336.0954638000112,354.0255655000219,2.0,347.6122502000071,0.0958252000273205,354.028015399992,354.0568978000083,354.0568978000083,358.0260646000388,358.026088499988,358.02610800002003,,,,,sphynx_6,1,2026-06-23_19h12.02.418,Practice Trials - SYMBIOTIK graphs_2023,2024.1.0,,2026-06-23 19h12.11.967428 +0200,,sphynx_6_Practice Trials - SYMBIOTIK graphs_2023_2026-06-23_19h12.02.418.csv,6,2,semi_adapted,size_nodes,2,True,11.516786399995908,11.516786399995908,Luca,False,2,True,True,False,all adaptation levels,,,,,,,,,
samples/6 node/6_nodes_S00077/no_caption/fully_adapted.png,6.0,2.0,fully_adapted,Count the number of MALWARE nodes connected with at least 1 high confidence edge ( confidence 7-10).,0.0,Count the number of MALWARE nodes connected with at least 1 high confidence edge ( confidence 7-10).,0.0,5.0,5.0,12.0,358.0437186000054,,,,,,,,,358.0263866999885,358.0437186000054,358.0437186000054,373.03800500003854,373.0380190000287,373.05475100001786,374.0405985999969,374.0406421000371,374.1182385000284,374.1182385000284,392.0369880000362,0.0,381.89309279999,0.1111762000364251,392.0393642000272,392.05364520003786,392.05364520003786,396.040863900038,396.040878400032,396.0408964999952,,,,,sphynx_6,1,2026-06-23_19h12.02.418,Practice Trials - SYMBIOTIK graphs_2023,2024.1.0,,2026-06-23 19h12.11.967428 +0200,,sphynx_6_Practice Trials - SYMBIOTIK graphs_2023_2026-06-23_19h12.02.418.csv,6,2,fully_adapted,,0,True,7.774854299961589,7.774854299961589,Luca,False,0,True,True,False,all adaptation levels,,,,,,,,,
samples/12 node/12_nodes_S00027/no_caption/non_adapted.png,12.0,2.0,non_adapted,Count the number of ATTACK PATTERN nodes connected with at least 1 low confidence edge? (confidence of 1-3).,,Count the number of ATTACK PATTERN nodes connected with at least 1 low confidence edge? (confidence of 1-3).,0.0,6.0,6.0,31.0,396.0600230999989,,,,,,,,,396.04113279999,396.0600230999989,396.0600230999989,411.05265070003225,411.0526645000209,411.0693492999999,412.0536453000386,412.0536844999879,412.1378600000171,412.1378600000171,430.05143540003337,,,,430.05375880002975,430.0688256000285,430.0688256000285,434.0551008000039,434.0551168000093,434.0551350000314,,,,,sphynx_6,1,2026-06-23_19h12.02.418,Practice Trials - SYMBIOTIK graphs_2023,2024.1.0,,2026-06-23 19h12.11.967428 +0200,,sphynx_6_Practice Trials - SYMBIOTIK graphs_2023_2026-06-23_19h12.02.418.csv,12,2,non_adapted,,,False,,,Luca,False,5,True,False,False,all adaptation levels,,,,,,,,,
samples/6 node/6_nodes_S00131/no_caption/nodes_size_value.png,6.0,1.0,size_nodes,Count the number of nodes with high connection counts (node size 7-10),,Count the number of nodes with high connection counts (node size 7-10),0.0,7.0,7.0,18.0,434.0714908000082,,,,,,,,,434.0553879000363,434.0714908000082,434.0714908000082,449.0672174000065,449.06723069999134,449.08379180001793,450.0686814000365,450.068721299991,450.1521151000052,450.1521151000052,468.0668821000145,3.0,453.4538275999949,0.0707300000358372,468.0694265000057,468.0828102999949,468.0828102999949,472.0698151999968,472.0698293999885,472.0698470000061,,,,,sphynx_6,1,2026-06-23_19h12.02.418,Practice Trials - SYMBIOTIK graphs_2023,2024.1.0,,2026-06-23 19h12.11.967428 +0200,,sphynx_6_Practice Trials - SYMBIOTIK graphs_2023_2026-06-23_19h12.02.418.csv,6,1,semi_adapted,size_nodes,3,True,3.301712499989719,3.301712499989719,Luca,False,3,True,True,False,all adaptation levels,,,,,,,,,
samples/12 node/12_nodes_S00072/no_caption/fully_adapted.png,12.0,1.0,fully_adapted,How many CYBER OBSERVABLE nodes are in the graph?,3.0,How many CYBER OBSERVABLE nodes are in the graph?,0.0,8.0,8.0,32.0,472.0900912000216,,,,,,,,,472.07009190000826,472.0900912000216,472.0900912000216,487.08175950002624,487.08177340001566,487.0990701999981,488.0831492000143,488.08318170002894,488.1643605999998,488.1643605999998,506.0815259999945,3.0,493.0360747000086,0.0726753000053577,506.08439410000574,506.0981771000079,506.0981771000079,510.0700224000029,510.0700363999931,510.070054700016,,,,,sphynx_6,1,2026-06-23_19h12.02.418,Practice Trials - SYMBIOTIK graphs_2023,2024.1.0,,2026-06-23 19h12.11.967428 +0200,,sphynx_6_Practice Trials - SYMBIOTIK graphs_2023_2026-06-23_19h12.02.418.csv,12,1,fully_adapted,,3,True,4.87171410000883,4.87171410000883,Luca,False,3,True,True,False,all adaptation levels,,,,,,,,,
samples/6 node/6_nodes_S00128/no_caption/nodes_color_type.png,6.0,1.0,color_nodes,How many nodes have TLP:GREEN?,1.0,How many nodes have TLP:GREEN?,0.0,9.0,9.0,17.0,510.0850875999895,,,,,,,,,510.07031340000685,510.0850875999895,510.0850875999895,525.0802754000179,525.080293200037,525.0983083000174,526.0816315000411,526.0816807000083,526.1667205000413,526.1667205000413,544.0787069000071,1.0,528.3398960999912,0.0804323000484146,544.0810224000015,544.0953851999948,544.0953851999948,548.0828342000023,548.0828484999947,548.0828662000131,,,,,sphynx_6,1,2026-06-23_19h12.02.418,Practice Trials - SYMBIOTIK graphs_2023,2024.1.0,,2026-06-23 19h12.11.967428 +0200,,sphynx_6_Practice Trials - SYMBIOTIK graphs_2023_2026-06-23_19h12.02.418.csv,6,1,semi_adapted,color_nodes,1,True,2.1731755999499,2.1731755999499,Luca,False,1,True,True,False,all adaptation levels,,,,,,,,,
samples/6 node/6_nodes_S00008/no_caption/non_adapted.png,6.0,1.0,non_adapted,Count the number of nodes with high connection counts (node size 7-10),,Count the number of nodes with high connection counts (node size 7-10),0.0,10.0,10.0,2.0,548.0995338000357,,,,,,,,,548.0831154999905,548.0995338000357,548.0995338000357,563.0946187000372,563.094634899986,563.1113967000274,564.0951215000241,564.0951599000255,564.1765223999973,564.1765223999973,582.0938196000061,2.0,569.2926065000356,0.0481203999952413,582.0960802999907,582.1100844999892,582.1100844999892,586.0967937000096,586.0968098000158,586.0968285000417,,,,,sphynx_6,1,2026-06-23_19h12.02.418,Practice Trials - SYMBIOTIK graphs_2023,2024.1.0,,2026-06-23 19h12.11.967428 +0200,,sphynx_6_Practice Trials - SYMBIOTIK graphs_2023_2026-06-23_19h12.02.418.csv,6,1,non_adapted,,2,True,5.116084100038279,5.116084100038279,Luca,False,2,True,True,False,all adaptation levels,,,,,,,,,
samples/12 node/12_nodes_S00012/no_caption/non_adapted.png,12.0,1.0,non_adapted,How many low confidence (confidence 1-3) edges exist in the graph?,,How many low confidence (confidence 1-3) edges exist in the graph?,0.0,11.0,11.0,27.0,586.1161037000129,,,,,,,,,586.0970748999971,586.1161037000129,586.1161037000129,601.1094852000242,601.1094978000037,601.126170500007,602.110139700002,602.1101773999981,602.1929275000002,602.1929275000002,620.1087012999924,8.0,610.17247520003,0.048231599968858,620.1114136000397,620.1252650000388,620.1252650000388,624.1118958999868,624.1119111999869,624.1119299000129,,,,,sphynx_6,1,2026-06-23_19h12.02.418,Practice Trials - SYMBIOTIK graphs_2023,2024.1.0,,2026-06-23 19h12.11.967428 +0200,,sphynx_6_Practice Trials - SYMBIOTIK graphs_2023_2026-06-23_19h12.02.418.csv,12,1,non_adapted,,8,True,7.979547700029798,7.979547700029798,Luca,False,8,True,True,False,all adaptation levels,,,,,,,,,
samples/6 node/6_nodes_S00146/no_caption/edge_width_connection_number.png,6.0,2.0,edge_width,Count the number of ATTACK PATTERN nodes connected with at least 1 low confidence edge? (confidence of 1-3).,,Count the number of ATTACK PATTERN nodes connected with at least 1 low confidence edge? (confidence of 1-3).,0.0,12.0,12.0,23.0,624.1290224000113,,,,,,,,,624.112182300014,624.1290224000113,624.1290224000113,639.1273615999962,639.1273767999955,639.1409849000047,640.1251395000145,640.1251804000349,640.2105588000268,640.2105588000268,658.127049600007,2.0,648.523881000001,0.1047174000414088,658.1295022999984,658.140190200007,658.140190200007,662.1261667000363,662.1261823000386,662.1262021000148,,,,,sphynx_6,1,2026-06-23_19h12.02.418,Practice Trials - SYMBIOTIK graphs_2023,2024.1.0,,2026-06-23 19h12.11.967428 +0200,,sphynx_6_Practice Trials - SYMBIOTIK graphs_2023_2026-06-23_19h12.02.418.csv,6,2,semi_adapted,edge_width,2,True,8.313322199974209,8.313322199974209,Luca,False,2,True,True,False,all adaptation levels,,,,,,,,,
samples/12 node/12_nodes_S00138/no_caption/nodes_color_type.png,12.0,1.0,color_nodes,How many nodes have TLP:GREEN?,4.0,How many nodes have TLP:GREEN?,0.0,13.0,13.0,41.0,662.1453429000103,,,,,,,,,662.1264571000356,662.1453429000103,662.1453429000103,677.1402788000414,677.1402952999924,677.1551165000419,678.139831700013,678.1398739999859,678.2219861000194,678.2219861000194,696.1412333000335,4.0,680.3883010999998,0.0799984000041149,696.1437026000349,696.155089900014,696.155089900014,700.1439147000201,700.1439311000286,700.1439504000009,,,,,sphynx_6,1,2026-06-23_19h12.02.418,Practice Trials - SYMBIOTIK graphs_2023,2024.1.0,,2026-06-23 19h12.11.967428 +0200,,sphynx_6_Practice Trials - SYMBIOTIK graphs_2023_2026-06-23_19h12.02.418.csv,12,1,semi_adapted,color_nodes,4,True,2.1663149999803863,2.1663149999803863,Luca,False,4,True,True,False,all adaptation levels,,,,,,,,,
samples/12 node/12_nodes_S00084/no_caption/fully_adapted.png,12.0,1.0,fully_adapted,How many low confidence (confidence 1-3) edges exist in the graph?,,How many low confidence (confidence 1-3) edges exist in the graph?,0.0,14.0,14.0,35.0,700.1603704000008,,,,,,,,,700.1442531000357,700.1603704000008,700.1603704000008,715.1531100000138,715.153125700017,715.1712249999982,716.1549913000199,716.1550317000365,716.2343840000103,716.2343840000103,734.1520522999926,7.0,726.2364434000337,0.0558029999956488,734.1552593000233,734.1701232999912,734.1701232999912,738.1557927000104,738.1558085000142,738.1558281999896,,,,,sphynx_6,1,2026-06-23_19h12.02.418,Practice Trials - SYMBIOTIK graphs_2023,2024.1.0,,2026-06-23 19h12.11.967428 +0200,,sphynx_6_Practice Trials - SYMBIOTIK graphs_2023_2026-06-23_19h12.02.418.csv,12,1,fully_adapted,,7,True,10.002059400023427,10.002059400023427,Luca,False,7,True,True,False,all adaptation levels,,,,,,,,,
samples/12 node/12_nodes_S00015/no_caption/non_adapted.png,12.0,2.0,non_adapted,Count the number of MALWARE nodes connected with at least 1 high confidence edge ( confidence 7-10).,2.0,Count the number of MALWARE nodes connected with at least 1 high confidence edge ( confidence 7-10).,0.0,15.0,15.0,28.0,738.1736105000018,,,,,,,,,738.1561890000012,738.1736105000018,738.1736105000018,753.1681159000145,753.16813190002,753.1845119000063,754.171116499987,754.1711806000094,754.2543983000214,754.2543983000214,772.16718270001,2.0,769.3403684000368,0.1048146999673917,772.1699948000023,772.1847369000316,772.1847369000316,776.1707408000366,776.170755100029,776.1707733999938,,,,,sphynx_6,1,2026-06-23_19h12.02.418,Practice Trials - SYMBIOTIK graphs_2023,2024.1.0,,2026-06-23 19h12.11.967428 +0200,,sphynx_6_Practice Trials - SYMBIOTIK graphs_2023_2026-06-23_19h12.02.418.csv,12,2,non_adapted,,2,True,15.085970100015402,15.085970100015402,Luca,False,2,True,True,False,all adaptation levels,,,,,,,,,
samples/12 node/12_nodes_S00156/no_caption/edge_width_connection_number.png,12.0,2.0,edge_width,Count the number of ATTACK PATTERN nodes connected with at least 1 low confidence edge? (confidence of 1-3).,,Count the number of ATTACK PATTERN nodes connected with at least 1 low confidence edge? (confidence of 1-3).,0.0,16.0,16.0,47.0,776.1886674000416,,,,,,,,,776.1710250999895,776.1886674000416,776.1886674000416,791.1825961000286,791.1826113000279,791.1992052000132,792.183017900039,792.1830589000019,792.2642408999964,792.2642408999964,810.181593300018,,,,810.1840239000157,810.1980733000091,810.1980733000091,814.1849720000173,814.1849867000128,814.1850057000411,,,,,sphynx_6,1,2026-06-23_19h12.02.418,Practice Trials - SYMBIOTIK graphs_2023,2024.1.0,,2026-06-23 19h12.11.967428 +0200,,sphynx_6_Practice Trials - SYMBIOTIK graphs_2023_2026-06-23_19h12.02.418.csv,12,2,semi_adapted,edge_width,,False,,,Luca,False,4,True,False,False,all adaptation levels,,,,,,,,,
samples/12 node/12_nodes_S00075/no_caption/fully_adapted.png,12.0,1.0,fully_adapted,How many nodes have TLP:GREEN?,4.0,How many nodes have TLP:GREEN?,0.0,17.0,17.0,33.0,814.2013918000157,,,,,,,,,814.1852392000146,814.2013918000157,814.2013918000157,829.1973975999863,829.1974094000179,829.2141298000352,830.1975938000251,830.1976340000401,830.2767521000351,830.2767521000351,848.1964513999992,4.0,832.8124346000259,0.1038757999776862,848.1999181000283,848.213311700034,848.213311700034,852.1994273000164,852.1994425000157,852.1994600000326,,,,,sphynx_6,1,2026-06-23_19h12.02.418,Practice Trials - SYMBIOTIK graphs_2023,2024.1.0,,2026-06-23 19h12.11.967428 +0200,,sphynx_6_Practice Trials - SYMBIOTIK graphs_2023_2026-06-23_19h12.02.418.csv,12,1,fully_adapted,,4,True,2.5356824999907985,2.5356824999907985,Luca,False,4,True,True,False,all adaptation levels,,,,,,,,,
samples/12 node/12_nodes_S00024/no_caption/non_adapted.png,12.0,2.0,non_adapted,Count the number of MALWARE nodes with high connection counts (node size 7-10),,Count the number of MALWARE nodes with high connection counts (node size 7-10),0.0,18.0,18.0,30.0,852.2162606000202,,,,,,,,,852.1997064999887,852.2162606000202,852.2162606000202,867.2124930000282,867.2125068000169,867.2284025000408,868.212206199998,868.2122471000184,868.2967860000208,868.2967860000208,886.2108710000175,,,,886.2134092000197,886.2272421999951,886.2272421999951,890.2147276999895,890.2147437999956,890.2147629000247,,,,,sphynx_6,1,2026-06-23_19h12.02.418,Practice Trials - SYMBIOTIK graphs_2023,2024.1.0,,2026-06-23 19h12.11.967428 +0200,,sphynx_6_Practice Trials - SYMBIOTIK graphs_2023_2026-06-23_19h12.02.418.csv,12,2,non_adapted,,,False,,,Luca,False,3,True,False,False,all adaptation levels,,,,,,,,,
samples/6 node/6_nodes_S00026/no_caption/non_adapted.png,6.0,2.0,non_adapted,Count the number of ATTACK PATTERN nodes connected with at least 1 low confidence edge? (confidence of 1-3).,,Count the number of ATTACK PATTERN nodes connected with at least 1 low confidence edge? (confidence of 1-3).,0.0,19.0,19.0,7.0,890.2336471999879,,,,,,,,,890.2150479000411,890.2336471999879,890.2336471999879,905.22920240002,905.229216000007,905.2435861999984,906.2273346000002,906.2273813000064,906.3135677000392,906.3135677000392,924.2252936000004,1.0,914.468145699997,0.1112862000009045,924.2280129000428,924.2434353000136,924.2434353000136,928.2291826999864,928.2292018000152,928.2292224999984,,,,,sphynx_6,1,2026-06-23_19h12.02.418,Practice Trials - SYMBIOTIK graphs_2023,2024.1.0,,2026-06-23 19h12.11.967428 +0200,,sphynx_6_Practice Trials - SYMBIOTIK graphs_2023_2026-06-23_19h12.02.418.csv,6,2,non_adapted,,1,True,8.154577999957723,8.154577999957723,Luca,False,1,True,True,False,all adaptation levels,,,,,,,,,
samples/12 node/12_nodes_S00009/no_caption/non_adapted.png,12.0,1.0,non_adapted,Count the number of nodes with high connection counts (node size 7-10),,Count the number of nodes with high connection counts (node size 7-10),0.0,20.0,20.0,26.0,928.2470341000007,,,,,,,,,928.229503999988,928.2470341000007,928.2470341000007,943.2413704000064,943.241386700014,943.2589761000128,944.2295998000192,944.2296374000144,944.3151238000136,944.3151238000136,962.2402956000296,7.0,952.58824870002,0.0715066000120714,962.2428049999872,962.256752700021,962.256752700021,966.2442911000109,966.244317600038,966.2443617000245,,,,,sphynx_6,1,2026-06-23_19h12.02.418,Practice Trials - SYMBIOTIK graphs_2023,2024.1.0,,2026-06-23 19h12.11.967428 +0200,,sphynx_6_Practice Trials - SYMBIOTIK graphs_2023_2026-06-23_19h12.02.418.csv,12,1,non_adapted,,7,True,8.27312490000645,8.27312490000645,Luca,False,7,True,True,False,all adaptation levels,,,,,,,,,
samples/12 node/12_nodes_S00141/no_caption/nodes_size_value.png,12.0,1.0,size_nodes,Count the number of nodes with high connection counts (node size 7-10),,Count the number of nodes with high connection counts (node size 7-10),0.0,21.0,21.0,42.0,966.26082830003,,,,,,,,,966.2448720000102,966.26082830003,966.26082830003,981.2560808000272,981.2560948000172,981.2724328000332,982.2564218000044,982.2564649000416,982.3394561000168,982.3394561000168,1000.255026000028,4.0,987.2205557000124,0.0711546000093221,1000.2575389000122,1000.2715637999936,1000.2715637999936,1004.258085700043,1004.25810060004,1004.2581189000048,,,,,sphynx_6,1,2026-06-23_19h12.02.418,Practice Trials - SYMBIOTIK graphs_2023,2024.1.0,,2026-06-23 19h12.11.967428 +0200,,sphynx_6_Practice Trials - SYMBIOTIK graphs_2023_2026-06-23_19h12.02.418.csv,12,1,semi_adapted,size_nodes,4,True,4.881099599995537,4.881099599995537,Luca,False,4,True,True,False,all adaptation levels,,,,,,,,,
samples/12 node/12_nodes_S00144/no_caption/edge_width_connection_number.png,12.0,1.0,edge_width,How many low confidence (confidence 1-3) edges exist in the graph?,,How many low confidence (confidence 1-3) edges exist in the graph?,0.0,22.0,22.0,43.0,1004.274911799992,,,,,,,,,1004.2583674000344,1004.274911799992,1004.274911799992,1019.2709186000284,1019.270931600011,1019.2875465000398,1020.2713533000206,1020.2713906000135,1020.3545179000356,1020.3545179000356,1038.258803600038,3.0,1024.3073925999925,0.0725521999993361,1038.2612823999953,1038.271239700029,1038.271239700029,1042.2571852999972,1042.257198300038,1042.257212800032,,,,,sphynx_6,1,2026-06-23_19h12.02.418,Practice Trials - SYMBIOTIK graphs_2023,2024.1.0,,2026-06-23 19h12.11.967428 +0200,,sphynx_6_Practice Trials - SYMBIOTIK graphs_2023_2026-06-23_19h12.02.418.csv,12,1,semi_adapted,edge_width,3,True,3.952874699956851,3.952874699956851,Luca,False,3,True,True,False,all adaptation levels,1042.2727074000286,1042.2727074000286,,,,,,,
samples/6 node/6_nodes_S00137/no_caption/nodes_shape_tlp.png,6.0,2.0,shape_nodes,Count the number of MALWARE nodes connected with at least 1 high confidence edge ( confidence 7-10).,2.0,Count the number of MALWARE nodes connected with at least 1 high confidence edge ( confidence 7-10).,0.0,23.0,23.0,20.0,1042.2727074000286,,,,,,,,,1042.2574448999949,1042.2727074000286,1042.2727074000286,1057.2558396999957,1057.255855800002,1057.268156200007,1058.253562500002,1058.2536008000025,1058.339046700043,1058.339046700043,1076.2713773000287,2.0,1065.3716550000245,0.0965540999895893,1076.2740310000372,1076.2840772999916,1076.2840772999916,1080.270960299997,1080.2710245000198,1080.2710744999931,,,,,sphynx_6,1,2026-06-23_19h12.02.418,Practice Trials - SYMBIOTIK graphs_2023,2024.1.0,,2026-06-23 19h12.11.967428 +0200,,sphynx_6_Practice Trials - SYMBIOTIK graphs_2023_2026-06-23_19h12.02.418.csv,6,2,semi_adapted,shape_nodes,2,True,7.032608299981575,7.032608299981575,Luca,False,2,True,True,False,all adaptation levels,,,1058.339046700043,,1057.268156200007,1057.268156200007,,,
samples/6 node/6_nodes_S00074/no_caption/fully_adapted.png,6.0,1.0,fully_adapted,How many low confidence (confidence 1-3) edges exist in the graph?,,How many low confidence (confidence 1-3) edges exist in the graph?,0.0,24.0,24.0,11.0,1080.290794700035,,,,,,,,,1080.271463000041,1080.290794700035,1080.290794700035,1095.2834647000418,1095.283479400037,1095.300613200001,1096.2846213000012,1096.2846642000368,1096.370590000006,1096.370590000006,1114.282245600014,2.0,1098.9170946000377,0.0869848000002093,1114.2846916000126,1114.2987102000045,1114.2987102000045,1118.2861061000149,1118.2861198000028,1298.284152100037,1118.312735799991,,,,sphynx_6,1,2026-06-23_19h12.02.418,Practice Trials - SYMBIOTIK graphs_2023,2024.1.0,,2026-06-23 19h12.11.967428 +0200,,sphynx_6_Practice Trials - SYMBIOTIK graphs_2023_2026-06-23_19h12.02.418.csv,6,1,fully_adapted,,2,True,2.546504600031767,2.546504600031767,Luca,False,2,True,True,False,all adaptation levels,,,,,,,,,
samples/6 node/6_nodes_S00080/no_caption/fully_adapted.png,6.0,2.0,fully_adapted,Count the number of nodes with TLP:RED connected to at least 1 node with high connection count (node size 7-10).,1.0,Count the number of nodes with TLP:RED connected to at least 1 node with high connection count (node size 7-10).,0.0,25.0,25.0,13.0,1298.3028219999978,,,,,,,,,1298.2844935000176,1298.3028219999978,1298.3028219999978,1313.2796286999946,1313.2796422000392,1313.2972690000315,1314.2818347000284,1314.2818773000035,1314.3623508000164,1314.3623508000164,1332.2787834000192,1.0,1321.603105999995,0.1361568000284023,1332.2811814000015,1332.2954979999922,1332.2954979999922,1336.2822085000223,1336.2822259000386,1336.2822455000132,,,,,sphynx_6,1,2026-06-23_19h12.02.418,Practice Trials - SYMBIOTIK graphs_2023,2024.1.0,,2026-06-23 19h12.11.967428 +0200,,sphynx_6_Practice Trials - SYMBIOTIK graphs_2023_2026-06-23_19h12.02.418.csv,6,2,fully_adapted,,1,True,7.240755199978594,7.240755199978594,Luca,False,1,True,True,False,all adaptation levels,,,,,,,,,
samples/6 node/6_nodes_S00134/no_caption/edge_width_connection_number.png,6.0,1.0,edge_width,How many low confidence (confidence 1-3) edges exist in the graph?,,How many low confidence (confidence 1-3) edges exist in the graph?,0.0,26.0,26.0,19.0,1336.2990225999963,,,,,,,,,1336.2825085000368,1336.2990225999963,1336.2990225999963,1351.294158100034,1351.2941730000312,1351.310887700005,1352.2949066000292,1352.294945100031,1352.377147799998,1352.377147799998,1370.2932587999967,3.0,1356.01928030001,0.1048603000235743,1370.2960470000398,1370.309860200039,1370.309860200039,1374.2966981999923,1374.296713299991,1374.2967314000125,,,,,sphynx_6,1,2026-06-23_19h12.02.418,Practice Trials - SYMBIOTIK graphs_2023,2024.1.0,,2026-06-23 19h12.11.967428 +0200,,sphynx_6_Practice Trials - SYMBIOTIK graphs_2023_2026-06-23_19h12.02.418.csv,6,1,semi_adapted,edge_width,3,True,3.6421325000119396,3.6421325000119396,Luca,False,3,True,True,False,all adaptation levels,,,,,,,,,
samples/12 node/12_nodes_S00093/no_caption/fully_adapted.png,12.0,2.0,fully_adapted,Count the number of MALWARE nodes with high connection counts (node size 7-10),,Count the number of MALWARE nodes with high connection counts (node size 7-10),0.0,27.0,27.0,38.0,1374.3134033000097,,,,,,,,,1374.2969760000124,1374.3134033000097,1374.3134033000097,1389.2964476000052,1389.2964615999954,1389.309456099989,1390.2937391999876,1390.2937754000304,1390.3728816999935,1390.3728816999935,1408.3081898000091,1.0,1397.0757216000347,0.1115323999547399,1408.31089730002,1408.3247441000422,1408.3247441000422,1412.2973072000314,1412.2973271000085,1412.2973471999867,,,,,sphynx_6,1,2026-06-23_19h12.02.418,Practice Trials - SYMBIOTIK graphs_2023,2024.1.0,,2026-06-23 19h12.11.967428 +0200,,sphynx_6_Practice Trials - SYMBIOTIK graphs_2023_2026-06-23_19h12.02.418.csv,12,2,fully_adapted,,1,True,6.702839900041226,6.702839900041226,Luca,False,1,True,True,False,all adaptation levels,,,1390.3728816999935,,1389.309456099989,1389.309456099989,,,
samples/12 node/12_nodes_S00081/no_caption/fully_adapted.png,12.0,1.0,fully_adapted,Count the number of nodes with high connection counts (node size 7-10),,Count the number of nodes with high connection counts (node size 7-10),0.0,28.0,28.0,34.0,1412.3134814000225,,,,,,,,,1412.2976070999866,1412.3134814000225,1412.3134814000225,1427.3092959999922,1427.3093103000429,1427.3242274000077,1428.308300100034,1428.308362599986,1428.393706100003,1428.393706100003,1446.3066539000138,7.0,1440.579515999998,0.1041556000127457,1446.3104364000028,1446.3242923000362,1446.3242923000362,1450.3089789000223,1450.308993500017,1450.309011400037,,,,,sphynx_6,1,2026-06-23_19h12.02.418,Practice Trials - SYMBIOTIK graphs_2023,2024.1.0,,2026-06-23 19h12.11.967428 +0200,,sphynx_6_Practice Trials - SYMBIOTIK graphs_2023_2026-06-23_19h12.02.418.csv,12,1,fully_adapted,,7,True,12.185809899994865,12.185809899994865,Luca,False,7,True,True,False,all adaptation levels,,,,,,,,,
samples/12 node/12_nodes_S00003/no_caption/non_adapted.png,12.0,1.0,non_adapted,How many CYBER OBSERVABLE nodes are in the graph?,4.0,How many CYBER OBSERVABLE nodes are in the graph?,0.0,29.0,29.0,24.0,1450.3265257999883,,,,,,,,,1450.3092636000365,1450.3265257999883,1450.3265257999883,1465.321540600038,1465.3215537000217,1465.339775600005,1466.3092954999884,1466.309336300008,1466.4023889999953,1466.4023889999953,1484.3204729999998,4.0,1474.1948306999984,0.0737092000199481,1484.3229986000224,1484.3371125000413,1484.3371125000413,1488.3241505000042,1488.3241647999969,1488.3241830000188,,,,,sphynx_6,1,2026-06-23_19h12.02.418,Practice Trials - SYMBIOTIK graphs_2023,2024.1.0,,2026-06-23 19h12.11.967428 +0200,,sphynx_6_Practice Trials - SYMBIOTIK graphs_2023_2026-06-23_19h12.02.418.csv,12,1,non_adapted,,4,True,7.79244170000311,7.79244170000311,Luca,False,4,True,True,False,all adaptation levels,,,,,,,,,
samples/12 node/12_nodes_S00006/no_caption/non_adapted.png,12.0,1.0,non_adapted,How many nodes have TLP:GREEN?,1.0,How many nodes have TLP:GREEN?,0.0,30.0,30.0,25.0,1488.3416295000352,,,,,,,,,1488.3244466999895,1488.3416295000352,1488.3416295000352,1503.3369071999914,1503.3369246000077,1503.35459490004,1504.339067200024,1504.3391080999863,1504.4211842000368,1504.4211842000368,1522.3351986000198,1.0,1512.994863800006,0.0887142000137828,1522.3378979000263,1522.3518115000334,1522.3518115000334,1526.339044600027,1526.3390582000138,1526.339076000033,,,,,sphynx_6,1,2026-06-23_19h12.02.418,Practice Trials - SYMBIOTIK graphs_2023,2024.1.0,,2026-06-23 19h12.11.967428 +0200,,sphynx_6_Practice Trials - SYMBIOTIK graphs_2023_2026-06-23_19h12.02.418.csv,12,1,non_adapted,,1,True,8.573679599969182,8.573679599969182,Luca,False,1,True,True,False,all adaptation levels,,,,,,,,,
samples/12 node/12_nodes_S00087/no_caption/fully_adapted.png,12.0,2.0,fully_adapted,Count the number of MALWARE nodes connected with at least 1 high confidence edge ( confidence 7-10).,3.0,Count the number of MALWARE nodes connected with at least 1 high confidence edge ( confidence 7-10).,0.0,31.0,31.0,36.0,1526.3549309000373,,,,,,,,,1526.3393387999968,1526.3549309000373,1526.3549309000373,1541.3505144999945,1541.3505275000352,1541.36746139999,1542.3515018000037,1542.3515425000223,1542.4323790000053,1542.4323790000053,1560.349565200042,3.0,1550.859169000003,0.0878760000341571,1560.3522453000187,1560.3664934000117,1560.3664934000117,1564.3533256000374,1564.3533428999945,1564.3533648999874,,,,,sphynx_6,1,2026-06-23_19h12.02.418,Practice Trials - SYMBIOTIK graphs_2023,2024.1.0,,2026-06-23 19h12.11.967428 +0200,,sphynx_6_Practice Trials - SYMBIOTIK graphs_2023_2026-06-23_19h12.02.418.csv,12,2,fully_adapted,,3,True,8.426789999997709,8.426789999997709,Luca,False,3,True,True,False,all adaptation levels,,,,,,,,,
samples/6 node/6_nodes_S00014/no_caption/non_adapted.png,6.0,1.0,non_adapted,How many low confidence (confidence 1-3) edges exist in the graph?,,How many low confidence (confidence 1-3) edges exist in the graph?,0.0,32.0,32.0,3.0,1564.370587399986,,,,,,,,,1564.3536591000156,1564.370587399986,1564.370587399986,1579.3658298000228,1579.3658423000015,1579.382753700018,1580.366381400032,1580.3664650000285,1580.4489000000176,1580.4489000000176,1598.3647764000343,3.0,1585.6357246999978,0.0635904000373557,1598.3672091999906,1598.3813510999898,1598.3813510999898,1602.3674761999864,1602.367490100034,1602.367507599993,,,,,sphynx_6,1,2026-06-23_19h12.02.418,Practice Trials - SYMBIOTIK graphs_2023,2024.1.0,,2026-06-23 19h12.11.967428 +0200,,sphynx_6_Practice Trials - SYMBIOTIK graphs_2023_2026-06-23_19h12.02.418.csv,6,1,non_adapted,,3,True,5.186824699980207,5.186824699980207,Luca,False,3,True,True,False,all adaptation levels,,,,,,,,,
samples/6 node/6_nodes_S00065/no_caption/fully_adapted.png,6.0,1.0,fully_adapted,How many CYBER OBSERVABLE nodes are in the graph?,2.0,How many CYBER OBSERVABLE nodes are in the graph?,0.0,33.0,33.0,8.0,1602.3845397999976,,,,,,,,,1602.3677474000142,1602.3845397999976,1602.3845397999976,1617.380522600026,1617.3805359000107,1617.396542900009,1618.381278100016,1618.381330200005,1618.4586885999888,1618.4586885999888,1636.3797314999974,2.0,1622.3146981000318,0.072029199975077,1636.3822144999867,1636.3953322999878,1636.3953322999878,1640.3826283999952,1640.3826425999869,1640.3826602000045,,,,,sphynx_6,1,2026-06-23_19h12.02.418,Practice Trials - SYMBIOTIK graphs_2023,2024.1.0,,2026-06-23 19h12.11.967428 +0200,,sphynx_6_Practice Trials - SYMBIOTIK graphs_2023_2026-06-23_19h12.02.418.csv,6,1,fully_adapted,,2,True,3.856009500043001,3.856009500043001,Luca,False,2,True,True,False,all adaptation levels,,,,,,,,,
samples/12 node/12_nodes_S00096/no_caption/fully_adapted.png,12.0,2.0,fully_adapted,Count the number of ATTACK PATTERN nodes connected with at least 1 low confidence edge? (confidence of 1-3).,,Count the number of ATTACK PATTERN nodes connected with at least 1 low confidence edge? (confidence of 1-3).,0.0,34.0,34.0,39.0,1640.398893000034,,,,,,,,,1640.3829061000142,1640.398893000034,1640.398893000034,1655.3947920000064,1655.3948056999943,1655.4114894000231,1656.3961292000022,1656.3961672000005,1656.4742458999972,1656.4742458999972,1674.3975821000058,3.0,1671.962817199994,0.0803140000207349,1674.4004456000405,1674.41054479999,1674.41054479999,1678.3992012999952,1678.3992168999976,1678.3992364000296,,,,,sphynx_6,1,2026-06-23_19h12.02.418,Practice Trials - SYMBIOTIK graphs_2023,2024.1.0,,2026-06-23 19h12.11.967428 +0200,,sphynx_6_Practice Trials - SYMBIOTIK graphs_2023_2026-06-23_19h12.02.418.csv,12,2,fully_adapted,,3,True,15.48857129999692,15.48857129999692,Luca,False,4,True,False,False,all adaptation levels,,,,,,,,,
samples/6 node/6_nodes_S00140/no_caption/nodes_color_type.png,6.0,2.0,color_nodes,Count the number of nodes with TLP:RED connected to at least 1 node with high connection count (node size 7-10).,0.0,Count the number of nodes with TLP:RED connected to at least 1 node with high connection count (node size 7-10).,0.0,35.0,35.0,21.0,1678.4165717000142,,,,,,,,,1678.3994872000185,1678.4165717000142,1678.4165717000142,1693.4096477000276,1693.4096631000284,1693.4266861000217,1694.4106782000165,1694.410734700039,1694.488737000036,1694.488737000036,1712.4082873000298,0.0,1704.3630723000388,0.0891283999662846,1712.410840800032,1712.4251497000223,1712.4251497000223,1716.4122649999915,1716.4122796999873,1716.412300200027,,,,,sphynx_6,1,2026-06-23_19h12.02.418,Practice Trials - SYMBIOTIK graphs_2023,2024.1.0,,2026-06-23 19h12.11.967428 +0200,,sphynx_6_Practice Trials - SYMBIOTIK graphs_2023_2026-06-23_19h12.02.418.csv,6,2,semi_adapted,color_nodes,0,True,9.874335300002713,9.874335300002713,Luca,False,0,True,True,False,all adaptation levels,,,,,,,,,
samples/6 node/6_nodes_S00005/no_caption/non_adapted.png,6.0,1.0,non_adapted,How many nodes have TLP:GREEN?,3.0,How many nodes have TLP:GREEN?,0.0,36.0,36.0,1.0,1716.4288662000326,,,,,,,,,1716.4125807000091,1716.4288662000326,1716.4288662000326,1731.4242611000082,1731.4242775000166,1731.4404567999882,1732.424574500008,1732.4246115999997,1732.502913400007,1732.502913400007,1750.4229835000006,3.0,1739.146676400036,0.1118660999927669,1750.4256588999997,1750.439881600032,1750.439881600032,1754.4265577000333,1754.4265748999896,1754.426596000034,,,,,sphynx_6,1,2026-06-23_19h12.02.418,Practice Trials - SYMBIOTIK graphs_2023,2024.1.0,,2026-06-23 19h12.11.967428 +0200,,sphynx_6_Practice Trials - SYMBIOTIK graphs_2023_2026-06-23_19h12.02.418.csv,6,1,non_adapted,,3,True,6.643763000029139,6.643763000029139,Luca,False,3,True,True,False,all adaptation levels,,,,,,,,,
samples/6 node/6_nodes_S00125/no_caption/nodes_shape_tlp.png,6.0,1.0,shape_nodes,How many CYBER OBSERVABLE nodes are in the graph?,2.0,How many CYBER OBSERVABLE nodes are in the graph?,0.0,37.0,37.0,16.0,1754.4431166999857,,,,,,,,,1754.4268476000289,1754.4431166999857,1754.4431166999857,1769.4386010000017,1769.4386155999964,1769.4555543999886,1770.439756000007,1770.4397945000092,1770.5200669000042,1770.5200669000042,1788.438235300011,2.0,1774.5721484000096,0.1114078999962657,1788.4406922000344,1788.4547953000292,1788.4547953000292,1792.4414574000402,1792.4414736999895,1792.441494400031,,,,,sphynx_6,1,2026-06-23_19h12.02.418,Practice Trials - SYMBIOTIK graphs_2023,2024.1.0,,2026-06-23 19h12.11.967428 +0200,,sphynx_6_Practice Trials - SYMBIOTIK graphs_2023_2026-06-23_19h12.02.418.csv,6,1,semi_adapted,shape_nodes,2,True,4.052081500005443,4.052081500005443,Luca,False,2,True,True,False,all adaptation levels,,,,,,,,,
samples/12 node/12_nodes_S00150/no_caption/nodes_color_type.png,12.0,2.0,color_nodes,Count the number of nodes with TLP:RED connected to at least 1 node with high connection count (node size 7-10).,6.0,Count the number of nodes with TLP:RED connected to at least 1 node with high connection count (node size 7-10).,0.0,38.0,38.0,45.0,1792.4592563000042,,,,,,,,,1792.441746800032,1792.4592563000042,1792.4592563000042,1807.4535357000425,1807.4535510000424,1807.4711455000213,1808.454702900024,1808.4547405000196,1808.5389466999916,1808.5389466999916,1826.4576430000016,5.0,1824.0346501999884,0.0966480000060983,1826.4602935999865,1826.4709992000132,1826.4709992000132,1830.456058599986,1830.4560742999893,1830.456095900037,,,,,sphynx_6,1,2026-06-23_19h12.02.418,Practice Trials - SYMBIOTIK graphs_2023,2024.1.0,,2026-06-23 19h12.11.967428 +0200,,sphynx_6_Practice Trials - SYMBIOTIK graphs_2023_2026-06-23_19h12.02.418.csv,12,2,semi_adapted,color_nodes,5,True,15.495703499996807,15.495703499996807,Luca,False,6,True,False,False,all adaptation levels,,,,,,,,,
samples/6 node/6_nodes_S00083/no_caption/fully_adapted.png,6.0,2.0,fully_adapted,Count the number of MALWARE nodes with high connection counts (node size 7-10),,Count the number of MALWARE nodes with high connection counts (node size 7-10),0.0,39.0,39.0,14.0,1830.4724147000236,,,,,,,,,1830.4563452000148,1830.4724147000236,1830.4724147000236,1845.4693181000184,1845.46933360002,1845.485014600039,1846.4693202000344,1846.469359999988,1846.547193800041,1846.547193800041,1864.4701653000084,1.0,1853.818703700032,0.0959130999981425,1864.472798400035,1864.484266799991,1864.484266799991,1868.4705960000283,1868.470612300036,1868.470631300006,,,,,sphynx_6,1,2026-06-23_19h12.02.418,Practice Trials - SYMBIOTIK graphs_2023,2024.1.0,,2026-06-23 19h12.11.967428 +0200,,sphynx_6_Practice Trials - SYMBIOTIK graphs_2023_2026-06-23_19h12.02.418.csv,6,2,fully_adapted,,1,True,7.271509899991088,7.271509899991088,Luca,False,1,True,True,False,all adaptation levels,,,,,,,,,
samples/6 node/6_nodes_S00017/no_caption/non_adapted.png,6.0,2.0,non_adapted,Count the number of MALWARE nodes connected with at least 1 high confidence edge ( confidence 7-10).,1.0,Count the number of MALWARE nodes connected with at least 1 high confidence edge ( confidence 7-10).,0.0,40.0,40.0,4.0,1868.4877296999912,,,,,,,,,1868.4708892999915,1868.4877296999912,1868.4877296999912,1883.4826808000216,1883.482694300008,1883.5010421000188,1884.483983100043,1884.4840213000423,1884.5708227000432,1884.5708227000432,1902.4816311000031,1.0,1894.1153606000007,0.0958945000311359,1902.4855305000087,1902.49881770002,1902.49881770002,1906.4855945000309,1906.4856096000292,1906.485628099996,,,,,sphynx_6,1,2026-06-23_19h12.02.418,Practice Trials - SYMBIOTIK graphs_2023,2024.1.0,,2026-06-23 19h12.11.967428 +0200,,sphynx_6_Practice Trials - SYMBIOTIK graphs_2023_2026-06-23_19h12.02.418.csv,6,2,non_adapted,,1,True,9.544537899957504,9.544537899957504,Luca,False,1,True,True,False,all adaptation levels,,,,,,,,,
samples/6 node/6_nodes_S00020/no_caption/non_adapted.png,6.0,2.0,non_adapted,Count the number of nodes with TLP:RED connected to at least 1 node with high connection count (node size 7-10).,2.0,Count the number of nodes with TLP:RED connected to at least 1 node with high connection count (node size 7-10).,0.0,41.0,41.0,5.0,1906.5025434000415,,,,,,,,,1906.4858787000408,1906.5025434000415,1906.5025434000415,1921.4973746000323,1921.4974006999985,1921.5141185999964,1922.4982079000329,1922.4982552999863,1922.5793636000017,1922.5793636000017,1940.4965754000004,3.0,1936.32326189999,0.071409800031688,1940.499016000016,1940.513020000013,1940.513020000013,1944.4998010999989,1944.4998147999868,1944.499832000001,,,,,sphynx_6,1,2026-06-23_19h12.02.418,Practice Trials - SYMBIOTIK graphs_2023,2024.1.0,,2026-06-23 19h12.11.967428 +0200,,sphynx_6_Practice Trials - SYMBIOTIK graphs_2023_2026-06-23_19h12.02.418.csv,6,2,non_adapted,,3,True,13.74389829998836,13.74389829998836,Luca,False,2,True,False,False,all adaptation levels,,,,,,,,,
samples/6 node/6_nodes_S00086/no_caption/fully_adapted.png,6.0,2.0,fully_adapted,Count the number of ATTACK PATTERN nodes connected with at least 1 low confidence edge? (confidence of 1-3).,,Count the number of ATTACK PATTERN nodes connected with at least 1 low confidence edge? (confidence of 1-3).,0.0,42.0,42.0,15.0,1944.5184453999973,,,,,,,,,1944.5000677999924,1944.5184453999973,1944.5184453999973,1959.512370900018,1959.5123849000083,1959.5290825000263,1960.513039499987,1960.5130766000368,1960.5918897000372,1960.5918897000372,1978.511338500015,0.0,1967.7544272000089,0.1051756999804638,1978.5139201999991,1978.528007099987,1978.528007099987,1982.5147171000133,1982.514737999998,1982.514759200043,,,,,sphynx_6,1,2026-06-23_19h12.02.418,Practice Trials - SYMBIOTIK graphs_2023,2024.1.0,,2026-06-23 19h12.11.967428 +0200,,sphynx_6_Practice Trials - SYMBIOTIK graphs_2023_2026-06-23_19h12.02.418.csv,6,2,fully_adapted,,0,True,7.162537499971677,7.162537499971677,Luca,False,0,True,True,False,all adaptation levels,,,,,,,,,
samples/6 node/6_nodes_S00071/no_caption/fully_adapted.png,6.0,1.0,fully_adapted,Count the number of nodes with high connection counts (node size 7-10),,Count the number of nodes with high connection counts (node size 7-10),0.0,43.0,43.0,10.0,1982.5309593999991,,,,,,,,,1982.5150371000052,1982.5309593999991,1982.5309593999991,1997.52679969999,1997.5268144999864,1997.5440278000317,1998.5278880000117,1998.5279281000255,1998.6037299000309,1998.6037299000309,2016.5265107000012,1.0,2001.6183370000217,0.0640307000139728,2016.52892870002,2016.5428901000412,2016.5428901000412,2020.5291231999872,2020.5291383999863,2020.5291574000148,,,,,sphynx_6,1,2026-06-23_19h12.02.418,Practice Trials - SYMBIOTIK graphs_2023,2024.1.0,,2026-06-23 19h12.11.967428 +0200,,sphynx_6_Practice Trials - SYMBIOTIK graphs_2023_2026-06-23_19h12.02.418.csv,6,1,fully_adapted,,1,True,3.014607099990826,3.014607099990826,Luca,False,1,True,True,False,all adaptation levels,,,,,,,,,
samples/6 node/6_nodes_S00002/no_caption/non_adapted.png,6.0,1.0,non_adapted,How many CYBER OBSERVABLE nodes are in the graph?,5.0,How many CYBER OBSERVABLE nodes are in the graph?,0.0,44.0,44.0,0.0,2020.5458581999992,,,,,,,,,2020.529414799996,2020.5458581999992,2020.5458581999992,2035.541792300006,2035.54180549999,2035.5582006000327,2036.5427357000297,2036.5427781000035,2036.6203018000235,2036.6203018000235,2054.54061950004,5.0,2042.3550597000285,0.0716804999974556,2054.5430493000317,2054.556724200025,2054.556724200025,2058.5441347000306,2058.544149100024,2058.544166999985,,,,,sphynx_6,1,2026-06-23_19h12.02.418,Practice Trials - SYMBIOTIK graphs_2023,2024.1.0,,2026-06-23 19h12.11.967428 +0200,,sphynx_6_Practice Trials - SYMBIOTIK graphs_2023_2026-06-23_19h12.02.418.csv,6,1,non_adapted,,5,True,5.734757900004979,5.734757900004979,Luca,False,5,True,True,False,all adaptation levels,,,,,,,,,
samples/12 node/12_nodes_S00090/no_caption/fully_adapted.png,12.0,2.0,fully_adapted,Count the number of nodes with TLP:RED connected to at least 1 node with high connection count (node size 7-10).,1.0,Count the number of nodes with TLP:RED connected to at least 1 node with high connection count (node size 7-10).,0.0,45.0,45.0,37.0,2058.5609541999875,,,,,,,,,2058.5444328000303,2058.5609541999875,2058.5609541999875,2073.556422199996,2073.5564370999928,2073.5729995000293,2074.5570847000345,2074.557124599989,2074.633198400028,2074.633198400028,2092.5552008000086,1.0,2085.6021797999856,0.1043850000132806,2092.557754400012,2092.5714222000097,2092.5714222000097,2096.558306700026,2096.5583231000346,2096.55834280001,,,,,sphynx_6,1,2026-06-23_19h12.02.418,Practice Trials - SYMBIOTIK graphs_2023,2024.1.0,,2026-06-23 19h12.11.967428 +0200,,sphynx_6_Practice Trials - SYMBIOTIK graphs_2023_2026-06-23_19h12.02.418.csv,12,2,fully_adapted,,1,True,10.968981399957556,10.968981399957556,Luca,False,1,True,True,False,all adaptation levels,,,,,,,,,
samples/12 node/12_nodes_S00153/no_caption/nodes_size_value.png,12.0,2.0,size_nodes,Count the number of MALWARE nodes with high connection counts (node size 7-10),,Count the number of MALWARE nodes with high connection counts (node size 7-10),0.0,46.0,46.0,46.0,2096.575609599997,,,,,,,,,2096.558590600034,2096.575609599997,2096.575609599997,2111.571212899988,2111.571230900008,2111.5874824000057,2112.5714696000214,2112.57151030004,2112.652021899994,2112.652021899994,2130.5700351000414,1.0,2120.770755500009,0.127925899985712,2130.572390599991,2130.586434800003,2130.586434800003,2134.5731831000303,2134.573200199986,2134.573219200014,,,,,sphynx_6,1,2026-06-23_19h12.02.418,Practice Trials - SYMBIOTIK graphs_2023,2024.1.0,,2026-06-23 19h12.11.967428 +0200,,sphynx_6_Practice Trials - SYMBIOTIK graphs_2023_2026-06-23_19h12.02.418.csv,12,2,semi_adapted,size_nodes,1,True,8.11873360001482,8.11873360001482,Luca,False,1,True,True,False,all adaptation levels,,,,,,,,,
samples/12 node/12_nodes_S00135/no_caption/nodes_shape_tlp.png,12.0,1.0,shape_nodes,How many CYBER OBSERVABLE nodes are in the graph?,4.0,How many CYBER OBSERVABLE nodes are in the graph?,0.0,47.0,47.0,40.0,2134.590759899991,,,,,,,,,2134.573510600021,2134.590759899991,2134.590759899991,2149.5856509000296,2149.5856647000182,2149.603007400001,2150.5862896000035,2150.5863353000022,2150.6736264000065,2150.6736264000065,2168.5843048000243,4.0,2154.6756436,0.0956641000229865,2168.58674649999,2168.6011661000084,2168.6011661000084,2172.587972100009,2172.587992099987,2172.5880113000167,,,,,sphynx_6,1,2026-06-23_19h12.02.418,Practice Trials - SYMBIOTIK graphs_2023,2024.1.0,,2026-06-23 19h12.11.967428 +0200,,sphynx_6_Practice Trials - SYMBIOTIK graphs_2023_2026-06-23_19h12.02.418.csv,12,1,semi_adapted,shape_nodes,4,True,4.002017199993588,4.002017199993588,Luca,False,4,True,True,False,all adaptation levels,,,,,,,,,
samples/6 node/6_nodes_S00023/no_caption/non_adapted.png,6.0,2.0,non_adapted,Count the number of MALWARE nodes with high connection counts (node size 7-10),,Count the number of MALWARE nodes with high connection counts (node size 7-10),0.0,0.0,0.0,6.0,7.751598400005605,,,,,,,,,7.692764800041914,7.751598400005605,7.751598400005605,22.6924083000049,22.692435000033583,22.710938700009137,23.69276260002516,23.69283539999742,23.795861000020523,23.795861000020523,41.69418900000164,0.0,37.90541220002342,0.3692043999908492,41.7039982000133,41.73196740000276,41.73196740000276,45.69841860001907,45.69845409999834,45.698529400047846,,,,,sphynx_5_1,1,2026-06-23_14h47.32.111,Practice Trials - SYMBIOTIK graphs_2023,2024.1.0,,2026-06-23 14h47.43.947020 +0200,,sphynx_5_1_Practice Trials - SYMBIOTIK graphs_2023_2026-06-23_14h47.32.111.csv,6,2,non_adapted,,0,True,14.109551200002898,14.109551200002898,Lucie,False,0,True,True,False,all adaptation levels,,,,,,,,,
samples/12 node/12_nodes_S00018/no_caption/non_adapted.png,12.0,2.0,non_adapted,Count the number of nodes with TLP:RED connected to at least 1 node with high connection count (node size 7-10).,3.0,Count the number of nodes with TLP:RED connected to at least 1 node with high connection count (node size 7-10).,0.0,1.0,1.0,29.0,45.73283910000464,,,,,,,,,45.69932020001579,45.73283910000464,45.73283910000464,60.70880260004196,60.70883080002386,60.72475380002288,61.707777700037695,61.70781450002687,61.79898920003325,61.79898920003325,79.7057904000394,2.0,79.2094783000066,0.3195832000346854,79.70974020002177,79.72433390002698,79.72433390002698,83.7085761000053,83.70859750005184,83.7086307000136,,,,,sphynx_5_1,1,2026-06-23_14h47.32.111,Practice Trials - SYMBIOTIK graphs_2023,2024.1.0,,2026-06-23 14h47.43.947020 +0200,,sphynx_5_1_Practice Trials - SYMBIOTIK graphs_2023_2026-06-23_14h47.32.111.csv,12,2,non_adapted,,2,True,17.410489099973347,17.410489099973347,Lucie,False,3,True,False,False,all adaptation levels,,,,,,,,,
samples/12 node/12_nodes_S00147/no_caption/nodes_shape_tlp.png,12.0,2.0,shape_nodes,Count the number of MALWARE nodes connected with at least 1 high confidence edge ( confidence 7-10).,2.0,Count the number of MALWARE nodes connected with at least 1 high confidence edge ( confidence 7-10).,0.0,2.0,2.0,44.0,83.72757170000114,,,,,,,,,83.7089686000254,83.72757170000114,83.72757170000114,98.72135250002611,98.72137820004718,98.73786130000371,99.722232500033,99.72228280000854,99.84122930001467,99.84122930001467,117.72100140003022,2.0,117.59422790003008,,117.7295384000172,117.75161100004334,117.75161100004334,121.7236679000198,121.7236940000439,121.72373860003428,,,,,sphynx_5_1,1,2026-06-23_14h47.32.111,Practice Trials - SYMBIOTIK graphs_2023,2024.1.0,,2026-06-23 14h47.43.947020 +0200,,sphynx_5_1_Practice Trials - SYMBIOTIK graphs_2023_2026-06-23_14h47.32.111.csv,12,2,semi_adapted,shape_nodes,2,True,17.752998600015403,17.752998600015403,Lucie,False,2,True,True,False,all adaptation levels,,,,,,,,,
samples/6 node/6_nodes_S00068/no_caption/fully_adapted.png,6.0,1.0,fully_adapted,How many nodes have TLP:GREEN?,5.0,How many nodes have TLP:GREEN?,0.0,3.0,3.0,9.0,121.75726060004672,,,,,,,,,121.72424670000328,121.75726060004672,121.75726060004672,136.73769150004955,136.73772650002502,136.75286400003824,137.73624910000945,137.73628630000167,137.84537830000045,137.84537830000045,155.73485560005065,5.0,143.37077490001684,0.3519823999959044,155.7377395000076,155.75171959999716,155.75171959999716,159.7391193000367,159.7391338000307,159.73915360000683,,,,,sphynx_5_1,1,2026-06-23_14h47.32.111,Practice Trials - SYMBIOTIK graphs_2023,2024.1.0,,2026-06-23 14h47.43.947020 +0200,,sphynx_5_1_Practice Trials - SYMBIOTIK graphs_2023_2026-06-23_14h47.32.111.csv,6,1,fully_adapted,,5,True,5.525396600016393,5.525396600016393,Lucie,False,5,True,True,False,all adaptation levels,,,,,,,,,
samples/6 node/6_nodes_S00143/no_caption/nodes_size_value.png,6.0,2.0,size_nodes,Count the number of MALWARE nodes with high connection counts (node size 7-10),,Count the number of MALWARE nodes with high connection counts (node size 7-10),0.0,4.0,4.0,22.0,159.7565665000002,,,,,,,,,159.73940010002116,159.7565665000002,159.7565665000002,174.7513508000411,174.75138349999906,174.7674190000398,175.75147170003038,175.7515384000144,175.85710890003247,175.85710890003247,193.74944520002464,2.0,184.61761450005,0.5036334999604151,193.7520721000037,193.7661840000073,193.7661840000073,197.75304979999785,197.75306430005003,197.75308440002848,,,,,sphynx_5_1,1,2026-06-23_14h47.32.111,Practice Trials - SYMBIOTIK graphs_2023,2024.1.0,,2026-06-23 14h47.43.947020 +0200,,sphynx_5_1_Practice Trials - SYMBIOTIK graphs_2023_2026-06-23_14h47.32.111.csv,6,2,semi_adapted,size_nodes,2,True,8.760505600017524,8.760505600017524,Lucie,False,2,True,True,False,all adaptation levels,,,,,,,,,
samples/6 node/6_nodes_S00077/no_caption/fully_adapted.png,6.0,2.0,fully_adapted,Count the number of MALWARE nodes connected with at least 1 high confidence edge ( confidence 7-10).,0.0,Count the number of MALWARE nodes connected with at least 1 high confidence edge ( confidence 7-10).,0.0,5.0,5.0,12.0,197.7696182000218,,,,,,,,,197.7533264000085,197.7696182000218,197.7696182000218,212.76530320005256,212.76532200002111,212.78173570003128,213.7659810000332,213.76606860000172,213.8974188000429,213.8974188000429,231.76369940000583,2.0,227.06517580000215,0.4966515999985859,231.76718170003733,231.78063540003492,231.78063540003492,235.7674785000272,235.7674968000501,235.7675240000244,,,,,sphynx_5_1,1,2026-06-23_14h47.32.111,Practice Trials - SYMBIOTIK graphs_2023,2024.1.0,,2026-06-23 14h47.43.947020 +0200,,sphynx_5_1_Practice Trials - SYMBIOTIK graphs_2023_2026-06-23_14h47.32.111.csv,6,2,fully_adapted,,2,True,13.167756999959238,13.167756999959238,Lucie,False,0,True,False,False,all adaptation levels,,,,,,,,,
samples/12 node/12_nodes_S00027/no_caption/non_adapted.png,12.0,2.0,non_adapted,Count the number of ATTACK PATTERN nodes connected with at least 1 low confidence edge? (confidence of 1-3).,,Count the number of ATTACK PATTERN nodes connected with at least 1 low confidence edge? (confidence of 1-3).,0.0,6.0,6.0,31.0,235.78753120003967,,,,,,,,,235.76785320002816,235.78753120003967,235.78753120003967,250.78005450003548,250.7800925000338,250.79647700005444,251.7807798000285,251.78092340001604,251.8905971000204,251.8905971000204,269.77858920005383,,,,269.7809913000092,269.7956474000239,269.7956474000239,273.78229930001544,273.78231270000106,273.78233240003465,,,,,sphynx_5_1,1,2026-06-23_14h47.32.111,Practice Trials - SYMBIOTIK graphs_2023,2024.1.0,,2026-06-23 14h47.43.947020 +0200,,sphynx_5_1_Practice Trials - SYMBIOTIK graphs_2023_2026-06-23_14h47.32.111.csv,12,2,non_adapted,,,False,,,Lucie,False,5,True,False,False,all adaptation levels,,,,,,,,,
samples/6 node/6_nodes_S00131/no_caption/nodes_size_value.png,6.0,1.0,size_nodes,Count the number of nodes with high connection counts (node size 7-10),,Count the number of nodes with high connection counts (node size 7-10),0.0,7.0,7.0,18.0,273.8075558000128,,,,,,,,,273.7825856000418,273.8075558000128,273.8075558000128,288.7945959000499,288.79461080004694,288.8116478000302,289.7959416000522,289.7959809000022,289.9136276000063,289.9136276000063,307.79339420003816,3.0,293.09688740002457,0.6088312999927439,307.79818330000853,307.81241710000904,307.81241710000904,311.79782080004225,311.7978576000314,311.79793020000216,,,,,sphynx_5_1,1,2026-06-23_14h47.32.111,Practice Trials - SYMBIOTIK graphs_2023,2024.1.0,,2026-06-23 14h47.43.947020 +0200,,sphynx_5_1_Practice Trials - SYMBIOTIK graphs_2023_2026-06-23_14h47.32.111.csv,6,1,semi_adapted,size_nodes,3,True,3.183259800018277,3.183259800018277,Lucie,False,3,True,True,False,all adaptation levels,,,,,,,,,
samples/12 node/12_nodes_S00072/no_caption/fully_adapted.png,12.0,1.0,fully_adapted,How many CYBER OBSERVABLE nodes are in the graph?,3.0,How many CYBER OBSERVABLE nodes are in the graph?,0.0,8.0,8.0,32.0,311.83919680002145,,,,,,,,,311.7987365000299,311.83919680002145,311.83919680002145,326.8111660000286,326.8112076000544,326.82783590001054,327.8096372000291,327.8096913000336,327.903811199998,327.903811199998,345.8106243000366,3.0,334.4417333000456,0.6073621999821626,345.8134985000361,345.8352339999983,345.8352339999983,349.8115825999994,349.8115968000493,349.8116165000247,,,,,sphynx_5_1,1,2026-06-23_14h47.32.111,Practice Trials - SYMBIOTIK graphs_2023,2024.1.0,,2026-06-23 14h47.43.947020 +0200,,sphynx_5_1_Practice Trials - SYMBIOTIK graphs_2023_2026-06-23_14h47.32.111.csv,12,1,fully_adapted,,3,True,6.537922100047581,6.537922100047581,Lucie,False,3,True,True,False,all adaptation levels,,,,,,,,,
samples/6 node/6_nodes_S00128/no_caption/nodes_color_type.png,6.0,1.0,color_nodes,How many nodes have TLP:GREEN?,1.0,How many nodes have TLP:GREEN?,0.0,9.0,9.0,17.0,349.8274676000001,,,,,,,,,349.8118618000299,349.8274676000001,349.8274676000001,364.8241693000309,364.8241901000147,364.84029820002615,365.8246751000406,365.8247268000269,365.9384610000416,365.9384610000416,383.8226490000379,1.0,369.6817059000023,0.6790786000201479,383.8261784000206,383.8408665000461,383.8408665000461,387.82657180004753,387.826603100053,387.826662800042,,,,,sphynx_5_1,1,2026-06-23_14h47.32.111,Practice Trials - SYMBIOTIK graphs_2023,2024.1.0,,2026-06-23 14h47.43.947020 +0200,,sphynx_5_1_Practice Trials - SYMBIOTIK graphs_2023_2026-06-23_14h47.32.111.csv,6,1,semi_adapted,color_nodes,1,True,3.7432448999607004,3.7432448999607004,Lucie,False,1,True,True,False,all adaptation levels,,,,,,,,,
samples/6 node/6_nodes_S00008/no_caption/non_adapted.png,6.0,1.0,non_adapted,Count the number of nodes with high connection counts (node size 7-10),,Count the number of nodes with high connection counts (node size 7-10),0.0,10.0,10.0,2.0,387.8452783000539,,,,,,,,,387.8272430000361,387.8452783000539,387.8452783000539,402.8382711000159,402.8383008000092,402.8551531000412,403.8395668000449,403.83961520000594,403.93057200004114,403.93057200004114,421.8374919000198,2.0,411.8097329000011,0.4799207000178285,421.842794199998,421.8540095000062,421.8540095000062,425.8403252999997,425.8403398000519,425.8403597000288,,,,,sphynx_5_1,1,2026-06-23_14h47.32.111,Practice Trials - SYMBIOTIK graphs_2023,2024.1.0,,2026-06-23 14h47.43.947020 +0200,,sphynx_5_1_Practice Trials - SYMBIOTIK graphs_2023_2026-06-23_14h47.32.111.csv,6,1,non_adapted,,2,True,7.87916089995997,7.87916089995997,Lucie,False,2,True,True,False,all adaptation levels,,,,,,,,,
samples/12 node/12_nodes_S00012/no_caption/non_adapted.png,12.0,1.0,non_adapted,How many low confidence (confidence 1-3) edges exist in the graph?,,How many low confidence (confidence 1-3) edges exist in the graph?,0.0,11.0,11.0,27.0,425.8666806000401,,,,,,,,,425.8406080999994,425.8666806000401,425.8666806000401,440.85314890003065,440.85316470003454,440.8697672000271,441.8544258000329,441.8545114000444,441.96436650003307,441.96436650003307,459.8524305000319,8.0,453.1772983000265,0.4639232999761589,459.85665460000746,459.8690326000215,459.8690326000215,463.8549719000002,463.854986600054,463.85500730003696,,,,,sphynx_5_1,1,2026-06-23_14h47.32.111,Practice Trials - SYMBIOTIK graphs_2023,2024.1.0,,2026-06-23 14h47.43.947020 +0200,,sphynx_5_1_Practice Trials - SYMBIOTIK graphs_2023_2026-06-23_14h47.32.111.csv,12,1,non_adapted,,8,True,11.212931799993441,11.212931799993441,Lucie,False,8,True,True,False,all adaptation levels,,,,,,,,,
samples/6 node/6_nodes_S00146/no_caption/edge_width_connection_number.png,6.0,2.0,edge_width,Count the number of ATTACK PATTERN nodes connected with at least 1 low confidence edge? (confidence of 1-3).,,Count the number of ATTACK PATTERN nodes connected with at least 1 low confidence edge? (confidence of 1-3).,0.0,12.0,12.0,23.0,463.8733901000232,,,,,,,,,463.8552537000505,463.8733901000232,463.8733901000232,478.867891300004,478.86792420002166,478.8845669000293,479.8685746000265,479.8686279000249,479.9620193000301,479.9620193000301,497.8711685000453,2.0,497.13043810002273,0.5992670999839902,497.87758710002527,497.88750640000217,497.88750640000217,501.8722070000367,501.8722229000414,501.87224520003656,,,,,sphynx_5_1,1,2026-06-23_14h47.32.111,Practice Trials - SYMBIOTIK graphs_2023,2024.1.0,,2026-06-23 14h47.43.947020 +0200,,sphynx_5_1_Practice Trials - SYMBIOTIK graphs_2023_2026-06-23_14h47.32.111.csv,6,2,semi_adapted,edge_width,2,True,17.16841879999265,17.16841879999265,Lucie,False,2,True,True,False,all adaptation levels,,,,,,,,,
samples/12 node/12_nodes_S00138/no_caption/nodes_color_type.png,12.0,1.0,color_nodes,How many nodes have TLP:GREEN?,4.0,How many nodes have TLP:GREEN?,0.0,13.0,13.0,41.0,501.8899120000424,,,,,,,,,501.872765600041,501.8899120000424,501.8899120000424,516.8837731000385,516.8837868000264,516.899426500022,517.88351840002,517.8835567000206,517.9837232000427,517.9837232000427,535.8812402000185,4.0,520.8574746000231,0.6154702000203542,535.8850585000473,535.8987262000446,535.8987262000446,539.885020500049,539.8850345000392,539.8850550000207,,,,,sphynx_5_1,1,2026-06-23_14h47.32.111,Practice Trials - SYMBIOTIK graphs_2023,2024.1.0,,2026-06-23 14h47.43.947020 +0200,,sphynx_5_1_Practice Trials - SYMBIOTIK graphs_2023_2026-06-23_14h47.32.111.csv,12,1,semi_adapted,color_nodes,4,True,2.8737513999803923,2.8737513999803923,Lucie,False,4,True,True,False,all adaptation levels,,,,,,,,,
samples/12 node/12_nodes_S00084/no_caption/fully_adapted.png,12.0,1.0,fully_adapted,How many low confidence (confidence 1-3) edges exist in the graph?,,How many low confidence (confidence 1-3) edges exist in the graph?,0.0,14.0,14.0,35.0,539.9018869000138,,,,,,,,,539.8853054000065,539.9018869000138,539.9018869000138,554.8971545000095,554.8971804000321,554.9138890000177,555.8983701000107,555.8984112000326,556.0083693000488,556.0083693000488,573.8961244000238,7.0,564.3056476000347,0.6158138000173494,573.8994614999974,573.9123812000034,573.9123812000034,577.8997071000049,577.8997231000103,577.89974730002,,,,,sphynx_5_1,1,2026-06-23_14h47.32.111,Practice Trials - SYMBIOTIK graphs_2023,2024.1.0,,2026-06-23 14h47.43.947020 +0200,,sphynx_5_1_Practice Trials - SYMBIOTIK graphs_2023_2026-06-23_14h47.32.111.csv,12,1,fully_adapted,,7,True,8.29727829998592,8.29727829998592,Lucie,False,7,True,True,False,all adaptation levels,,,,,,,,,
samples/12 node/12_nodes_S00015/no_caption/non_adapted.png,12.0,2.0,non_adapted,Count the number of MALWARE nodes connected with at least 1 high confidence edge ( confidence 7-10).,2.0,Count the number of MALWARE nodes connected with at least 1 high confidence edge ( confidence 7-10).,0.0,15.0,15.0,28.0,577.9158116000472,,,,,,,,,577.900014200015,577.9158116000472,577.9158116000472,592.9132697000168,592.9132870000321,592.9286438000272,593.9121919000172,593.912275700015,594.0257707000128,594.0257707000128,611.9106735000387,2.0,611.4811909000273,,611.9143814000417,611.9273146000342,611.9273146000342,615.8998887000489,615.899904400052,615.8999245000305,,,,,sphynx_5_1,1,2026-06-23_14h47.32.111,Practice Trials - SYMBIOTIK graphs_2023,2024.1.0,,2026-06-23 14h47.43.947020 +0200,,sphynx_5_1_Practice Trials - SYMBIOTIK graphs_2023_2026-06-23_14h47.32.111.csv,12,2,non_adapted,,2,True,17.455420200014487,17.455420200014487,Lucie,False,2,True,True,False,all adaptation levels,,,,,,,,,
samples/12 node/12_nodes_S00156/no_caption/edge_width_connection_number.png,12.0,2.0,edge_width,Count the number of ATTACK PATTERN nodes connected with at least 1 low confidence edge? (confidence of 1-3).,,Count the number of ATTACK PATTERN nodes connected with at least 1 low confidence edge? (confidence of 1-3).,0.0,16.0,16.0,47.0,615.9179941000184,,,,,,,,,615.9002083000378,615.9179941000184,615.9179941000184,630.9095550000202,630.909572100034,630.9265136000467,631.9106788000208,631.9107199000427,632.0110009000055,632.0110009000055,649.9094250000198,4.0,647.3933709000121,0.8874726000358351,649.9190540999989,649.9317844000179,649.9317844000179,653.9119263000321,653.9119577000383,653.9120002000127,,,,,sphynx_5_1,1,2026-06-23_14h47.32.111,Practice Trials - SYMBIOTIK graphs_2023,2024.1.0,,2026-06-23 14h47.43.947020 +0200,,sphynx_5_1_Practice Trials - SYMBIOTIK graphs_2023_2026-06-23_14h47.32.111.csv,12,2,semi_adapted,edge_width,4,True,15.382370000006631,15.382370000006631,Lucie,False,4,True,True,False,all adaptation levels,,,,,,,,,
samples/12 node/12_nodes_S00075/no_caption/fully_adapted.png,12.0,1.0,fully_adapted,How many nodes have TLP:GREEN?,4.0,How many nodes have TLP:GREEN?,0.0,17.0,17.0,33.0,653.928089699999,,,,,,,,,653.912373500003,653.928089699999,653.928089699999,668.9246908000205,668.9247116000042,668.9406040000031,669.9254830999998,669.9255813000491,670.029251000029,670.029251000029,687.9237205000245,4.0,674.5926672000205,1.0889215000206605,687.9268917000154,687.939541300002,687.939541300002,691.9269212000072,691.9269343000487,691.9269540000241,,,,,sphynx_5_1,1,2026-06-23_14h47.32.111,Practice Trials - SYMBIOTIK graphs_2023,2024.1.0,,2026-06-23 14h47.43.947020 +0200,,sphynx_5_1_Practice Trials - SYMBIOTIK graphs_2023_2026-06-23_14h47.32.111.csv,12,1,fully_adapted,,4,True,4.5634161999914795,4.5634161999914795,Lucie,False,4,True,True,False,all adaptation levels,,,,,,,,,
samples/12 node/12_nodes_S00024/no_caption/non_adapted.png,12.0,2.0,non_adapted,Count the number of MALWARE nodes with high connection counts (node size 7-10),,Count the number of MALWARE nodes with high connection counts (node size 7-10),0.0,18.0,18.0,30.0,691.9429374000174,,,,,,,,,691.9272348000086,691.9429374000174,691.9429374000174,706.939439400041,706.9394555000472,706.9561216000002,707.9404044999974,707.9404707000358,708.0485322000459,708.0485322000459,725.938726900029,3.0,720.144563400012,0.7528698000242002,725.9413039000356,725.9542655000114,725.9542655000114,729.9415737000527,729.941599200014,729.9416474000318,,,,,sphynx_5_1,1,2026-06-23_14h47.32.111,Practice Trials - SYMBIOTIK graphs_2023,2024.1.0,,2026-06-23 14h47.43.947020 +0200,,sphynx_5_1_Practice Trials - SYMBIOTIK graphs_2023_2026-06-23_14h47.32.111.csv,12,2,non_adapted,,3,True,12.096031199966092,12.096031199966092,Lucie,False,3,True,True,False,all adaptation levels,,,,,,,,,
samples/6 node/6_nodes_S00026/no_caption/non_adapted.png,6.0,2.0,non_adapted,Count the number of ATTACK PATTERN nodes connected with at least 1 low confidence edge? (confidence of 1-3).,,Count the number of ATTACK PATTERN nodes connected with at least 1 low confidence edge? (confidence of 1-3).,0.0,19.0,19.0,7.0,729.9644680000492,,,,,,,,,729.9421479000011,729.9644680000492,729.9644680000492,744.9540103000472,744.9540367000154,744.9706026000204,745.9549632000271,745.9550480000325,746.0617458000197,746.0617458000197,763.9528899000143,0.0,761.4812636999995,0.8008323000394739,763.9567452000338,763.9693358000368,763.9693358000368,767.9564473000355,767.9564598000143,767.9564791000448,,,,,sphynx_5_1,1,2026-06-23_14h47.32.111,Practice Trials - SYMBIOTIK graphs_2023,2024.1.0,,2026-06-23 14h47.43.947020 +0200,,sphynx_5_1_Practice Trials - SYMBIOTIK graphs_2023_2026-06-23_14h47.32.111.csv,6,2,non_adapted,,0,True,15.419517899979837,15.419517899979837,Lucie,False,1,True,False,False,all adaptation levels,,,,,,,,,
samples/12 node/12_nodes_S00009/no_caption/non_adapted.png,12.0,1.0,non_adapted,Count the number of nodes with high connection counts (node size 7-10),,Count the number of nodes with high connection counts (node size 7-10),0.0,20.0,20.0,26.0,767.9722606000141,,,,,,,,,767.9567995000398,767.9722606000141,767.9722606000141,782.9686977000092,782.9687221000204,782.9844929000246,783.9699440000113,783.9700014000409,784.0721138000372,784.0721138000372,801.9675664000097,7.0,792.8649681000388,0.5836864999728277,801.9745687000104,801.9903433000436,801.9903433000436,805.9720491000335,805.9720625000191,805.9720824000542,,,,,sphynx_5_1,1,2026-06-23_14h47.32.111,Practice Trials - SYMBIOTIK graphs_2023,2024.1.0,,2026-06-23 14h47.43.947020 +0200,,sphynx_5_1_Practice Trials - SYMBIOTIK graphs_2023_2026-06-23_14h47.32.111.csv,12,1,non_adapted,,7,True,8.792854300001636,8.792854300001636,Lucie,False,7,True,True,False,all adaptation levels,,,,,,,,,
samples/12 node/12_nodes_S00141/no_caption/nodes_size_value.png,12.0,1.0,size_nodes,Count the number of nodes with high connection counts (node size 7-10),,Count the number of nodes with high connection counts (node size 7-10),0.0,21.0,21.0,42.0,805.9875445000362,,,,,,,,,805.9723314000294,805.9875445000362,805.9875445000362,820.9847430000082,820.9848117000074,821.0017545000301,821.9835192000028,821.983569300035,822.0770199000253,822.0770199000253,839.9823137000203,4.0,827.9443704000441,1.1525380999664776,839.9857545000268,839.9983811000129,839.9983811000129,843.9850169999991,843.9850428000209,843.9850910000387,,,,,sphynx_5_1,1,2026-06-23_14h47.32.111,Practice Trials - SYMBIOTIK graphs_2023,2024.1.0,,2026-06-23 14h47.43.947020 +0200,,sphynx_5_1_Practice Trials - SYMBIOTIK graphs_2023_2026-06-23_14h47.32.111.csv,12,1,semi_adapted,size_nodes,4,True,5.8673505000188015,5.8673505000188015,Lucie,False,4,True,True,False,all adaptation levels,,,,,,,,,
samples/12 node/12_nodes_S00144/no_caption/edge_width_connection_number.png,12.0,1.0,edge_width,How many low confidence (confidence 1-3) edges exist in the graph?,,How many low confidence (confidence 1-3) edges exist in the graph?,0.0,22.0,22.0,43.0,844.0060940000112,,,,,,,,,843.985616800026,844.0060940000112,844.0060940000112,858.9982331000501,858.9982635000488,859.0145885000238,859.998729700048,859.9987956000259,860.1020763000124,860.1020763000124,877.9972809000174,3.0,866.2483365000226,0.5928757999790832,878.0052252000314,878.0153326000436,878.0153326000436,882.000169100007,882.0001827000524,882.00020400004,,,,,sphynx_5_1,1,2026-06-23_14h47.32.111,Practice Trials - SYMBIOTIK graphs_2023,2024.1.0,,2026-06-23 14h47.43.947020 +0200,,sphynx_5_1_Practice Trials - SYMBIOTIK graphs_2023_2026-06-23_14h47.32.111.csv,12,1,semi_adapted,edge_width,3,True,6.146260200010147,6.146260200010147,Lucie,False,3,True,True,False,all adaptation levels,,,,,,,,,
samples/6 node/6_nodes_S00137/no_caption/nodes_shape_tlp.png,6.0,2.0,shape_nodes,Count the number of MALWARE nodes connected with at least 1 high confidence edge ( confidence 7-10).,2.0,Count the number of MALWARE nodes connected with at least 1 high confidence edge ( confidence 7-10).,0.0,23.0,23.0,20.0,882.0172033000272,,,,,,,,,882.000449800049,882.0172033000272,882.0172033000272,897.0121598000405,897.0121935000061,897.0299311000272,898.0139567000442,898.0140437000082,898.1268359000096,898.1268359000096,916.012024100055,2.0,915.0180706000538,0.7101301999646239,916.0181456000428,916.03207450005,916.03207450005,920.0155170000507,920.0155520000262,920.015620900027,,,,,sphynx_5_1,1,2026-06-23_14h47.32.111,Practice Trials - SYMBIOTIK graphs_2023,2024.1.0,,2026-06-23 14h47.43.947020 +0200,,sphynx_5_1_Practice Trials - SYMBIOTIK graphs_2023_2026-06-23_14h47.32.111.csv,6,2,semi_adapted,shape_nodes,2,True,16.89123470004415,16.89123470004415,Lucie,False,2,True,True,False,all adaptation levels,,,,,,,,,
samples/6 node/6_nodes_S00074/no_caption/fully_adapted.png,6.0,1.0,fully_adapted,How many low confidence (confidence 1-3) edges exist in the graph?,,How many low confidence (confidence 1-3) edges exist in the graph?,0.0,24.0,24.0,11.0,920.0385866000432,,,,,,,,,920.0164173000376,920.0385866000432,920.0385866000432,935.0271872000304,935.0272045000456,935.0432381000136,936.0276797000552,936.0277480000514,936.1302436999975,936.1302436999975,954.0261406000354,2.0,939.8172173000056,0.6636641999939457,954.030919300043,954.0428205000352,954.0428205000352,958.030063000042,958.0300955999992,1138.0292296000407,958.0656529000262,,,,sphynx_5_1,1,2026-06-23_14h47.32.111,Practice Trials - SYMBIOTIK graphs_2023,2024.1.0,,2026-06-23 14h47.43.947020 +0200,,sphynx_5_1_Practice Trials - SYMBIOTIK graphs_2023_2026-06-23_14h47.32.111.csv,6,1,fully_adapted,,2,True,3.6869736000080593,3.6869736000080593,Lucie,False,2,True,True,False,all adaptation levels,,,,,,,,,
samples/6 node/6_nodes_S00080/no_caption/fully_adapted.png,6.0,2.0,fully_adapted,Count the number of nodes with TLP:RED connected to at least 1 node with high connection count (node size 7-10).,1.0,Count the number of nodes with TLP:RED connected to at least 1 node with high connection count (node size 7-10).,0.0,25.0,25.0,13.0,1138.0507961999974,,,,,,,,,1138.029680400039,1138.0507961999974,1138.0507961999974,1153.0236385000171,1153.023673000047,1153.0402899000328,1154.02648650005,1154.0265744000208,1154.137939200038,1154.137939200038,1172.0225146000157,2.0,1161.896819000016,1.3523883000016212,1172.027218400035,1172.0394230000093,1172.0394230000093,1176.0260286999985,1176.0260592999985,1176.0261196000502,,,,,sphynx_5_1,1,2026-06-23_14h47.32.111,Practice Trials - SYMBIOTIK graphs_2023,2024.1.0,,2026-06-23 14h47.43.947020 +0200,,sphynx_5_1_Practice Trials - SYMBIOTIK graphs_2023_2026-06-23_14h47.32.111.csv,6,2,fully_adapted,,2,True,7.758879799977876,7.758879799977876,Lucie,False,1,True,False,False,all adaptation levels,,,,,,,,,
samples/6 node/6_nodes_S00134/no_caption/edge_width_connection_number.png,6.0,1.0,edge_width,How many low confidence (confidence 1-3) edges exist in the graph?,,How many low confidence (confidence 1-3) edges exist in the graph?,0.0,26.0,26.0,19.0,1176.0532047000015,,,,,,,,,1176.026700800052,1176.0532047000015,1176.0532047000015,1191.0379583000322,1191.0379724000231,1191.0547061000252,1192.038947300054,1192.0389890000224,1192.144565900031,1192.144565900031,1210.0377469000523,3.0,1195.600409400009,1.0475405000033788,1210.0430666000466,1210.0543665000005,1210.0543665000005,1214.0403411000152,1214.0403540999978,1214.0403755000443,,,,,sphynx_5_1,1,2026-06-23_14h47.32.111,Practice Trials - SYMBIOTIK graphs_2023,2024.1.0,,2026-06-23 14h47.43.947020 +0200,,sphynx_5_1_Practice Trials - SYMBIOTIK graphs_2023_2026-06-23_14h47.32.111.csv,6,1,semi_adapted,edge_width,3,True,3.455843499978073,3.455843499978073,Lucie,False,3,True,True,False,all adaptation levels,,,,,,,,,
samples/12 node/12_nodes_S00093/no_caption/fully_adapted.png,12.0,2.0,fully_adapted,Count the number of MALWARE nodes with high connection counts (node size 7-10),,Count the number of MALWARE nodes with high connection counts (node size 7-10),0.0,27.0,27.0,38.0,1214.0574142000405,,,,,,,,,1214.040623400011,1214.0574142000405,1214.0574142000405,1229.0533834000234,1229.0533967000083,1229.0697270000237,1230.0535708000534,1230.053614100034,1230.1699363000223,1230.1699363000223,1248.0520504000017,1.0,1237.9528853000377,0.9593544999952428,1248.0550231000525,1248.068580000021,1248.068580000021,1252.055194400018,1252.0552100000205,1252.0552308000042,,,,,sphynx_5_1,1,2026-06-23_14h47.32.111,Practice Trials - SYMBIOTIK graphs_2023,2024.1.0,,2026-06-23 14h47.43.947020 +0200,,sphynx_5_1_Practice Trials - SYMBIOTIK graphs_2023_2026-06-23_14h47.32.111.csv,12,2,fully_adapted,,1,True,7.782949000015378,7.782949000015378,Lucie,False,1,True,True,False,all adaptation levels,,,,,,,,,
samples/12 node/12_nodes_S00081/no_caption/fully_adapted.png,12.0,1.0,fully_adapted,Count the number of nodes with high connection counts (node size 7-10),,Count the number of nodes with high connection counts (node size 7-10),0.0,28.0,28.0,34.0,1252.0715491000446,,,,,,,,,1252.0555386000196,1252.0715491000446,1252.0715491000446,1267.06822060002,1267.068245600036,1267.0847359000472,1268.068270300049,1268.0683177000028,1268.177348199999,1268.177348199999,1286.0658495000098,7.0,1276.2967525999993,0.8246653000242077,1286.068680800032,1286.0835242000176,1286.0835242000176,1290.0695576000144,1290.069571700005,1290.0695923000458,,,,,sphynx_5_1,1,2026-06-23_14h47.32.111,Practice Trials - SYMBIOTIK graphs_2023,2024.1.0,,2026-06-23 14h47.43.947020 +0200,,sphynx_5_1_Practice Trials - SYMBIOTIK graphs_2023_2026-06-23_14h47.32.111.csv,12,1,fully_adapted,,7,True,8.119404400000349,8.119404400000349,Lucie,False,7,True,True,False,all adaptation levels,,,,,,,,,
samples/12 node/12_nodes_S00003/no_caption/non_adapted.png,12.0,1.0,non_adapted,How many CYBER OBSERVABLE nodes are in the graph?,4.0,How many CYBER OBSERVABLE nodes are in the graph?,0.0,29.0,29.0,24.0,1290.0970694000134,,,,,,,,,1290.0698443000438,1290.0970694000134,1290.0970694000134,1305.0823623000178,1305.0823777000187,1305.0988434000174,1306.0832751000416,1306.08331440005,1306.1920528000337,1306.1920528000337,1324.0815158000332,4.0,1317.976799600001,0.5356134000467137,1324.089454400004,1324.1118140000035,1324.1118140000035,1328.0848315000185,1328.0848513000528,1328.0848808000446,,,,,sphynx_5_1,1,2026-06-23_14h47.32.111,Practice Trials - SYMBIOTIK graphs_2023,2024.1.0,,2026-06-23 14h47.43.947020 +0200,,sphynx_5_1_Practice Trials - SYMBIOTIK graphs_2023_2026-06-23_14h47.32.111.csv,12,1,non_adapted,,4,True,11.784746799967252,11.784746799967252,Lucie,False,4,True,True,False,all adaptation levels,,,,,,,,,
samples/12 node/12_nodes_S00006/no_caption/non_adapted.png,12.0,1.0,non_adapted,How many nodes have TLP:GREEN?,1.0,How many nodes have TLP:GREEN?,0.0,30.0,30.0,25.0,1328.114505000005,,,,,,,,,1328.0852237000363,1328.114505000005,1328.114505000005,1343.0968566000229,1343.0968778000097,1343.1132274999982,1344.0978631000037,1344.097949500021,1344.215150300006,1344.215150300006,1362.095773100038,1.0,1357.0558209000155,0.4724040000000968,1362.1018601000542,1362.1124300000374,1362.1124300000374,1366.0993598000496,1366.0993731000344,1366.0993941000197,,,,,sphynx_5_1,1,2026-06-23_14h47.32.111,Practice Trials - SYMBIOTIK graphs_2023,2024.1.0,,2026-06-23 14h47.43.947020 +0200,,sphynx_5_1_Practice Trials - SYMBIOTIK graphs_2023_2026-06-23_14h47.32.111.csv,12,1,non_adapted,,1,True,12.840670600009616,12.840670600009616,Lucie,False,1,True,True,False,all adaptation levels,,,,,,,,,
samples/12 node/12_nodes_S00087/no_caption/fully_adapted.png,12.0,2.0,fully_adapted,Count the number of MALWARE nodes connected with at least 1 high confidence edge ( confidence 7-10).,3.0,Count the number of MALWARE nodes connected with at least 1 high confidence edge ( confidence 7-10).,0.0,31.0,31.0,36.0,1366.118756600015,,,,,,,,,1366.0996422000462,1366.118756600015,1366.118756600015,1381.1124076000417,1381.1124266000115,1381.1279712000396,1382.112118100049,1382.1121677000192,1382.220635500038,1382.220635500038,1400.111027400009,3.0,1395.1598897000076,0.8404891000245698,1400.1148037000094,1400.1275095000165,1400.1275095000165,1404.113953699998,1404.113979900023,1404.1140305000008,,,,,sphynx_5_1,1,2026-06-23_14h47.32.111,Practice Trials - SYMBIOTIK graphs_2023,2024.1.0,,2026-06-23 14h47.43.947020 +0200,,sphynx_5_1_Practice Trials - SYMBIOTIK graphs_2023_2026-06-23_14h47.32.111.csv,12,2,fully_adapted,,3,True,12.939254199969582,12.939254199969582,Lucie,False,3,True,True,False,all adaptation levels,,,,,,,,,
samples/6 node/6_nodes_S00014/no_caption/non_adapted.png,6.0,1.0,non_adapted,How many low confidence (confidence 1-3) edges exist in the graph?,,How many low confidence (confidence 1-3) edges exist in the graph?,0.0,32.0,32.0,3.0,1404.133673000033,,,,,,,,,1404.1145683000211,1404.133673000033,1404.133673000033,1419.1263481000206,1419.1263809000377,1419.1438440000056,1420.1269770000365,1420.1270166000468,1420.219907300023,1420.219907300023,1438.125329900009,3.0,1425.9766228000517,0.5515785999596119,1438.1279417000478,1438.141540200042,1438.141540200042,1442.128225000051,1442.128243300016,1442.1282710000523,,,,,sphynx_5_1,1,2026-06-23_14h47.32.111,Practice Trials - SYMBIOTIK graphs_2023,2024.1.0,,2026-06-23 14h47.43.947020 +0200,,sphynx_5_1_Practice Trials - SYMBIOTIK graphs_2023_2026-06-23_14h47.32.111.csv,6,1,non_adapted,,3,True,5.756715500028804,5.756715500028804,Lucie,False,3,True,True,False,all adaptation levels,,,,,,,,,
samples/6 node/6_nodes_S00065/no_caption/fully_adapted.png,6.0,1.0,fully_adapted,How many CYBER OBSERVABLE nodes are in the graph?,2.0,How many CYBER OBSERVABLE nodes are in the graph?,0.0,33.0,33.0,8.0,1442.144900400017,,,,,,,,,1442.1286051000352,1442.144900400017,1442.144900400017,1457.1411859000218,1457.141218600038,1457.157636000018,1458.14161770005,1458.1416560000507,1458.225864300039,1458.225864300039,1476.140319099999,2.0,1463.0003310000177,0.6474372000084259,1476.1459024000214,1476.1567415000172,1476.1567415000172,1480.1435954000335,1480.1436211999971,1480.1436679000035,,,,,sphynx_5_1,1,2026-06-23_14h47.32.111,Practice Trials - SYMBIOTIK graphs_2023,2024.1.0,,2026-06-23 14h47.43.947020 +0200,,sphynx_5_1_Practice Trials - SYMBIOTIK graphs_2023_2026-06-23_14h47.32.111.csv,6,1,fully_adapted,,2,True,4.774466699978802,4.774466699978802,Lucie,False,2,True,True,False,all adaptation levels,,,,,,,,,
samples/12 node/12_nodes_S00096/no_caption/fully_adapted.png,12.0,2.0,fully_adapted,Count the number of ATTACK PATTERN nodes connected with at least 1 low confidence edge? (confidence of 1-3).,,Count the number of ATTACK PATTERN nodes connected with at least 1 low confidence edge? (confidence of 1-3).,0.0,34.0,34.0,39.0,1480.1741984999971,,,,,,,,,1480.1441828000245,1480.1741984999971,1480.1741984999971,1495.1577552000526,1495.157769100042,1495.172628600034,1496.15697120002,1496.157052900002,1496.2731239999994,1496.2731239999994,1514.1547572000418,3.0,1504.5292132000322,0.6631991000031121,1514.1642032000236,1514.172827500035,1514.172827500035,1518.1579716000124,1518.1579846000532,1518.1580053000362,,,,,sphynx_5_1,1,2026-06-23_14h47.32.111,Practice Trials - SYMBIOTIK graphs_2023,2024.1.0,,2026-06-23 14h47.43.947020 +0200,,sphynx_5_1_Practice Trials - SYMBIOTIK graphs_2023_2026-06-23_14h47.32.111.csv,12,2,fully_adapted,,3,True,8.256089200032875,8.256089200032875,Lucie,False,4,True,False,False,all adaptation levels,,,,,,,,,
samples/6 node/6_nodes_S00140/no_caption/nodes_color_type.png,6.0,2.0,color_nodes,Count the number of nodes with TLP:RED connected to at least 1 node with high connection count (node size 7-10).,0.0,Count the number of nodes with TLP:RED connected to at least 1 node with high connection count (node size 7-10).,0.0,35.0,35.0,21.0,1518.1744975000038,,,,,,,,,1518.158248700027,1518.1744975000038,1518.1744975000038,1533.1700481000007,1533.1700752000324,1533.1867286000052,1534.1708298000158,1534.1708711000392,1534.276235600002,1534.276235600002,1552.1695541000229,0.0,1542.8240465000272,0.6967429000069387,1552.1742791000288,1552.185913800029,1552.185913800029,1556.172818400024,1556.1728370000492,1556.172865700035,,,,,sphynx_5_1,1,2026-06-23_14h47.32.111,Practice Trials - SYMBIOTIK graphs_2023,2024.1.0,,2026-06-23 14h47.43.947020 +0200,,sphynx_5_1_Practice Trials - SYMBIOTIK graphs_2023_2026-06-23_14h47.32.111.csv,6,2,semi_adapted,color_nodes,0,True,8.54781090002507,8.54781090002507,Lucie,False,0,True,True,False,all adaptation levels,,,,,,,,,
samples/6 node/6_nodes_S00005/no_caption/non_adapted.png,6.0,1.0,non_adapted,How many nodes have TLP:GREEN?,3.0,How many nodes have TLP:GREEN?,0.0,36.0,36.0,1.0,1556.1895005000406,,,,,,,,,1556.1732015000307,1556.1895005000406,1556.1895005000406,1571.1849190000212,1571.1849519000389,1571.2020705000032,1572.1858402000507,1572.1858937000509,1572.321280800039,1572.321280800039,1590.1834823000245,3.0,1580.9042437000317,0.4801523999776691,1590.1867591000046,1590.2005328000523,1590.2005328000523,1594.1867012000291,1594.1867283000029,1594.186778400035,,,,,sphynx_5_1,1,2026-06-23_14h47.32.111,Practice Trials - SYMBIOTIK graphs_2023,2024.1.0,,2026-06-23 14h47.43.947020 +0200,,sphynx_5_1_Practice Trials - SYMBIOTIK graphs_2023_2026-06-23_14h47.32.111.csv,6,1,non_adapted,,3,True,8.582962899992708,8.582962899992708,Lucie,False,3,True,True,False,all adaptation levels,,,,,,,,,
samples/6 node/6_nodes_S00125/no_caption/nodes_shape_tlp.png,6.0,1.0,shape_nodes,How many CYBER OBSERVABLE nodes are in the graph?,2.0,How many CYBER OBSERVABLE nodes are in the graph?,0.0,37.0,37.0,16.0,1594.2090896000154,,,,,,,,,1594.1872807000182,1594.2090896000154,1594.2090896000154,1609.199130700028,1609.1991648000549,1609.2172953000409,1610.200518800004,1610.2006030000048,1610.2980894000502,1610.2980894000502,1628.1982641000068,2.0,1614.5837613000183,0.601391100033652,1628.200948600017,1628.21548480005,1628.21548480005,1632.2016745000146,1632.2016891000094,1632.2017091000453,,,,,sphynx_5_1,1,2026-06-23_14h47.32.111,Practice Trials - SYMBIOTIK graphs_2023,2024.1.0,,2026-06-23 14h47.43.947020 +0200,,sphynx_5_1_Practice Trials - SYMBIOTIK graphs_2023_2026-06-23_14h47.32.111.csv,6,1,semi_adapted,shape_nodes,2,True,4.285671899968065,4.285671899968065,Lucie,False,2,True,True,False,all adaptation levels,,,,,,,,,
samples/12 node/12_nodes_S00150/no_caption/nodes_color_type.png,12.0,2.0,color_nodes,Count the number of nodes with TLP:RED connected to at least 1 node with high connection count (node size 7-10).,6.0,Count the number of nodes with TLP:RED connected to at least 1 node with high connection count (node size 7-10).,0.0,38.0,38.0,45.0,1632.2190823000274,,,,,,,,,1632.2019949000096,1632.2190823000274,1632.2190823000274,1647.2145694000064,1647.2145827000495,1647.2324654000113,1648.2156828000443,1648.215731400007,1648.3181621000404,1648.3181621000404,1666.216581200017,3.0,1660.3998259000364,0.9053710000007412,1666.226021600014,1666.2354225000015,1666.2354225000015,1670.2190538000432,1670.2190681000357,1670.219089900027,,,,,sphynx_5_1,1,2026-06-23_14h47.32.111,Practice Trials - SYMBIOTIK graphs_2023,2024.1.0,,2026-06-23 14h47.43.947020 +0200,,sphynx_5_1_Practice Trials - SYMBIOTIK graphs_2023_2026-06-23_14h47.32.111.csv,12,2,semi_adapted,color_nodes,3,True,12.081663799996022,12.081663799996022,Lucie,False,6,True,False,False,all adaptation levels,,,,,,,,,
samples/6 node/6_nodes_S00083/no_caption/fully_adapted.png,6.0,2.0,fully_adapted,Count the number of MALWARE nodes with high connection counts (node size 7-10),,Count the number of MALWARE nodes with high connection counts (node size 7-10),0.0,39.0,39.0,14.0,1670.23784050002,,,,,,,,,1670.2193445000448,1670.23784050002,1670.23784050002,1685.229019100021,1685.2290543999989,1685.2479284,1686.2294720000357,1686.2295478000306,1686.3327804,1686.3327804,1704.2277789000073,1.0,1691.3521504000528,0.7037306999554858,1704.2304133000434,1704.2438651000266,1704.2438651000266,1708.2313128000242,1708.2313463000464,1708.231417700008,,,,,sphynx_5_1,1,2026-06-23_14h47.32.111,Practice Trials - SYMBIOTIK graphs_2023,2024.1.0,,2026-06-23 14h47.43.947020 +0200,,sphynx_5_1_Practice Trials - SYMBIOTIK graphs_2023_2026-06-23_14h47.32.111.csv,6,2,fully_adapted,,1,True,5.0193700000527315,5.0193700000527315,Lucie,False,1,True,True,False,all adaptation levels,,,,,,,,,
samples/6 node/6_nodes_S00017/no_caption/non_adapted.png,6.0,2.0,non_adapted,Count the number of MALWARE nodes connected with at least 1 high confidence edge ( confidence 7-10).,1.0,Count the number of MALWARE nodes connected with at least 1 high confidence edge ( confidence 7-10).,0.0,40.0,40.0,4.0,1708.2663218000089,,,,,,,,,1708.2320657000528,1708.2663218000089,1708.2663218000089,1723.2451246000128,1723.2451396000106,1723.2601952000405,1724.2439608999994,1724.2439998000043,1724.3627728000283,1724.3627728000283,1742.2425454000477,1.0,1736.8793403000454,0.4408655999577604,1742.2464710000204,1742.2590152000191,1742.2590152000191,1746.245975000027,1746.2459860000529,1746.2460037000128,,,,,sphynx_5_1,1,2026-06-23_14h47.32.111,Practice Trials - SYMBIOTIK graphs_2023,2024.1.0,,2026-06-23 14h47.43.947020 +0200,,sphynx_5_1_Practice Trials - SYMBIOTIK graphs_2023_2026-06-23_14h47.32.111.csv,6,2,non_adapted,,1,True,12.516567500017118,12.516567500017118,Lucie,False,1,True,True,False,all adaptation levels,,,,,,,,,
samples/6 node/6_nodes_S00020/no_caption/non_adapted.png,6.0,2.0,non_adapted,Count the number of nodes with TLP:RED connected to at least 1 node with high connection count (node size 7-10).,2.0,Count the number of nodes with TLP:RED connected to at least 1 node with high connection count (node size 7-10).,0.0,41.0,41.0,5.0,1746.2648949000286,,,,,,,,,1746.246225800016,1746.2648949000286,1746.2648949000286,1761.2574095000164,1761.2574268000317,1761.2744119000272,1762.258898500004,1762.2589629000286,1762.3598005000383,1762.3598005000383,1780.2570994000416,1.0,1773.112824700016,0.7907836000085808,1780.2594198000152,1780.2738063000145,1780.2738063000145,1784.2597940000123,1784.2598088000086,1784.2598307000007,,,,,sphynx_5_1,1,2026-06-23_14h47.32.111,Practice Trials - SYMBIOTIK graphs_2023,2024.1.0,,2026-06-23 14h47.43.947020 +0200,,sphynx_5_1_Practice Trials - SYMBIOTIK graphs_2023_2026-06-23_14h47.32.111.csv,6,2,non_adapted,,1,True,10.753024199977745,10.753024199977745,Lucie,False,2,True,False,False,all adaptation levels,,,,,,,,,
samples/6 node/6_nodes_S00086/no_caption/fully_adapted.png,6.0,2.0,fully_adapted,Count the number of ATTACK PATTERN nodes connected with at least 1 low confidence edge? (confidence of 1-3).,,Count the number of ATTACK PATTERN nodes connected with at least 1 low confidence edge? (confidence of 1-3).,0.0,42.0,42.0,15.0,1784.2773837000132,,,,,,,,,1784.260220600001,1784.2773837000132,1784.2773837000132,1799.2727527000245,1799.2727659000084,1799.2894309000112,1800.273498900002,1800.273556500033,1800.3708610000322,1800.3708610000322,1818.2717474000528,0.0,1808.8235744000413,0.5625171999563463,1818.2787125000032,1818.2923267000008,1818.2923267000008,1822.2751360000111,1822.2751494999973,1822.275169200031,,,,,sphynx_5_1,1,2026-06-23_14h47.32.111,Practice Trials - SYMBIOTIK graphs_2023,2024.1.0,,2026-06-23 14h47.43.947020 +0200,,sphynx_5_1_Practice Trials - SYMBIOTIK graphs_2023_2026-06-23_14h47.32.111.csv,6,2,fully_adapted,,0,True,8.452713400009088,8.452713400009088,Lucie,False,0,True,True,False,all adaptation levels,,,,,,,,,
samples/6 node/6_nodes_S00071/no_caption/fully_adapted.png,6.0,1.0,fully_adapted,Count the number of nodes with high connection counts (node size 7-10),,Count the number of nodes with high connection counts (node size 7-10),0.0,43.0,43.0,10.0,1822.2915246000048,,,,,,,,,1822.2756321000047,1822.2915246000048,1822.2915246000048,1837.2876955000104,1837.287708900054,1837.3042567000373,1838.288388600049,1838.288425900042,1838.401258800004,1838.401258800004,1856.285954800027,1.0,1844.0316263000127,0.6245433000149205,1856.2887548000435,1856.3207820000243,1856.3207820000243,1860.2895705000265,1860.28958490002,1860.2896054000007,,,,,sphynx_5_1,1,2026-06-23_14h47.32.111,Practice Trials - SYMBIOTIK graphs_2023,2024.1.0,,2026-06-23 14h47.43.947020 +0200,,sphynx_5_1_Practice Trials - SYMBIOTIK graphs_2023_2026-06-23_14h47.32.111.csv,6,1,fully_adapted,,1,True,5.630367500008788,5.630367500008788,Lucie,False,1,True,True,False,all adaptation levels,,,,,,,,,
samples/6 node/6_nodes_S00002/no_caption/non_adapted.png,6.0,1.0,non_adapted,How many CYBER OBSERVABLE nodes are in the graph?,5.0,How many CYBER OBSERVABLE nodes are in the graph?,0.0,44.0,44.0,0.0,1860.317071700003,,,,,,,,,1860.2899804000044,1860.317071700003,1860.317071700003,1875.302630899998,1875.3026492000208,1875.3186608000544,1876.3039785000144,1876.304017900024,1876.404150700022,1876.404150700022,1894.3011352000176,5.0,1884.775949300034,0.2717592999688349,1894.3093248000368,1894.3188845000116,1894.3188845000116,1898.3045782000409,1898.3046052000136,1898.304652900028,,,,,sphynx_5_1,1,2026-06-23_14h47.32.111,Practice Trials - SYMBIOTIK graphs_2023,2024.1.0,,2026-06-23 14h47.43.947020 +0200,,sphynx_5_1_Practice Trials - SYMBIOTIK graphs_2023_2026-06-23_14h47.32.111.csv,6,1,non_adapted,,5,True,8.37179860001197,8.37179860001197,Lucie,False,5,True,True,False,all adaptation levels,,,,,,,,,
samples/12 node/12_nodes_S00090/no_caption/fully_adapted.png,12.0,2.0,fully_adapted,Count the number of nodes with TLP:RED connected to at least 1 node with high connection count (node size 7-10).,1.0,Count the number of nodes with TLP:RED connected to at least 1 node with high connection count (node size 7-10).,0.0,45.0,45.0,37.0,1898.3307991000477,,,,,,,,,1898.3051842999996,1898.3307991000477,1898.3307991000477,1913.317052600032,1913.317087400006,1913.333380200027,1914.317745600012,1914.317788400047,1914.4016316000489,1914.4016316000489,1932.3157490000008,0.0,1920.439691400039,0.4806723999790847,1932.3199914,1932.33233960002,1932.33233960002,1936.3051495000252,1936.305164200021,1936.3051867000177,,,,,sphynx_5_1,1,2026-06-23_14h47.32.111,Practice Trials - SYMBIOTIK graphs_2023,2024.1.0,,2026-06-23 14h47.43.947020 +0200,,sphynx_5_1_Practice Trials - SYMBIOTIK graphs_2023_2026-06-23_14h47.32.111.csv,12,2,fully_adapted,,0,True,6.038059799990151,6.038059799990151,Lucie,False,1,True,False,False,all adaptation levels,,,,,,,,,
samples/12 node/12_nodes_S00153/no_caption/nodes_size_value.png,12.0,2.0,size_nodes,Count the number of MALWARE nodes with high connection counts (node size 7-10),,Count the number of MALWARE nodes with high connection counts (node size 7-10),0.0,46.0,46.0,46.0,1936.3229645000536,,,,,,,,,1936.305438500014,1936.3229645000536,1936.3229645000536,1951.314620900026,1951.3146511000232,1951.3314755000172,1952.3155517000123,1952.315589300008,1952.4162565000008,1952.4162565000008,1970.313805700047,1.0,1960.0007957000053,0.3919360000290908,1970.3181893000144,1970.330419900012,1970.330419900012,1974.3173348000275,1974.31735170004,1974.3173791000156,,,,,sphynx_5_1,1,2026-06-23_14h47.32.111,Practice Trials - SYMBIOTIK graphs_2023,2024.1.0,,2026-06-23 14h47.43.947020 +0200,,sphynx_5_1_Practice Trials - SYMBIOTIK graphs_2023_2026-06-23_14h47.32.111.csv,12,2,semi_adapted,size_nodes,1,True,7.5845392000044285,7.5845392000044285,Lucie,False,1,True,True,False,all adaptation levels,,,,,,,,,
samples/12 node/12_nodes_S00135/no_caption/nodes_shape_tlp.png,12.0,1.0,shape_nodes,How many CYBER OBSERVABLE nodes are in the graph?,4.0,How many CYBER OBSERVABLE nodes are in the graph?,0.0,47.0,47.0,40.0,1974.3363252000415,,,,,,,,,1974.3177149000112,1974.3363252000415,1974.3363252000415,1989.3291713000508,1989.3291974000167,1989.3460059000065,1990.3297456,1990.3297838,1990.4294586000035,1990.4294586000035,2008.3280623000464,,,,2008.3305333000023,2008.345027000003,2008.345027000003,2012.3320606000489,2012.3320876000216,2012.332133900025,,,,,sphynx_5_1,1,2026-06-23_14h47.32.111,Practice Trials - SYMBIOTIK graphs_2023,2024.1.0,,2026-06-23 14h47.43.947020 +0200,,sphynx_5_1_Practice Trials - SYMBIOTIK graphs_2023_2026-06-23_14h47.32.111.csv,12,1,semi_adapted,shape_nodes,,False,,,Lucie,False,4,True,False,False,all adaptation levels,,,,,,,,,
samples/6 node/6_nodes_S00023/no_caption/non_adapted.png,6.0,2.0,non_adapted,Count the number of MALWARE nodes with high connection counts (node size 7-10),,Count the number of MALWARE nodes with high connection counts (node size 7-10),0.0,0.0,0.0,6.0,13.733995700022206,,,,,,,,,13.69420460006222,13.733995700022206,13.733995700022206,28.689194400096312,28.689213900011964,28.703367600101046,29.68848060001619,29.6885242999997,29.77608510002028,29.77608510002028,47.68587330006994,0.0,37.30173420009669,0.0793569999514147,47.68886110000312,47.71750320005231,47.71750320005231,51.69200450007338,51.692021800088696,51.69204390002415,,,,,sphynx_7,1,2026-06-25_16h48.00.825,Practice Trials - SYMBIOTIK graphs_2023,2024.1.0,,2026-06-25 16h48.21.445112 +0200,,sphynx_7_Practice Trials - SYMBIOTIK graphs_2023_2026-06-25_16h48.00.825.csv,6,2,non_adapted,,0,True,7.525649100076411,7.525649100076411,Min,False,0,True,True,False,all adaptation levels,,,,,,,,,
samples/12 node/12_nodes_S00018/no_caption/non_adapted.png,12.0,2.0,non_adapted,Count the number of nodes with TLP:RED connected to at least 1 node with high connection count (node size 7-10).,3.0,Count the number of nodes with TLP:RED connected to at least 1 node with high connection count (node size 7-10).,0.0,1.0,1.0,29.0,51.724466400104575,,,,,,,,,51.692303000018,51.724466400104575,51.724466400104575,66.70176790002733,66.7017830000259,66.7193412000779,67.70236039999872,67.70239940006286,67.78528180008288,67.78528180008288,85.70046389999334,1.0,85.509309999994,0.1526161000365391,85.7034471000079,85.71792600001208,85.71792600001208,89.7034122000914,89.70342640008312,89.70344490010757,,,,,sphynx_7,1,2026-06-25_16h48.00.825,Practice Trials - SYMBIOTIK graphs_2023,2024.1.0,,2026-06-25 16h48.21.445112 +0200,,sphynx_7_Practice Trials - SYMBIOTIK graphs_2023_2026-06-25_16h48.00.825.csv,12,2,non_adapted,,1,True,17.724028199911118,17.724028199911118,Min,False,3,True,False,False,all adaptation levels,,,,,,,,,
samples/12 node/12_nodes_S00147/no_caption/nodes_shape_tlp.png,12.0,2.0,shape_nodes,Count the number of MALWARE nodes connected with at least 1 high confidence edge ( confidence 7-10).,2.0,Count the number of MALWARE nodes connected with at least 1 high confidence edge ( confidence 7-10).,0.0,2.0,2.0,44.0,89.72296420007478,,,,,,,,,89.7036942000268,89.72296420007478,89.72296420007478,104.71835680003278,104.7183723000344,104.73281820002012,105.71754430001602,105.7176067000255,105.80419600009918,105.80419600009918,123.715761700063,0.0,118.79751300008502,0.1036561999935656,123.71871680009644,123.73256180004682,123.73256180004682,127.71862450009212,127.7186398000922,127.7186597000109,,,,,sphynx_7,1,2026-06-25_16h48.00.825,Practice Trials - SYMBIOTIK graphs_2023,2024.1.0,,2026-06-25 16h48.21.445112 +0200,,sphynx_7_Practice Trials - SYMBIOTIK graphs_2023_2026-06-25_16h48.00.825.csv,12,2,semi_adapted,shape_nodes,0,True,12.993316999985836,12.993316999985836,Min,False,2,True,False,False,all adaptation levels,,,,,,,,,
samples/6 node/6_nodes_S00068/no_caption/fully_adapted.png,6.0,1.0,fully_adapted,How many nodes have TLP:GREEN?,5.0,How many nodes have TLP:GREEN?,0.0,3.0,3.0,9.0,127.73761450010352,,,,,,,,,127.71891550009605,127.73761450010352,127.73761450010352,142.7312702999916,142.73128550010733,142.74838310002815,143.73418580007274,143.73422760004178,143.81385999999475,143.81385999999475,161.7303619000595,5.0,149.01424520008732,0.095179499941878,161.73273360007445,161.74711120000575,161.74711120000575,165.73349520005286,165.7335114000598,165.73353329999372,,,,,sphynx_7,1,2026-06-25_16h48.00.825,Practice Trials - SYMBIOTIK graphs_2023,2024.1.0,,2026-06-25 16h48.21.445112 +0200,,sphynx_7_Practice Trials - SYMBIOTIK graphs_2023_2026-06-25_16h48.00.825.csv,6,1,fully_adapted,,5,True,5.200385200092569,5.200385200092569,Min,False,5,True,True,False,all adaptation levels,,,,,,,,,
samples/6 node/6_nodes_S00143/no_caption/nodes_size_value.png,6.0,2.0,size_nodes,Count the number of MALWARE nodes with high connection counts (node size 7-10),,Count the number of MALWARE nodes with high connection counts (node size 7-10),0.0,4.0,4.0,22.0,165.74989560001995,,,,,,,,,165.73380960000213,165.74989560001995,165.74989560001995,180.7456679000752,180.74568440008443,180.763950600056,181.7463623000076,181.74639990006108,181.82074970006943,181.82074970006943,199.74491410003972,3.0,197.1264838000061,0.142589500057511,199.74727450008504,199.7612618000712,199.7612618000712,203.7480764000211,203.74809520004783,203.74811869999397,,,,,sphynx_7,1,2026-06-25_16h48.00.825,Practice Trials - SYMBIOTIK graphs_2023,2024.1.0,,2026-06-25 16h48.21.445112 +0200,,sphynx_7_Practice Trials - SYMBIOTIK graphs_2023_2026-06-25_16h48.00.825.csv,6,2,semi_adapted,size_nodes,3,True,15.305734099936672,15.305734099936672,Min,False,2,True,False,False,all adaptation levels,,,,,,,,,
samples/6 node/6_nodes_S00077/no_caption/fully_adapted.png,6.0,2.0,fully_adapted,Count the number of MALWARE nodes connected with at least 1 high confidence edge ( confidence 7-10).,0.0,Count the number of MALWARE nodes connected with at least 1 high confidence edge ( confidence 7-10).,0.0,5.0,5.0,12.0,203.76673400006257,,,,,,,,,203.7484068000922,203.76673400006257,203.76673400006257,218.760340900044,218.7603553000372,218.77777020004575,219.7611073000589,219.7611468000105,219.84236810007133,219.84236810007133,237.75912050006443,0.0,228.6695828000084,0.1356727000093087,237.7619118000148,237.7783275000984,237.7783275000984,241.76495810004417,241.76497530005872,241.76499769999648,,,,,sphynx_7,1,2026-06-25_16h48.00.825,Practice Trials - SYMBIOTIK graphs_2023,2024.1.0,,2026-06-25 16h48.21.445112 +0200,,sphynx_7_Practice Trials - SYMBIOTIK graphs_2023_2026-06-25_16h48.00.825.csv,6,2,fully_adapted,,0,True,8.827214699937088,8.827214699937088,Min,False,0,True,True,False,all adaptation levels,,,,,,,,,
samples/12 node/12_nodes_S00027/no_caption/non_adapted.png,12.0,2.0,non_adapted,Count the number of ATTACK PATTERN nodes connected with at least 1 low confidence edge? (confidence of 1-3).,,Count the number of ATTACK PATTERN nodes connected with at least 1 low confidence edge? (confidence of 1-3).,0.0,6.0,6.0,31.0,241.79875020007603,,,,,,,,,241.76525440008845,241.79875020007603,241.79875020007603,256.7773204999976,256.77734080003574,256.7914334000088,257.775677000056,257.775715900003,257.8542973001022,257.8542973001022,275.77430700010154,,,,275.7769875000231,275.79147170006763,275.79147170006763,279.77724690001924,279.77726190001704,279.77728260005824,,,,,sphynx_7,1,2026-06-25_16h48.00.825,Practice Trials - SYMBIOTIK graphs_2023,2024.1.0,,2026-06-25 16h48.21.445112 +0200,,sphynx_7_Practice Trials - SYMBIOTIK graphs_2023_2026-06-25_16h48.00.825.csv,12,2,non_adapted,,,False,,,Min,False,5,True,False,False,all adaptation levels,,,,,,,,,
samples/6 node/6_nodes_S00131/no_caption/nodes_size_value.png,6.0,1.0,size_nodes,Count the number of nodes with high connection counts (node size 7-10),,Count the number of nodes with high connection counts (node size 7-10),0.0,7.0,7.0,18.0,279.79500720009673,,,,,,,,,279.7775789001025,279.79500720009673,279.79500720009673,294.7892428000923,294.7892581000924,294.8075315000024,295.79203670006245,295.79207780002616,295.872282300028,295.872282300028,313.78907739999704,3.0,300.1891673000064,0.1277814999921247,313.79153140005656,313.80468380008824,313.80468380008824,317.7917973001022,317.79181290010456,317.79183330002706,,,,,sphynx_7,1,2026-06-25_16h48.00.825,Practice Trials - SYMBIOTIK graphs_2023,2024.1.0,,2026-06-25 16h48.21.445112 +0200,,sphynx_7_Practice Trials - SYMBIOTIK graphs_2023_2026-06-25_16h48.00.825.csv,6,1,semi_adapted,size_nodes,3,True,4.316884999978356,4.316884999978356,Min,False,3,True,True,False,all adaptation levels,,,,,,,,,
samples/12 node/12_nodes_S00072/no_caption/fully_adapted.png,12.0,1.0,fully_adapted,How many CYBER OBSERVABLE nodes are in the graph?,3.0,How many CYBER OBSERVABLE nodes are in the graph?,0.0,8.0,8.0,32.0,317.81285510002635,,,,,,,,,317.79207650001626,317.81285510002635,317.81285510002635,332.80447110009845,332.80448590009473,332.8215357000008,333.8054601000622,333.8054984000046,333.88922030001413,333.88922030001413,351.8036420000717,3.0,339.5976835000329,0.1276814000448212,351.8066199000459,351.8202282000566,351.8202282000566,355.80599760008045,355.8060133000836,355.8060357000213,,,,,sphynx_7,1,2026-06-25_16h48.00.825,Practice Trials - SYMBIOTIK graphs_2023,2024.1.0,,2026-06-25 16h48.21.445112 +0200,,sphynx_7_Practice Trials - SYMBIOTIK graphs_2023_2026-06-25_16h48.00.825.csv,12,1,fully_adapted,,3,True,5.708463200018741,5.708463200018741,Min,False,3,True,True,False,all adaptation levels,,,,,,,,,
samples/6 node/6_nodes_S00128/no_caption/nodes_color_type.png,6.0,1.0,color_nodes,How many nodes have TLP:GREEN?,1.0,How many nodes have TLP:GREEN?,0.0,9.0,9.0,17.0,355.8252148000756,,,,,,,,,355.8063942000736,355.8252148000756,355.8252148000756,370.81963530008215,370.81965390010737,370.8353683000896,371.8201870000921,371.820225500036,371.9073270000517,371.9073270000517,389.8177447000053,1.0,374.8766963999951,0.1526273000054061,389.82071940007154,389.8362056000624,389.8362056000624,393.8233209000901,393.82333820010535,393.8233596000355,,,,,sphynx_7,1,2026-06-25_16h48.00.825,Practice Trials - SYMBIOTIK graphs_2023,2024.1.0,,2026-06-25 16h48.21.445112 +0200,,sphynx_7_Practice Trials - SYMBIOTIK graphs_2023_2026-06-25_16h48.00.825.csv,6,1,semi_adapted,color_nodes,1,True,2.969369399943446,2.969369399943446,Min,False,1,True,True,False,all adaptation levels,,,,,,,,,
samples/6 node/6_nodes_S00008/no_caption/non_adapted.png,6.0,1.0,non_adapted,Count the number of nodes with high connection counts (node size 7-10),,Count the number of nodes with high connection counts (node size 7-10),0.0,10.0,10.0,2.0,393.8395615000045,,,,,,,,,393.8236690000631,393.8395615000045,393.8395615000045,408.8335481000832,408.8335611000657,408.8498790001031,409.8341834000312,409.83422540000174,409.9157618000172,409.9157618000172,427.8360440999968,2.0,418.37301080010366,0.1126534999348223,427.83842250006273,427.8493939000182,427.8493939000182,431.836737500038,431.8367519000312,431.8367720000679,,,,,sphynx_7,1,2026-06-25_16h48.00.825,Practice Trials - SYMBIOTIK graphs_2023,2024.1.0,,2026-06-25 16h48.21.445112 +0200,,sphynx_7_Practice Trials - SYMBIOTIK graphs_2023_2026-06-25_16h48.00.825.csv,6,1,non_adapted,,2,True,8.457249000086449,8.457249000086449,Min,False,2,True,True,False,all adaptation levels,,,,,,,,,
samples/12 node/12_nodes_S00012/no_caption/non_adapted.png,12.0,1.0,non_adapted,How many low confidence (confidence 1-3) edges exist in the graph?,,How many low confidence (confidence 1-3) edges exist in the graph?,0.0,11.0,11.0,27.0,431.85395610006526,,,,,,,,,431.8370183000807,431.85395610006526,431.85395610006526,446.8482005000114,446.8482174000237,446.8647157000378,447.8487700000405,447.8488183000591,447.93130180006847,447.93130180006847,465.8506300000008,8.0,458.3085751000326,0.1285382000496611,465.8530796000268,465.8640714000212,465.8640714000212,469.85097870009486,469.8509934000904,469.85101280000526,,,,,sphynx_7,1,2026-06-25_16h48.00.825,Practice Trials - SYMBIOTIK graphs_2023,2024.1.0,,2026-06-25 16h48.21.445112 +0200,,sphynx_7_Practice Trials - SYMBIOTIK graphs_2023_2026-06-25_16h48.00.825.csv,12,1,non_adapted,,8,True,10.377273299964145,10.377273299964145,Min,False,8,True,True,False,all adaptation levels,,,,,,,,,
samples/6 node/6_nodes_S00146/no_caption/edge_width_connection_number.png,6.0,2.0,edge_width,Count the number of ATTACK PATTERN nodes connected with at least 1 low confidence edge? (confidence of 1-3).,,Count the number of ATTACK PATTERN nodes connected with at least 1 low confidence edge? (confidence of 1-3).,0.0,12.0,12.0,23.0,469.8671666000737,,,,,,,,,469.851238100091,469.8671666000737,469.8671666000737,484.8504115000833,484.85042430006433,484.8631012000842,485.8469555000775,485.8469905999955,485.9265214001061,485.9265214001061,503.8653430000413,2.0,496.9336087000556,0.1446738999802619,503.8678923000116,503.8790928000817,503.8790928000817,507.8653151000617,507.8653330000816,507.86535300000105,,,,,sphynx_7,1,2026-06-25_16h48.00.825,Practice Trials - SYMBIOTIK graphs_2023,2024.1.0,,2026-06-25 16h48.21.445112 +0200,,sphynx_7_Practice Trials - SYMBIOTIK graphs_2023_2026-06-25_16h48.00.825.csv,6,2,semi_adapted,edge_width,2,True,11.00708729994949,11.00708729994949,Min,False,2,True,True,False,all adaptation levels,,,485.9265214001061,,484.8631012000842,484.8631012000842,,,
samples/12 node/12_nodes_S00138/no_caption/nodes_color_type.png,12.0,1.0,color_nodes,How many nodes have TLP:GREEN?,4.0,How many nodes have TLP:GREEN?,0.0,13.0,13.0,41.0,507.8817800000543,,,,,,,,,507.8655929000816,507.8817800000543,507.8817800000543,522.8775941000786,522.8776081000688,522.8946791000199,523.8790922000771,523.8791309000226,523.9592591000255,523.9592591000255,541.8802177000325,4.0,527.5248735999921,0.1277733000461012,541.8828910000157,541.8938277000561,541.8938277000561,545.883454099996,545.8834702000022,545.8834927000571,,,,,sphynx_7,1,2026-06-25_16h48.00.825,Practice Trials - SYMBIOTIK graphs_2023,2024.1.0,,2026-06-25 16h48.21.445112 +0200,,sphynx_7_Practice Trials - SYMBIOTIK graphs_2023_2026-06-25_16h48.00.825.csv,12,1,semi_adapted,color_nodes,4,True,3.565614499966614,3.565614499966614,Min,False,4,True,True,False,all adaptation levels,,,,,,,,,
samples/12 node/12_nodes_S00084/no_caption/fully_adapted.png,12.0,1.0,fully_adapted,How many low confidence (confidence 1-3) edges exist in the graph?,,How many low confidence (confidence 1-3) edges exist in the graph?,0.0,14.0,14.0,35.0,545.8996278000996,,,,,,,,,545.8837500000373,545.8996278000996,545.8996278000996,560.8946476000128,560.8946614000015,560.9086029001046,561.8935106000863,561.8935516000492,561.9791334000183,561.9791334000183,579.8950339000439,7.0,565.9655549000017,0.1440271000610664,579.8975227000192,579.9078789000632,579.9078789000632,583.8958008000627,583.8958182000788,583.8958391000051,,,,,sphynx_7,1,2026-06-25_16h48.00.825,Practice Trials - SYMBIOTIK graphs_2023,2024.1.0,,2026-06-25 16h48.21.445112 +0200,,sphynx_7_Practice Trials - SYMBIOTIK graphs_2023_2026-06-25_16h48.00.825.csv,12,1,fully_adapted,,7,True,3.9864214999834076,3.9864214999834076,Min,False,7,True,True,False,all adaptation levels,,,,,,,,,
samples/12 node/12_nodes_S00015/no_caption/non_adapted.png,12.0,2.0,non_adapted,Count the number of MALWARE nodes connected with at least 1 high confidence edge ( confidence 7-10).,2.0,Count the number of MALWARE nodes connected with at least 1 high confidence edge ( confidence 7-10).,0.0,15.0,15.0,28.0,583.9131431001006,,,,,,,,,583.8960959000979,583.9131431001006,583.9131431001006,598.9069072999991,598.9069410000229,598.9236148000928,599.9075203000102,599.9075608000858,599.9829371999949,599.9829371999949,617.9097317000851,1.0,614.5088833000045,0.1448850000742823,617.912267100066,617.92271240009,617.92271240009,621.9099181001075,621.9099349000026,621.909955900046,,,,,sphynx_7,1,2026-06-25_16h48.00.825,Practice Trials - SYMBIOTIK graphs_2023,2024.1.0,,2026-06-25 16h48.21.445112 +0200,,sphynx_7_Practice Trials - SYMBIOTIK graphs_2023_2026-06-25_16h48.00.825.csv,12,2,non_adapted,,1,True,14.525946100009605,14.525946100009605,Min,False,2,True,False,False,all adaptation levels,,,,,,,,,
samples/12 node/12_nodes_S00156/no_caption/edge_width_connection_number.png,12.0,2.0,edge_width,Count the number of ATTACK PATTERN nodes connected with at least 1 low confidence edge? (confidence of 1-3).,,Count the number of ATTACK PATTERN nodes connected with at least 1 low confidence edge? (confidence of 1-3).,0.0,16.0,16.0,47.0,621.9264313000022,,,,,,,,,621.9102480000583,621.9264313000022,621.9264313000022,636.923140100087,636.9231559000909,636.9381648000563,637.9227498000255,637.9227924000006,638.0032379000913,638.0032379000913,655.9217372999992,5.0,653.4130063001066,0.1371218999847769,655.9241281000432,655.9368831000756,655.9368831000756,659.9238471999997,659.9238621999975,659.9238824000349,,,,,sphynx_7,1,2026-06-25_16h48.00.825,Practice Trials - SYMBIOTIK graphs_2023,2024.1.0,,2026-06-25 16h48.21.445112 +0200,,sphynx_7_Practice Trials - SYMBIOTIK graphs_2023_2026-06-25_16h48.00.825.csv,12,2,semi_adapted,edge_width,5,True,15.40976840001531,15.40976840001531,Min,False,4,True,False,False,all adaptation levels,,,,,,,,,
samples/12 node/12_nodes_S00075/no_caption/fully_adapted.png,12.0,1.0,fully_adapted,How many nodes have TLP:GREEN?,4.0,How many nodes have TLP:GREEN?,0.0,17.0,17.0,33.0,659.9408489000052,,,,,,,,,659.9241219999967,659.9408489000052,659.9408489000052,674.9365343000973,674.9365478000836,674.9529747000197,675.9367091000313,675.9367489001015,676.0102302000159,676.0102302000159,693.9354915000731,4.0,679.829260700033,0.1031327999662607,693.9383109000046,693.9519988000393,693.9519988000393,697.9386398000643,697.9386535000522,697.9386743000941,,,,,sphynx_7,1,2026-06-25_16h48.00.825,Practice Trials - SYMBIOTIK graphs_2023,2024.1.0,,2026-06-25 16h48.21.445112 +0200,,sphynx_7_Practice Trials - SYMBIOTIK graphs_2023_2026-06-25_16h48.00.825.csv,12,1,fully_adapted,,4,True,3.8190305000171065,3.8190305000171065,Min,False,4,True,True,False,all adaptation levels,,,,,,,,,
samples/12 node/12_nodes_S00024/no_caption/non_adapted.png,12.0,2.0,non_adapted,Count the number of MALWARE nodes with high connection counts (node size 7-10),,Count the number of MALWARE nodes with high connection counts (node size 7-10),0.0,18.0,18.0,30.0,697.9550220000092,,,,,,,,,697.9389301000629,697.9550220000092,697.9550220000092,712.953906300012,712.9539260000456,712.967837800039,713.9519952000119,713.9520350000821,714.0344454000005,714.0344454000005,731.955837400048,3.0,729.5882813000353,0.1279894000617787,731.9588277000003,731.9692425000248,731.9692425000248,735.9528311000904,735.9528500000015,735.9528709000442,,,,,sphynx_7,1,2026-06-25_16h48.00.825,Practice Trials - SYMBIOTIK graphs_2023,2024.1.0,,2026-06-25 16h48.21.445112 +0200,,sphynx_7_Practice Trials - SYMBIOTIK graphs_2023_2026-06-25_16h48.00.825.csv,12,2,non_adapted,,3,True,15.553835900034755,15.553835900034755,Min,False,3,True,True,False,all adaptation levels,,,,,,,,,
samples/6 node/6_nodes_S00026/no_caption/non_adapted.png,6.0,2.0,non_adapted,Count the number of ATTACK PATTERN nodes connected with at least 1 low confidence edge? (confidence of 1-3).,,Count the number of ATTACK PATTERN nodes connected with at least 1 low confidence edge? (confidence of 1-3).,0.0,19.0,19.0,7.0,735.9711580000585,,,,,,,,,735.953121800092,735.9711580000585,735.9711580000585,750.9658192000352,750.9658331000246,750.9821654000552,751.9661225000164,751.9661618000828,752.0457906000083,752.0457906000083,769.9648799001006,1.0,765.2619816000806,0.0948868999257683,769.9676007000962,769.9811484999955,769.9811484999955,773.9674456000794,773.9674603000749,773.9674808999989,,,,,sphynx_7,1,2026-06-25_16h48.00.825,Practice Trials - SYMBIOTIK graphs_2023,2024.1.0,,2026-06-25 16h48.21.445112 +0200,,sphynx_7_Practice Trials - SYMBIOTIK graphs_2023_2026-06-25_16h48.00.825.csv,6,2,non_adapted,,1,True,13.216191000072286,13.216191000072286,Min,False,1,True,True,False,all adaptation levels,,,,,,,,,
samples/12 node/12_nodes_S00009/no_caption/non_adapted.png,12.0,1.0,non_adapted,Count the number of nodes with high connection counts (node size 7-10),,Count the number of nodes with high connection counts (node size 7-10),0.0,20.0,20.0,26.0,773.9847954000579,,,,,,,,,773.967741600005,773.9847954000579,773.9847954000579,788.9801197000779,788.9801372000948,788.9976392000681,789.9810490000527,789.9810894000111,790.0571867000544,790.0571867000544,807.9802289000945,4.0,807.9242629000219,,807.9835152000887,807.9960357000818,807.9960357000818,811.9684067000635,811.9684209000552,811.9684423001017,,,,,sphynx_7,1,2026-06-25_16h48.00.825,Practice Trials - SYMBIOTIK graphs_2023,2024.1.0,,2026-06-25 16h48.21.445112 +0200,,sphynx_7_Practice Trials - SYMBIOTIK graphs_2023_2026-06-25_16h48.00.825.csv,12,1,non_adapted,,4,True,17.867076199967414,17.867076199967414,Min,False,7,True,False,False,all adaptation levels,,,,,,,,,
samples/12 node/12_nodes_S00141/no_caption/nodes_size_value.png,12.0,1.0,size_nodes,Count the number of nodes with high connection counts (node size 7-10),,Count the number of nodes with high connection counts (node size 7-10),0.0,21.0,21.0,42.0,811.9829813000979,,,,,,,,,811.968703999999,811.9829813000979,811.9829813000979,826.9785511000082,826.9785662000068,826.9949722000165,827.979180400027,827.9792242000112,828.0568882999942,828.0568882999942,845.9809342999943,4.0,835.317613100051,0.1028456999920308,845.9835465000942,845.9945513000712,845.9945513000712,849.9809816000052,849.9809997000266,849.9810239000944,,,,,sphynx_7,1,2026-06-25_16h48.00.825,Practice Trials - SYMBIOTIK graphs_2023,2024.1.0,,2026-06-25 16h48.21.445112 +0200,,sphynx_7_Practice Trials - SYMBIOTIK graphs_2023_2026-06-25_16h48.00.825.csv,12,1,semi_adapted,size_nodes,4,True,7.260724800056778,7.260724800056778,Min,False,4,True,True,False,all adaptation levels,,,,,,,,,
samples/12 node/12_nodes_S00144/no_caption/edge_width_connection_number.png,12.0,1.0,edge_width,How many low confidence (confidence 1-3) edges exist in the graph?,,How many low confidence (confidence 1-3) edges exist in the graph?,0.0,22.0,22.0,43.0,849.9966794000939,,,,,,,,,849.9812691000989,849.9966794000939,849.9966794000939,864.9927000000607,864.992714800057,865.009051800007,865.9942306000739,865.9942754000658,866.0731022000546,866.0731022000546,883.9925298000453,3.0,873.5001833999995,0.1280086000915616,883.9951293000486,884.0089445000049,884.0089445000049,887.995157700032,887.9951730000321,887.9951919000596,,,,,sphynx_7,1,2026-06-25_16h48.00.825,Practice Trials - SYMBIOTIK graphs_2023,2024.1.0,,2026-06-25 16h48.21.445112 +0200,,sphynx_7_Practice Trials - SYMBIOTIK graphs_2023_2026-06-25_16h48.00.825.csv,12,1,semi_adapted,edge_width,3,True,7.427081199944951,7.427081199944951,Min,False,3,True,True,False,all adaptation levels,,,,,,,,,
samples/6 node/6_nodes_S00137/no_caption/nodes_shape_tlp.png,6.0,2.0,shape_nodes,Count the number of MALWARE nodes connected with at least 1 high confidence edge ( confidence 7-10).,2.0,Count the number of MALWARE nodes connected with at least 1 high confidence edge ( confidence 7-10).,0.0,23.0,23.0,20.0,888.0118146000896,,,,,,,,,887.9954464000184,888.0118146000896,888.0118146000896,903.0092920000898,903.0093061000808,903.024612700101,904.0085693000584,904.0086080000036,904.0852534000296,904.0852534000296,922.0113124999916,1.0,917.2201254999964,0.1041662000352516,922.0141450000228,922.0228497000644,922.0228497000644,926.0110066999914,926.011026000022,926.0110487000784,,,,,sphynx_7,1,2026-06-25_16h48.00.825,Practice Trials - SYMBIOTIK graphs_2023,2024.1.0,,2026-06-25 16h48.21.445112 +0200,,sphynx_7_Practice Trials - SYMBIOTIK graphs_2023_2026-06-25_16h48.00.825.csv,6,2,semi_adapted,shape_nodes,1,True,13.134872099966742,13.134872099966742,Min,False,2,True,False,False,all adaptation levels,,,,,,,,,
samples/6 node/6_nodes_S00074/no_caption/fully_adapted.png,6.0,1.0,fully_adapted,How many low confidence (confidence 1-3) edges exist in the graph?,,How many low confidence (confidence 1-3) edges exist in the graph?,0.0,24.0,24.0,11.0,926.0278784000548,,,,,,,,,926.0113322000252,926.0278784000548,926.0278784000548,941.0231492000166,941.0231658000266,941.0389435000252,942.0234196000964,942.0234611000632,942.099033000064,942.099033000064,960.0211992000696,2.0,945.6201343000866,0.1205270999344065,960.0236855000256,960.0377453000984,960.0377453000984,964.0249122000532,964.0249273000518,1144.0232670000987,964.0556582000572,,,,sphynx_7,1,2026-06-25_16h48.00.825,Practice Trials - SYMBIOTIK graphs_2023,2024.1.0,,2026-06-25 16h48.21.445112 +0200,,sphynx_7_Practice Trials - SYMBIOTIK graphs_2023_2026-06-25_16h48.00.825.csv,6,1,fully_adapted,,2,True,3.5211013000226785,3.5211013000226785,Min,False,2,True,True,False,all adaptation levels,,,,,,,,,
samples/6 node/6_nodes_S00080/no_caption/fully_adapted.png,6.0,2.0,fully_adapted,Count the number of nodes with TLP:RED connected to at least 1 node with high connection count (node size 7-10).,1.0,Count the number of nodes with TLP:RED connected to at least 1 node with high connection count (node size 7-10).,0.0,25.0,25.0,13.0,1144.0426238999935,,,,,,,,,1144.0238957999973,1144.0426238999935,1144.0426238999935,1159.0188928000862,1159.018906500074,1159.0353797000134,1160.0194410000695,1160.0194820000324,1160.0989673000297,1160.0989673000297,1178.0209680000553,2.0,1170.189332600101,0.110677299904637,1178.0236028000943,1178.0342279000906,1178.0342279000906,1182.0232473000651,1182.0232686999952,1182.0232986001065,,,,,sphynx_7,1,2026-06-25_16h48.00.825,Practice Trials - SYMBIOTIK graphs_2023,2024.1.0,,2026-06-25 16h48.21.445112 +0200,,sphynx_7_Practice Trials - SYMBIOTIK graphs_2023_2026-06-25_16h48.00.825.csv,6,2,fully_adapted,,2,True,10.090365300071198,10.090365300071198,Min,False,1,True,False,False,all adaptation levels,,,,,,,,,
samples/6 node/6_nodes_S00134/no_caption/edge_width_connection_number.png,6.0,1.0,edge_width,How many low confidence (confidence 1-3) edges exist in the graph?,,How many low confidence (confidence 1-3) edges exist in the graph?,0.0,26.0,26.0,19.0,1182.04013400001,,,,,,,,,1182.0236052999971,1182.04013400001,1182.04013400001,1197.0363523000851,1197.0363695000997,1197.0497014001012,1198.035014300025,1198.0350564999972,1198.1201862000162,1198.1201862000162,1216.032336000004,3.0,1200.6056007000152,0.1112694999901577,1216.0349892000668,1216.0494251000928,1216.0494251000928,1220.036055500037,1220.036075500073,1220.0361051000657,,,,,sphynx_7,1,2026-06-25_16h48.00.825,Practice Trials - SYMBIOTIK graphs_2023,2024.1.0,,2026-06-25 16h48.21.445112 +0200,,sphynx_7_Practice Trials - SYMBIOTIK graphs_2023_2026-06-25_16h48.00.825.csv,6,1,semi_adapted,edge_width,3,True,2.485414499999024,2.485414499999024,Min,False,3,True,True,False,all adaptation levels,,,,,,,,,
samples/12 node/12_nodes_S00093/no_caption/fully_adapted.png,12.0,2.0,fully_adapted,Count the number of MALWARE nodes with high connection counts (node size 7-10),,Count the number of MALWARE nodes with high connection counts (node size 7-10),0.0,27.0,27.0,38.0,1220.0539815000957,,,,,,,,,1220.0364289000863,1220.0539815000957,1220.0539815000957,1235.0488761001034,1235.048905200092,1235.065003600088,1236.048787800013,1236.048829400097,1236.126606900012,1236.126606900012,1254.036611800082,1.0,1244.0123003000626,0.1275661999825388,1254.0395288000582,1254.0485029000556,1254.0485029000556,1258.037258299999,1258.0372744000051,1258.0372962000547,,,,,sphynx_7,1,2026-06-25_16h48.00.825,Practice Trials - SYMBIOTIK graphs_2023,2024.1.0,,2026-06-25 16h48.21.445112 +0200,,sphynx_7_Practice Trials - SYMBIOTIK graphs_2023_2026-06-25_16h48.00.825.csv,12,2,fully_adapted,,1,True,7.885693400050741,7.885693400050741,Min,False,1,True,True,False,all adaptation levels,,,,,,,,,
samples/12 node/12_nodes_S00081/no_caption/fully_adapted.png,12.0,1.0,fully_adapted,Count the number of nodes with high connection counts (node size 7-10),,Count the number of nodes with high connection counts (node size 7-10),0.0,28.0,28.0,34.0,1258.0528646000894,,,,,,,,,1258.0375450000863,1258.0528646000894,1258.0528646000894,1273.0472542000934,1273.047268600087,1273.0629198000534,1274.0468062000582,1274.0468545000767,1274.1325920000672,1274.1325920000672,1292.0457408000948,7.0,1281.0682806000111,0.1042912000557407,1292.0483060000695,1292.0621545000467,1292.0621545000467,1296.0482453000732,1296.048264900106,1296.048304900061,,,,,sphynx_7,1,2026-06-25_16h48.00.825,Practice Trials - SYMBIOTIK graphs_2023,2024.1.0,,2026-06-25 16h48.21.445112 +0200,,sphynx_7_Practice Trials - SYMBIOTIK graphs_2023_2026-06-25_16h48.00.825.csv,12,1,fully_adapted,,7,True,6.935688599943887,6.935688599943887,Min,False,7,True,True,False,all adaptation levels,,,,,,,,,
samples/12 node/12_nodes_S00003/no_caption/non_adapted.png,12.0,1.0,non_adapted,How many CYBER OBSERVABLE nodes are in the graph?,4.0,How many CYBER OBSERVABLE nodes are in the graph?,0.0,29.0,29.0,24.0,1296.0657919000369,,,,,,,,,1296.0486369000282,1296.0657919000369,1296.0657919000369,1311.0607671000762,1311.0607826000778,1311.0770345000783,1312.0618448000168,1312.0618837000802,1312.1439287000103,1312.1439287000103,1330.0507656000557,4.0,1321.6533364000495,0.1111498000100255,1330.0540063000517,1330.0637869000202,1330.0637869000202,1334.0471316000912,1334.0471516000107,1334.0471698000329,,,,,sphynx_7,1,2026-06-25_16h48.00.825,Practice Trials - SYMBIOTIK graphs_2023,2024.1.0,,2026-06-25 16h48.21.445112 +0200,,sphynx_7_Practice Trials - SYMBIOTIK graphs_2023_2026-06-25_16h48.00.825.csv,12,1,non_adapted,,4,True,9.509407700039219,9.509407700039219,Min,False,4,True,True,False,all adaptation levels,1334.0646661000792,1334.0646661000792,,,,,,,
samples/12 node/12_nodes_S00006/no_caption/non_adapted.png,12.0,1.0,non_adapted,How many nodes have TLP:GREEN?,1.0,How many nodes have TLP:GREEN?,0.0,30.0,30.0,25.0,1334.0646661000792,,,,,,,,,1334.0475456001004,1334.0646661000792,1334.0646661000792,1349.0588302999968,1349.0588465000037,1349.0771749000996,1350.0594323000405,1350.0594814000651,1350.1400760000106,1350.1400760000106,1368.057352200034,1.0,1359.060658200062,0.0788564999820664,1368.0600106000202,1368.0742699000984,1368.0742699000984,1372.063420600025,1372.0634453000966,1372.0634756000943,,,,,sphynx_7,1,2026-06-25_16h48.00.825,Practice Trials - SYMBIOTIK graphs_2023,2024.1.0,,2026-06-25 16h48.21.445112 +0200,,sphynx_7_Practice Trials - SYMBIOTIK graphs_2023_2026-06-25_16h48.00.825.csv,12,1,non_adapted,,1,True,8.920582200051513,8.920582200051513,Min,False,1,True,True,False,all adaptation levels,,,,,,,,,
samples/12 node/12_nodes_S00087/no_caption/fully_adapted.png,12.0,2.0,fully_adapted,Count the number of MALWARE nodes connected with at least 1 high confidence edge ( confidence 7-10).,3.0,Count the number of MALWARE nodes connected with at least 1 high confidence edge ( confidence 7-10).,0.0,31.0,31.0,36.0,1372.086892100051,,,,,,,,,1372.063819800038,1372.086892100051,1372.086892100051,1387.073412500089,1387.073442400084,1387.089937800076,1388.0740020000376,1388.074076000019,1388.1560091000283,1388.1560091000283,1406.0720765000442,2.0,1398.6597369000085,0.1055273000383749,1406.075201800093,1406.0891852000495,1406.0891852000495,1410.0756410000613,1410.0756567000644,1410.075676000095,,,,,sphynx_7,1,2026-06-25_16h48.00.825,Practice Trials - SYMBIOTIK graphs_2023,2024.1.0,,2026-06-25 16h48.21.445112 +0200,,sphynx_7_Practice Trials - SYMBIOTIK graphs_2023_2026-06-25_16h48.00.825.csv,12,2,fully_adapted,,2,True,10.503727799980197,10.503727799980197,Min,False,3,True,False,False,all adaptation levels,,,,,,,,,
samples/6 node/6_nodes_S00014/no_caption/non_adapted.png,6.0,1.0,non_adapted,How many low confidence (confidence 1-3) edges exist in the graph?,,How many low confidence (confidence 1-3) edges exist in the graph?,0.0,32.0,32.0,3.0,1410.093139500008,,,,,,,,,1410.0759166000644,1410.093139500008,1410.093139500008,1425.087918400066,1425.0879332000625,1425.1045824000612,1426.0888465000317,1426.0889138000784,1426.1750295000384,1426.1750295000384,1444.0911226000171,3.0,1432.1722704001004,0.1201519999885931,1444.094393700012,1444.104566300055,1444.104566300055,1448.090763000073,1448.0907881000312,1448.0908280001022,,,,,sphynx_7,1,2026-06-25_16h48.00.825,Practice Trials - SYMBIOTIK graphs_2023,2024.1.0,,2026-06-25 16h48.21.445112 +0200,,sphynx_7_Practice Trials - SYMBIOTIK graphs_2023_2026-06-25_16h48.00.825.csv,6,1,non_adapted,,3,True,5.997240900062025,5.997240900062025,Min,False,3,True,True,False,all adaptation levels,,,,,,,,,
samples/6 node/6_nodes_S00065/no_caption/fully_adapted.png,6.0,1.0,fully_adapted,How many CYBER OBSERVABLE nodes are in the graph?,2.0,How many CYBER OBSERVABLE nodes are in the graph?,0.0,33.0,33.0,8.0,1448.1163977000397,,,,,,,,,1448.091254600091,1448.1163977000397,1448.1163977000397,1463.104371500085,1463.104388500098,1463.1195691000903,1464.1067934000166,1464.1068458000664,1464.1843242000325,1464.1843242000325,1482.1020494000986,2.0,1468.6365282000042,0.0876439000712707,1482.1045864000916,1482.119138100068,1482.119138100068,1486.1045777000254,1486.104593200027,1486.1046149000758,,,,,sphynx_7,1,2026-06-25_16h48.00.825,Practice Trials - SYMBIOTIK graphs_2023,2024.1.0,,2026-06-25 16h48.21.445112 +0200,,sphynx_7_Practice Trials - SYMBIOTIK graphs_2023_2026-06-25_16h48.00.825.csv,6,1,fully_adapted,,2,True,4.4522039999717435,4.4522039999717435,Min,False,2,True,True,False,all adaptation levels,,,,,,,,,
samples/12 node/12_nodes_S00096/no_caption/fully_adapted.png,12.0,2.0,fully_adapted,Count the number of ATTACK PATTERN nodes connected with at least 1 low confidence edge? (confidence of 1-3).,,Count the number of ATTACK PATTERN nodes connected with at least 1 low confidence edge? (confidence of 1-3).,0.0,34.0,34.0,39.0,1486.126148400013,,,,,,,,,1486.1048766000897,1486.126148400013,1486.126148400013,1501.116899500019,1501.116916100029,1501.1335985000478,1502.1186164000535,1502.1186590000289,1502.202598300064,1502.202598300064,1520.1161806000164,3.0,1513.885263500037,0.1027428000234067,1520.118565300014,1520.1329938001,1520.1329938001,1524.1192513999997,1524.1192713000346,1524.119301800034,,,,,sphynx_7,1,2026-06-25_16h48.00.825,Practice Trials - SYMBIOTIK graphs_2023,2024.1.0,,2026-06-25 16h48.21.445112 +0200,,sphynx_7_Practice Trials - SYMBIOTIK graphs_2023_2026-06-25_16h48.00.825.csv,12,2,fully_adapted,,3,True,11.682665199972917,11.682665199972917,Min,False,4,True,False,False,all adaptation levels,,,,,,,,,
samples/6 node/6_nodes_S00140/no_caption/nodes_color_type.png,6.0,2.0,color_nodes,Count the number of nodes with TLP:RED connected to at least 1 node with high connection count (node size 7-10).,0.0,Count the number of nodes with TLP:RED connected to at least 1 node with high connection count (node size 7-10).,0.0,35.0,35.0,21.0,1524.1366889000635,,,,,,,,,1524.119599200087,1524.1366889000635,1524.1366889000635,1539.1318643999984,1539.1318799,1539.1479263000656,1540.133135800017,1540.1331857000478,1540.206506800023,1540.206506800023,1558.1308192000724,0.0,1556.1328399000922,0.1195901999017223,1558.1332049000775,1558.1473674000008,1558.1473674000008,1562.1345122000205,1562.1345287000297,1562.134548800066,,,,,sphynx_7,1,2026-06-25_16h48.00.825,Practice Trials - SYMBIOTIK graphs_2023,2024.1.0,,2026-06-25 16h48.21.445112 +0200,,sphynx_7_Practice Trials - SYMBIOTIK graphs_2023_2026-06-25_16h48.00.825.csv,6,2,semi_adapted,color_nodes,0,True,15.926333100069314,15.926333100069314,Min,False,0,True,True,False,all adaptation levels,,,,,,,,,
samples/6 node/6_nodes_S00005/no_caption/non_adapted.png,6.0,1.0,non_adapted,How many nodes have TLP:GREEN?,3.0,How many nodes have TLP:GREEN?,0.0,36.0,36.0,1.0,1562.15127640008,,,,,,,,,1562.134785400005,1562.15127640008,1562.15127640008,1577.1465485000515,1577.1465630000455,1577.1645788000897,1578.147284100065,1578.1473509999923,1578.229818199994,1578.229818199994,1596.1455393000506,3.0,1583.867471500067,0.1118981000036001,1596.1480500000762,1596.161746900063,1596.161746900063,1600.1485463000135,1600.1485613000114,1600.148583100061,,,,,sphynx_7,1,2026-06-25_16h48.00.825,Practice Trials - SYMBIOTIK graphs_2023,2024.1.0,,2026-06-25 16h48.21.445112 +0200,,sphynx_7_Practice Trials - SYMBIOTIK graphs_2023_2026-06-25_16h48.00.825.csv,6,1,non_adapted,,3,True,5.637653300072998,5.637653300072998,Min,False,3,True,True,False,all adaptation levels,,,,,,,,,
samples/6 node/6_nodes_S00125/no_caption/nodes_shape_tlp.png,6.0,1.0,shape_nodes,How many CYBER OBSERVABLE nodes are in the graph?,2.0,How many CYBER OBSERVABLE nodes are in the graph?,0.0,37.0,37.0,16.0,1600.1652951000724,,,,,,,,,1600.1488143000752,1600.1652951000724,1600.1652951000724,1615.1608138000593,1615.1608285000548,1615.177876700065,1616.16203700006,1616.1620807000436,1616.247987400042,1616.247987400042,1634.1610418000491,2.0,1619.715420400025,0.0963197000091895,1634.163482600008,1634.176947900094,1634.176947900094,1638.163719800068,1638.163743400015,1638.1637747000204,,,,,sphynx_7,1,2026-06-25_16h48.00.825,Practice Trials - SYMBIOTIK graphs_2023,2024.1.0,,2026-06-25 16h48.21.445112 +0200,,sphynx_7_Practice Trials - SYMBIOTIK graphs_2023_2026-06-25_16h48.00.825.csv,6,1,semi_adapted,shape_nodes,2,True,3.4674329999832025,3.4674329999832025,Min,False,2,True,True,False,all adaptation levels,,,,,,,,,
samples/12 node/12_nodes_S00150/no_caption/nodes_color_type.png,12.0,2.0,color_nodes,Count the number of nodes with TLP:RED connected to at least 1 node with high connection count (node size 7-10).,6.0,Count the number of nodes with TLP:RED connected to at least 1 node with high connection count (node size 7-10).,0.0,38.0,38.0,45.0,1638.1802236000076,,,,,,,,,1638.1642479000147,1638.1802236000076,1638.1802236000076,1653.176550900098,1653.1765651000896,1653.1923189000229,1654.1788492000196,1654.1788940000115,1654.2694641000126,1654.2694641000126,1672.174483800074,3.0,1666.435770500102,0.1047397999791428,1672.17683770007,1672.1922821000917,1672.1922821000917,1676.1787949000718,1676.1788236000575,1676.1788629000075,,,,,sphynx_7,1,2026-06-25_16h48.00.825,Practice Trials - SYMBIOTIK graphs_2023,2024.1.0,,2026-06-25 16h48.21.445112 +0200,,sphynx_7_Practice Trials - SYMBIOTIK graphs_2023_2026-06-25_16h48.00.825.csv,12,2,semi_adapted,color_nodes,3,True,12.166306400089525,12.166306400089525,Min,False,6,True,False,False,all adaptation levels,,,,,,,,,
samples/6 node/6_nodes_S00083/no_caption/fully_adapted.png,6.0,2.0,fully_adapted,Count the number of MALWARE nodes with high connection counts (node size 7-10),,Count the number of MALWARE nodes with high connection counts (node size 7-10),0.0,39.0,39.0,14.0,1676.197744200006,,,,,,,,,1676.1793645001017,1676.197744200006,1676.197744200006,1691.1919459000928,1691.191973200068,1691.207242100034,1692.1922128000297,1692.1922760000452,1692.2703169001034,1692.2703169001034,1710.1903205000565,1.0,1698.1556984001072,0.0968849998898804,1710.192984500085,1710.2066646000603,1710.2066646000603,1714.1960277000908,1714.1960489000194,1714.1960751001025,,,,,sphynx_7,1,2026-06-25_16h48.00.825,Practice Trials - SYMBIOTIK graphs_2023,2024.1.0,,2026-06-25 16h48.21.445112 +0200,,sphynx_7_Practice Trials - SYMBIOTIK graphs_2023_2026-06-25_16h48.00.825.csv,6,2,fully_adapted,,1,True,5.885381500003859,5.885381500003859,Min,False,1,True,True,False,all adaptation levels,,,,,,,,,
samples/6 node/6_nodes_S00017/no_caption/non_adapted.png,6.0,2.0,non_adapted,Count the number of MALWARE nodes connected with at least 1 high confidence edge ( confidence 7-10).,1.0,Count the number of MALWARE nodes connected with at least 1 high confidence edge ( confidence 7-10).,0.0,40.0,40.0,4.0,1714.2131299000466,,,,,,,,,1714.1964156000176,1714.2131299000466,1714.2131299000466,1729.2052573000549,1729.20527330006,1729.221707800054,1730.2061279000482,1730.2061738000484,1730.2871873000404,1730.2871873000404,1748.2044486000668,1.0,1741.9392507000591,0.1209942999994382,1748.2074025000911,1748.220689100097,1748.220689100097,1752.207824400044,1752.2078458000906,1752.207870000042,,,,,sphynx_7,1,2026-06-25_16h48.00.825,Practice Trials - SYMBIOTIK graphs_2023,2024.1.0,,2026-06-25 16h48.21.445112 +0200,,sphynx_7_Practice Trials - SYMBIOTIK graphs_2023_2026-06-25_16h48.00.825.csv,6,2,non_adapted,,1,True,11.652063400018733,11.652063400018733,Min,False,1,True,True,False,all adaptation levels,,,,,,,,,
samples/6 node/6_nodes_S00020/no_caption/non_adapted.png,6.0,2.0,non_adapted,Count the number of nodes with TLP:RED connected to at least 1 node with high connection count (node size 7-10).,2.0,Count the number of nodes with TLP:RED connected to at least 1 node with high connection count (node size 7-10).,0.0,41.0,41.0,5.0,1752.22495980002,,,,,,,,,1752.2081898000324,1752.22495980002,1752.22495980002,1767.2221390000775,1767.2221529000672,1767.2369127999991,1768.2208715000888,1768.2209119000472,1768.306651400053,1768.306651400053,1786.2182497000322,2.0,1783.7155328000665,0.1443625999381765,1786.2214988000924,1786.2366906000534,1786.2366906000534,1790.2230637000175,1790.2230799000245,1790.2231003000634,,,,,sphynx_7,1,2026-06-25_16h48.00.825,Practice Trials - SYMBIOTIK graphs_2023,2024.1.0,,2026-06-25 16h48.21.445112 +0200,,sphynx_7_Practice Trials - SYMBIOTIK graphs_2023_2026-06-25_16h48.00.825.csv,6,2,non_adapted,,2,True,15.40888140001357,15.40888140001357,Min,False,2,True,True,False,all adaptation levels,,,,,,,,,
samples/6 node/6_nodes_S00086/no_caption/fully_adapted.png,6.0,2.0,fully_adapted,Count the number of ATTACK PATTERN nodes connected with at least 1 low confidence edge? (confidence of 1-3).,,Count the number of ATTACK PATTERN nodes connected with at least 1 low confidence edge? (confidence of 1-3).,0.0,42.0,42.0,15.0,1790.2408703000983,,,,,,,,,1790.22336370009,1790.2408703000983,1790.2408703000983,1805.2351780000608,1805.2351960000813,1805.254815399996,1806.2356999000767,1806.235743000056,1806.3130715000443,1806.3130715000443,1824.2336769000397,0.0,1815.724312400096,0.1286583999171853,1824.236336800037,1824.2495869999984,1824.2495869999984,1828.2368240000212,1828.2368410000345,1828.2368631000863,,,,,sphynx_7,1,2026-06-25_16h48.00.825,Practice Trials - SYMBIOTIK graphs_2023,2024.1.0,,2026-06-25 16h48.21.445112 +0200,,sphynx_7_Practice Trials - SYMBIOTIK graphs_2023_2026-06-25_16h48.00.825.csv,6,2,fully_adapted,,0,True,9.41124090005178,9.41124090005178,Min,False,0,True,True,False,all adaptation levels,,,,,,,,,
samples/6 node/6_nodes_S00071/no_caption/fully_adapted.png,6.0,1.0,fully_adapted,Count the number of nodes with high connection counts (node size 7-10),,Count the number of nodes with high connection counts (node size 7-10),0.0,43.0,43.0,10.0,1828.253073500004,,,,,,,,,1828.237138500088,1828.253073500004,1828.253073500004,1843.2494830000212,1843.249496400007,1843.2659432000944,1844.2500459000005,1844.250092400005,1844.3302470000929,1844.3302470000929,1862.248655400006,1.0,1855.3877989000173,0.2159933000802993,1862.251122200047,1862.264313200023,1862.264313200023,1866.2515116001011,1866.2515274001053,1866.2515509000516,,,,,sphynx_7,1,2026-06-25_16h48.00.825,Practice Trials - SYMBIOTIK graphs_2023,2024.1.0,,2026-06-25 16h48.21.445112 +0200,,sphynx_7_Practice Trials - SYMBIOTIK graphs_2023_2026-06-25_16h48.00.825.csv,6,1,fully_adapted,,1,True,11.05755189992442,11.05755189992442,Min,False,1,True,True,False,all adaptation levels,,,,,,,,,
samples/6 node/6_nodes_S00002/no_caption/non_adapted.png,6.0,1.0,non_adapted,How many CYBER OBSERVABLE nodes are in the graph?,5.0,How many CYBER OBSERVABLE nodes are in the graph?,0.0,44.0,44.0,0.0,1866.2680758000351,,,,,,,,,1866.2517962000568,1866.2680758000351,1866.2680758000351,1881.263914900017,1881.2639308000216,1881.2811812000584,1882.2519190000603,1882.2519633000484,1882.3291122000664,1882.3291122000664,1900.263122400036,5.0,1890.4688685000876,0.1503698999295011,1900.2661044000413,1900.2806409000184,1900.2806409000184,1904.2663986000696,1904.2664156000828,1904.266438400024,,,,,sphynx_7,1,2026-06-25_16h48.00.825,Practice Trials - SYMBIOTIK graphs_2023,2024.1.0,,2026-06-25 16h48.21.445112 +0200,,sphynx_7_Practice Trials - SYMBIOTIK graphs_2023_2026-06-25_16h48.00.825.csv,6,1,non_adapted,,5,True,8.13975630002119,8.13975630002119,Min,False,5,True,True,False,all adaptation levels,,,,,,,,,
samples/12 node/12_nodes_S00090/no_caption/fully_adapted.png,12.0,2.0,fully_adapted,Count the number of nodes with TLP:RED connected to at least 1 node with high connection count (node size 7-10).,1.0,Count the number of nodes with TLP:RED connected to at least 1 node with high connection count (node size 7-10).,0.0,45.0,45.0,37.0,1904.285228700028,,,,,,,,,1904.2667076000944,1904.285228700028,1904.285228700028,1919.278568600072,1919.2785848000783,1919.295057700016,1920.2796666000504,1920.2797067000065,1920.366375600104,1920.366375600104,1938.2776365000757,3.0,1936.9237432000227,0.120123800006695,1938.2811246000929,1938.295019200072,1938.295019200072,1942.266905000084,1942.266932800063,1942.2669632000616,,,,,sphynx_7,1,2026-06-25_16h48.00.825,Practice Trials - SYMBIOTIK graphs_2023,2024.1.0,,2026-06-25 16h48.21.445112 +0200,,sphynx_7_Practice Trials - SYMBIOTIK graphs_2023_2026-06-25_16h48.00.825.csv,12,2,fully_adapted,,3,True,16.557367599918734,16.557367599918734,Min,False,1,True,False,False,all adaptation levels,,,,,,,,,
samples/12 node/12_nodes_S00153/no_caption/nodes_size_value.png,12.0,2.0,size_nodes,Count the number of MALWARE nodes with high connection counts (node size 7-10),,Count the number of MALWARE nodes with high connection counts (node size 7-10),0.0,46.0,46.0,46.0,1942.2838586000728,,,,,,,,,1942.267333100084,1942.2838586000728,1942.2838586000728,1957.276623300044,1957.2766371000323,1957.293384000077,1958.2769463000584,1958.277021700051,1958.3629909000592,1958.3629909000592,1976.2751140000764,1.0,1971.4525885001055,0.0877496999455615,1976.278616100084,1976.2922670000696,1976.2922670000696,1980.279032899998,1980.27905630006,1980.2790835000344,,,,,sphynx_7,1,2026-06-25_16h48.00.825,Practice Trials - SYMBIOTIK graphs_2023,2024.1.0,,2026-06-25 16h48.21.445112 +0200,,sphynx_7_Practice Trials - SYMBIOTIK graphs_2023_2026-06-25_16h48.00.825.csv,12,2,semi_adapted,size_nodes,1,True,13.089597600046318,13.089597600046318,Min,False,1,True,True,False,all adaptation levels,,,,,,,,,
samples/12 node/12_nodes_S00135/no_caption/nodes_shape_tlp.png,12.0,1.0,shape_nodes,How many CYBER OBSERVABLE nodes are in the graph?,4.0,How many CYBER OBSERVABLE nodes are in the graph?,0.0,47.0,47.0,40.0,1980.304749200004,,,,,,,,,1980.2794518000449,1980.304749200004,1980.304749200004,1995.291336200084,1995.2913537001004,1995.308187000104,1996.2947466000917,1996.2947914000836,1996.3759253000608,1996.3759253000608,2014.289749699994,1.0,2010.2031099000012,0.1282669000793248,2014.2926212000891,2014.3066311000148,2014.3066311000148,2018.293691900093,2018.293711300008,2018.2937592000235,,,,,sphynx_7,1,2026-06-25_16h48.00.825,Practice Trials - SYMBIOTIK graphs_2023,2024.1.0,,2026-06-25 16h48.21.445112 +0200,,sphynx_7_Practice Trials - SYMBIOTIK graphs_2023_2026-06-25_16h48.00.825.csv,12,1,semi_adapted,shape_nodes,1,True,13.827184599940438,13.827184599940438,Min,False,4,True,False,False,all adaptation levels,,,,,,,,,
samples/6 node/6_nodes_S00023/no_caption/non_adapted.png,6.0,2.0,non_adapted,Count the number of MALWARE nodes with high connection counts (node size 7-10),,Count the number of MALWARE nodes with high connection counts (node size 7-10),0.0,0.0,0.0,6.0,77.29268739999998,,,,,,,,,77.25389399999995,77.29268739999998,77.29268739999998,92.24757909999973,92.2475940999998,92.26437140000009,93.24828949999984,93.24832059999972,93.32711309999968,93.32711309999968,111.2490057,0.0,103.56326069999976,0.1515149000001656,111.25165070000004,111.26885739999987,111.26885739999987,115.24992249999968,115.24993629999972,115.24995409999974,,,,,sphynx_10,1,2026-07-02_18h46.04.322,Practice Trials - SYMBIOTIK graphs_2023,2024.1.0,,2026-07-02 18h46.20.318880 +0200,,sphynx_10_Practice Trials - SYMBIOTIK graphs_2023_2026-07-02_18h46.04.322.csv,6,2,non_adapted,,0,True,10.23614760000008,10.23614760000008,Mohammad Nasser,False,0,True,True,False,all adaptation levels,,,,,,,,,
samples/12 node/12_nodes_S00018/no_caption/non_adapted.png,12.0,2.0,non_adapted,Count the number of nodes with TLP:RED connected to at least 1 node with high connection count (node size 7-10).,3.0,Count the number of nodes with TLP:RED connected to at least 1 node with high connection count (node size 7-10).,0.0,1.0,1.0,29.0,115.2708789999997,,,,,,,,,115.25016979999964,115.2708789999997,115.2708789999997,130.26255469999978,130.26256439999997,130.27842740000006,131.2630264999998,131.2630623,131.3557883999997,131.3557883999997,149.26333419999992,,,,149.26591149999967,149.27798570000004,149.27798570000004,153.26473239999996,153.26475899999969,153.26477579999982,,,,,sphynx_10,1,2026-07-02_18h46.04.322,Practice Trials - SYMBIOTIK graphs_2023,2024.1.0,,2026-07-02 18h46.20.318880 +0200,,sphynx_10_Practice Trials - SYMBIOTIK graphs_2023_2026-07-02_18h46.04.322.csv,12,2,non_adapted,,,False,,,Mohammad Nasser,False,3,True,False,False,all adaptation levels,,,,,,,,,
samples/12 node/12_nodes_S00147/no_caption/nodes_shape_tlp.png,12.0,2.0,shape_nodes,Count the number of MALWARE nodes connected with at least 1 high confidence edge ( confidence 7-10).,2.0,Count the number of MALWARE nodes connected with at least 1 high confidence edge ( confidence 7-10).,0.0,2.0,2.0,44.0,153.28158059999987,,,,,,,,,153.26497889999973,153.28158059999987,153.28158059999987,168.27734669999973,168.27735679999978,168.29342599999973,169.27745909999976,169.27749029999995,169.36552009999969,169.36552009999969,187.27804149999972,1.0,186.2833975999997,0.1515122999999221,187.2804062,187.2924883999999,187.2924883999999,191.2790301,191.2790418999998,191.27905800000008,,,,,sphynx_10,1,2026-07-02_18h46.04.322,Practice Trials - SYMBIOTIK graphs_2023,2024.1.0,,2026-07-02 18h46.20.318880 +0200,,sphynx_10_Practice Trials - SYMBIOTIK graphs_2023_2026-07-02_18h46.04.322.csv,12,2,semi_adapted,shape_nodes,1,True,16.917877500000003,16.917877500000003,Mohammad Nasser,False,2,True,False,False,all adaptation levels,,,,,,,,,
samples/6 node/6_nodes_S00068/no_caption/fully_adapted.png,6.0,1.0,fully_adapted,How many nodes have TLP:GREEN?,5.0,How many nodes have TLP:GREEN?,0.0,3.0,3.0,9.0,191.29623619999984,,,,,,,,,191.27928109999996,191.29623619999984,191.29623619999984,206.2923673,206.2923794999997,206.30837489999976,207.29357489999984,207.2936135,207.37518899999984,207.37518899999984,225.2929291999999,0.0,222.15589980000004,0.1753436999997575,225.29541659999995,225.30677909999983,225.30677909999983,229.29340509999972,229.2934164999997,229.2934304999999,,,,,sphynx_10,1,2026-07-02_18h46.04.322,Practice Trials - SYMBIOTIK graphs_2023,2024.1.0,,2026-07-02 18h46.20.318880 +0200,,sphynx_10_Practice Trials - SYMBIOTIK graphs_2023_2026-07-02_18h46.04.322.csv,6,1,fully_adapted,,0,True,14.780710800000207,14.780710800000207,Mohammad Nasser,False,5,True,False,False,all adaptation levels,,,,,,,,,
samples/6 node/6_nodes_S00143/no_caption/nodes_size_value.png,6.0,2.0,size_nodes,Count the number of MALWARE nodes with high connection counts (node size 7-10),,Count the number of MALWARE nodes with high connection counts (node size 7-10),0.0,4.0,4.0,22.0,229.3111270999998,,,,,,,,,229.29362839999976,229.3111270999998,229.3111270999998,244.30695799999967,244.30697389999975,244.32289790000004,245.30693010000005,245.30696229999967,245.3895619,245.3895619,263.3073402,2.0,257.28407879999986,0.0877666999999746,263.3098898999997,263.32214010000007,263.32214010000007,267.30881839999984,267.3088303999998,267.3088475,,,,,sphynx_10,1,2026-07-02_18h46.04.322,Practice Trials - SYMBIOTIK graphs_2023,2024.1.0,,2026-07-02 18h46.20.318880 +0200,,sphynx_10_Practice Trials - SYMBIOTIK graphs_2023_2026-07-02_18h46.04.322.csv,6,2,semi_adapted,size_nodes,2,True,11.894516899999871,11.894516899999871,Mohammad Nasser,False,2,True,True,False,all adaptation levels,,,,,,,,,
samples/6 node/6_nodes_S00077/no_caption/fully_adapted.png,6.0,2.0,fully_adapted,Count the number of MALWARE nodes connected with at least 1 high confidence edge ( confidence 7-10).,0.0,Count the number of MALWARE nodes connected with at least 1 high confidence edge ( confidence 7-10).,0.0,5.0,5.0,12.0,267.3259085999998,,,,,,,,,267.3090669999997,267.3259085999998,267.3259085999998,282.3210522999998,282.3210648,282.3374469999999,283.3212487999999,283.3212848999997,283.4031233999999,283.4031233999999,301.3229959,0.0,291.0189305999997,0.1436572000002343,301.3258449,301.3518872,301.3518872,305.3239762999997,305.3239974999997,305.32403399999976,,,,,sphynx_10,1,2026-07-02_18h46.04.322,Practice Trials - SYMBIOTIK graphs_2023,2024.1.0,,2026-07-02 18h46.20.318880 +0200,,sphynx_10_Practice Trials - SYMBIOTIK graphs_2023_2026-07-02_18h46.04.322.csv,6,2,fully_adapted,,0,True,7.615807199999779,7.615807199999779,Mohammad Nasser,False,0,True,True,False,all adaptation levels,,,,,,,,,
samples/12 node/12_nodes_S00027/no_caption/non_adapted.png,12.0,2.0,non_adapted,Count the number of ATTACK PATTERN nodes connected with at least 1 low confidence edge? (confidence of 1-3).,,Count the number of ATTACK PATTERN nodes connected with at least 1 low confidence edge? (confidence of 1-3).,0.0,6.0,6.0,31.0,305.34176839999964,,,,,,,,,305.3244439,305.34176839999964,305.34176839999964,320.3366194,320.3366348,320.3518733000001,321.3367499000001,321.3367794999999,321.4243005999997,321.4243005999997,339.33632940000007,,,,339.33887909999976,339.3715761999997,339.3715761999997,343.3380752999997,343.3380923999998,343.33811119999973,,,,,sphynx_10,1,2026-07-02_18h46.04.322,Practice Trials - SYMBIOTIK graphs_2023,2024.1.0,,2026-07-02 18h46.20.318880 +0200,,sphynx_10_Practice Trials - SYMBIOTIK graphs_2023_2026-07-02_18h46.04.322.csv,12,2,non_adapted,,,False,,,Mohammad Nasser,False,5,True,False,False,all adaptation levels,,,,,,,,,
samples/6 node/6_nodes_S00131/no_caption/nodes_size_value.png,6.0,1.0,size_nodes,Count the number of nodes with high connection counts (node size 7-10),,Count the number of nodes with high connection counts (node size 7-10),0.0,7.0,7.0,18.0,343.35535389999995,,,,,,,,,343.338397,343.35535389999995,343.35535389999995,358.35052559999986,358.3505397999997,358.3668238,359.35079289999976,359.3508247999998,359.43591620000007,359.43591620000007,377.350684,3.0,365.7716442000001,0.0955669999998463,377.3533315999998,377.3660439999999,377.3660439999999,381.3521004999998,381.3521142,381.3521326999999,,,,,sphynx_10,1,2026-07-02_18h46.04.322,Practice Trials - SYMBIOTIK graphs_2023,2024.1.0,,2026-07-02 18h46.20.318880 +0200,,sphynx_10_Practice Trials - SYMBIOTIK graphs_2023_2026-07-02_18h46.04.322.csv,6,1,semi_adapted,size_nodes,3,True,6.335728000000017,6.335728000000017,Mohammad Nasser,False,3,True,True,False,all adaptation levels,,,,,,,,,
samples/12 node/12_nodes_S00072/no_caption/fully_adapted.png,12.0,1.0,fully_adapted,How many CYBER OBSERVABLE nodes are in the graph?,3.0,How many CYBER OBSERVABLE nodes are in the graph?,0.0,8.0,8.0,32.0,381.3782965,,,,,,,,,381.3523888999998,381.3782965,381.3782965,396.3653089999998,396.3653212999998,396.3811031,397.36619519999977,397.3662433999998,397.44954419999976,397.44954419999976,415.3659622999999,3.0,405.9862814999997,0.1125533000003997,415.3685169,415.3799652999997,415.3799652999997,419.3677597000001,419.3677751999999,419.3677938000001,,,,,sphynx_10,1,2026-07-02_18h46.04.322,Practice Trials - SYMBIOTIK graphs_2023,2024.1.0,,2026-07-02 18h46.20.318880 +0200,,sphynx_10_Practice Trials - SYMBIOTIK graphs_2023_2026-07-02_18h46.04.322.csv,12,1,fully_adapted,,3,True,8.536737299999913,8.536737299999913,Mohammad Nasser,False,3,True,True,False,all adaptation levels,,,,,,,,,
samples/6 node/6_nodes_S00128/no_caption/nodes_color_type.png,6.0,1.0,color_nodes,How many nodes have TLP:GREEN?,1.0,How many nodes have TLP:GREEN?,0.0,9.0,9.0,17.0,419.3840317999998,,,,,,,,,419.3681099999999,419.3840317999998,419.3840317999998,434.3795673999998,434.3795814,434.3962444999997,435.3802916,435.3803343,435.4537332,435.4537332,453.38042730000006,0.0,446.0423059,0.1676081000000522,453.38299659999984,453.3952873999997,453.3952873999997,457.3819421999997,457.3819562999997,457.3819733999999,,,,,sphynx_10,1,2026-07-02_18h46.04.322,Practice Trials - SYMBIOTIK graphs_2023,2024.1.0,,2026-07-02 18h46.20.318880 +0200,,sphynx_10_Practice Trials - SYMBIOTIK graphs_2023_2026-07-02_18h46.04.322.csv,6,1,semi_adapted,color_nodes,0,True,10.588572699999986,10.588572699999986,Mohammad Nasser,False,1,True,False,False,all adaptation levels,,,,,,,,,
samples/6 node/6_nodes_S00008/no_caption/non_adapted.png,6.0,1.0,non_adapted,Count the number of nodes with high connection counts (node size 7-10),,Count the number of nodes with high connection counts (node size 7-10),0.0,10.0,10.0,2.0,457.3987026,,,,,,,,,457.3821727,457.3987026,457.3987026,472.3947613,472.394773,472.4105663,473.3950104999999,473.395063,473.4795291,473.4795291,491.3955535,2.0,480.0825477999997,0.1759568000002218,491.3979979999999,491.4096467999998,491.4096467999998,495.3967834999999,495.3967997,495.3968304,,,,,sphynx_10,1,2026-07-02_18h46.04.322,Practice Trials - SYMBIOTIK graphs_2023,2024.1.0,,2026-07-02 18h46.20.318880 +0200,,sphynx_10_Practice Trials - SYMBIOTIK graphs_2023_2026-07-02_18h46.04.322.csv,6,1,non_adapted,,2,True,6.603018699999723,6.603018699999723,Mohammad Nasser,False,2,True,True,False,all adaptation levels,,,,,,,,,
samples/12 node/12_nodes_S00012/no_caption/non_adapted.png,12.0,1.0,non_adapted,How many low confidence (confidence 1-3) edges exist in the graph?,,How many low confidence (confidence 1-3) edges exist in the graph?,0.0,11.0,11.0,27.0,495.4135197999999,,,,,,,,,495.3971133,495.4135197999999,495.4135197999999,510.4095622,510.409576,510.4254886999997,511.40947460000007,511.4095041000001,511.49855309999975,511.49855309999975,529.410417,8.0,521.0114853999999,0.0946951000000808,529.4130713,529.4245387000001,529.4245387000001,533.4116955,533.4117108999999,533.4117305,,,,,sphynx_10,1,2026-07-02_18h46.04.322,Practice Trials - SYMBIOTIK graphs_2023,2024.1.0,,2026-07-02 18h46.20.318880 +0200,,sphynx_10_Practice Trials - SYMBIOTIK graphs_2023_2026-07-02_18h46.04.322.csv,12,1,non_adapted,,8,True,9.512932300000102,9.512932300000102,Mohammad Nasser,False,8,True,True,False,all adaptation levels,,,,,,,,,
samples/6 node/6_nodes_S00146/no_caption/edge_width_connection_number.png,6.0,2.0,edge_width,Count the number of ATTACK PATTERN nodes connected with at least 1 low confidence edge? (confidence of 1-3).,,Count the number of ATTACK PATTERN nodes connected with at least 1 low confidence edge? (confidence of 1-3).,0.0,12.0,12.0,23.0,533.4284135999997,,,,,,,,,533.4119986000001,533.4284135999997,533.4284135999997,548.4245814000001,548.4245948999996,548.4401021999997,549.4243197999999,549.4243542999998,549.5058233999998,549.5058233999998,567.4249855999997,2.0,560.9706538,0.1035435999997389,567.4274249999999,567.4388663999998,567.4388663999998,571.425972,571.4259846999998,571.4260027,,,,,sphynx_10,1,2026-07-02_18h46.04.322,Practice Trials - SYMBIOTIK graphs_2023,2024.1.0,,2026-07-02 18h46.20.318880 +0200,,sphynx_10_Practice Trials - SYMBIOTIK graphs_2023_2026-07-02_18h46.04.322.csv,6,2,semi_adapted,edge_width,2,True,11.46483040000021,11.46483040000021,Mohammad Nasser,False,2,True,True,False,all adaptation levels,,,,,,,,,
samples/12 node/12_nodes_S00138/no_caption/nodes_color_type.png,12.0,1.0,color_nodes,How many nodes have TLP:GREEN?,4.0,How many nodes have TLP:GREEN?,0.0,13.0,13.0,41.0,571.4428215999997,,,,,,,,,571.4262573000001,571.4428215999997,571.4428215999997,586.4388942999999,586.4389071,586.4543110999998,587.4394373,587.4394732000001,587.5259204999998,587.5259204999998,605.4385109999998,0.0,596.1542095,0.1995523999999022,605.4412241999999,605.4540008999998,605.4540008999998,609.4409486999998,609.4409648999999,609.4409845,,,,,sphynx_10,1,2026-07-02_18h46.04.322,Practice Trials - SYMBIOTIK graphs_2023,2024.1.0,,2026-07-02 18h46.20.318880 +0200,,sphynx_10_Practice Trials - SYMBIOTIK graphs_2023_2026-07-02_18h46.04.322.csv,12,1,semi_adapted,color_nodes,0,True,8.628289000000223,8.628289000000223,Mohammad Nasser,False,4,True,False,False,all adaptation levels,,,,,,,,,
samples/12 node/12_nodes_S00084/no_caption/fully_adapted.png,12.0,1.0,fully_adapted,How many low confidence (confidence 1-3) edges exist in the graph?,,How many low confidence (confidence 1-3) edges exist in the graph?,0.0,14.0,14.0,35.0,609.4576318,,,,,,,,,609.4412520999999,609.4576318,609.4576318,624.4533188999999,624.453332,624.4692155999996,625.4533681999997,625.4534012999998,625.5333269999996,625.5333269999996,643.4542999,7.0,637.4264143999999,0.1524862999999641,643.4574751,643.4686849999998,643.4686849999998,647.4552573999999,647.4552706999998,647.4552884,,,,,sphynx_10,1,2026-07-02_18h46.04.322,Practice Trials - SYMBIOTIK graphs_2023,2024.1.0,,2026-07-02 18h46.20.318880 +0200,,sphynx_10_Practice Trials - SYMBIOTIK graphs_2023_2026-07-02_18h46.04.322.csv,12,1,fully_adapted,,7,True,11.89308740000024,11.89308740000024,Mohammad Nasser,False,7,True,True,False,all adaptation levels,,,,,,,,,
samples/12 node/12_nodes_S00015/no_caption/non_adapted.png,12.0,2.0,non_adapted,Count the number of MALWARE nodes connected with at least 1 high confidence edge ( confidence 7-10).,2.0,Count the number of MALWARE nodes connected with at least 1 high confidence edge ( confidence 7-10).,0.0,15.0,15.0,28.0,647.4718422000001,,,,,,,,,647.455504,647.4718422000001,647.4718422000001,662.4680527999999,662.4680668000001,662.4838181,663.4680933,663.4681347000001,663.5553253999997,663.5553253999997,681.4680595,2.0,676.5624033999998,0.1675768000000062,681.4706593999999,681.4836089,681.4836089,685.4700233999997,685.4700339000001,685.4700484,,,,,sphynx_10,1,2026-07-02_18h46.04.322,Practice Trials - SYMBIOTIK graphs_2023,2024.1.0,,2026-07-02 18h46.20.318880 +0200,,sphynx_10_Practice Trials - SYMBIOTIK graphs_2023_2026-07-02_18h46.04.322.csv,12,2,non_adapted,,2,True,13.007078000000092,13.007078000000092,Mohammad Nasser,False,2,True,True,False,all adaptation levels,,,,,,,,,
samples/12 node/12_nodes_S00156/no_caption/edge_width_connection_number.png,12.0,2.0,edge_width,Count the number of ATTACK PATTERN nodes connected with at least 1 low confidence edge? (confidence of 1-3).,,Count the number of ATTACK PATTERN nodes connected with at least 1 low confidence edge? (confidence of 1-3).,0.0,16.0,16.0,47.0,685.4869157999997,,,,,,,,,685.4702515999998,685.4869157999997,685.4869157999997,700.4827178999999,700.4827314999998,700.4984722999998,701.4825634999997,701.4826023,701.5701716999997,701.5701716999997,719.4830441999998,4.0,715.7385388999996,0.1913249000003816,719.4857256999999,719.4976471,719.4976471,723.4847949,723.4848053999999,723.4848204,,,,,sphynx_10,1,2026-07-02_18h46.04.322,Practice Trials - SYMBIOTIK graphs_2023,2024.1.0,,2026-07-02 18h46.20.318880 +0200,,sphynx_10_Practice Trials - SYMBIOTIK graphs_2023_2026-07-02_18h46.04.322.csv,12,2,semi_adapted,edge_width,4,True,14.16836719999992,14.16836719999992,Mohammad Nasser,False,4,True,True,False,all adaptation levels,,,,,,,,,
samples/12 node/12_nodes_S00075/no_caption/fully_adapted.png,12.0,1.0,fully_adapted,How many nodes have TLP:GREEN?,4.0,How many nodes have TLP:GREEN?,0.0,17.0,17.0,33.0,723.5011904999997,,,,,,,,,723.4850478999997,723.5011904999997,723.5011904999997,738.4977332999997,738.4977457,738.5135467,739.4973479,739.4973824999997,739.5848685999999,739.5848685999999,757.4979516999997,0.0,745.7057310999999,0.1933856999999079,757.5012234999999,757.511943,757.511943,761.4995122999999,761.4995263000001,761.4995438999999,,,,,sphynx_10,1,2026-07-02_18h46.04.322,Practice Trials - SYMBIOTIK graphs_2023,2024.1.0,,2026-07-02 18h46.20.318880 +0200,,sphynx_10_Practice Trials - SYMBIOTIK graphs_2023_2026-07-02_18h46.04.322.csv,12,1,fully_adapted,,0,True,6.12086249999993,6.12086249999993,Mohammad Nasser,False,4,True,False,False,all adaptation levels,,,,,,,,,
samples/12 node/12_nodes_S00024/no_caption/non_adapted.png,12.0,2.0,non_adapted,Count the number of MALWARE nodes with high connection counts (node size 7-10),,Count the number of MALWARE nodes with high connection counts (node size 7-10),0.0,18.0,18.0,30.0,761.5164642999998,,,,,,,,,761.4997758,761.5164642999998,761.5164642999998,776.5121126999998,776.5121236999998,776.5275449000001,777.512048,777.5120840999998,777.5865697999998,777.5865697999998,795.5124031999999,2.0,786.6899816999999,0.1435412000000724,795.5152347999997,795.5272480999997,795.5272480999997,799.5148624999997,799.5148753999997,799.5149121999998,,,,,sphynx_10,1,2026-07-02_18h46.04.322,Practice Trials - SYMBIOTIK graphs_2023,2024.1.0,,2026-07-02 18h46.20.318880 +0200,,sphynx_10_Practice Trials - SYMBIOTIK graphs_2023_2026-07-02_18h46.04.322.csv,12,2,non_adapted,,2,True,9.103411900000083,9.103411900000083,Mohammad Nasser,False,3,True,False,False,all adaptation levels,,,,,,,,,
samples/6 node/6_nodes_S00026/no_caption/non_adapted.png,6.0,2.0,non_adapted,Count the number of ATTACK PATTERN nodes connected with at least 1 low confidence edge? (confidence of 1-3).,,Count the number of ATTACK PATTERN nodes connected with at least 1 low confidence edge? (confidence of 1-3).,0.0,19.0,19.0,7.0,799.5307849999999,,,,,,,,,799.5151769999998,799.5307849999999,799.5307849999999,814.5269682999997,814.5269807999998,814.5426912999997,815.526773,815.5268035999998,815.6047303999999,815.6047303999999,833.5274955,1.0,823.8663793000001,0.1126405999998496,833.5305708000001,833.5416001999997,833.5416001999997,837.5291020999998,837.5291290999999,837.5291726999999,,,,,sphynx_10,1,2026-07-02_18h46.04.322,Practice Trials - SYMBIOTIK graphs_2023,2024.1.0,,2026-07-02 18h46.20.318880 +0200,,sphynx_10_Practice Trials - SYMBIOTIK graphs_2023_2026-07-02_18h46.04.322.csv,6,2,non_adapted,,1,True,8.261648900000182,8.261648900000182,Mohammad Nasser,False,1,True,True,False,all adaptation levels,,,,,,,,,
samples/12 node/12_nodes_S00009/no_caption/non_adapted.png,12.0,1.0,non_adapted,Count the number of nodes with high connection counts (node size 7-10),,Count the number of nodes with high connection counts (node size 7-10),0.0,20.0,20.0,26.0,837.5457127,,,,,,,,,837.5296622999999,837.5457127,837.5457127,852.5412905999997,852.5413014000001,852.5575980999997,853.5419149999998,853.5419431,853.6313077,853.6313077,871.5423535,7.0,871.4901040999998,,871.5451671000001,871.5561926999999,871.5561926999999,875.5429859999999,875.5429985999999,875.5430154999999,,,,,sphynx_10,1,2026-07-02_18h46.04.322,Practice Trials - SYMBIOTIK graphs_2023,2024.1.0,,2026-07-02 18h46.20.318880 +0200,,sphynx_10_Practice Trials - SYMBIOTIK graphs_2023_2026-07-02_18h46.04.322.csv,12,1,non_adapted,,7,True,17.858796399999846,17.858796399999846,Mohammad Nasser,False,7,True,True,False,all adaptation levels,,,,,,,,,
samples/12 node/12_nodes_S00141/no_caption/nodes_size_value.png,12.0,1.0,size_nodes,Count the number of nodes with high connection counts (node size 7-10),,Count the number of nodes with high connection counts (node size 7-10),0.0,21.0,21.0,42.0,875.5601106999998,,,,,,,,,875.5432523999998,875.5601106999998,875.5601106999998,890.5559731999997,890.5559843000001,890.5720198999998,891.5565087999998,891.5565428,891.6457707999998,891.6457707999998,909.5560529,4.0,898.4273450000001,0.1580936000000292,909.5587852,909.5710617999998,909.5710617999998,913.5574300999996,913.5574441999996,913.5574637,,,,,sphynx_10,1,2026-07-02_18h46.04.322,Practice Trials - SYMBIOTIK graphs_2023,2024.1.0,,2026-07-02 18h46.20.318880 +0200,,sphynx_10_Practice Trials - SYMBIOTIK graphs_2023_2026-07-02_18h46.04.322.csv,12,1,semi_adapted,size_nodes,4,True,6.78157420000025,6.78157420000025,Mohammad Nasser,False,4,True,True,False,all adaptation levels,,,,,,,,,
samples/12 node/12_nodes_S00144/no_caption/edge_width_connection_number.png,12.0,1.0,edge_width,How many low confidence (confidence 1-3) edges exist in the graph?,,How many low confidence (confidence 1-3) edges exist in the graph?,0.0,22.0,22.0,43.0,913.5751918,,,,,,,,,913.5577255999996,913.5751918,913.5751918,928.5709064999996,928.5709196999996,928.5870498,929.5710780999998,929.5711167999998,929.6599456,929.6599456,947.5712872,3.0,934.633284,0.088735099999667,947.5747392999996,947.5854249,947.5854249,951.5731452,951.5731600999998,951.5731765,,,,,sphynx_10,1,2026-07-02_18h46.04.322,Practice Trials - SYMBIOTIK graphs_2023,2024.1.0,,2026-07-02 18h46.20.318880 +0200,,sphynx_10_Practice Trials - SYMBIOTIK graphs_2023_2026-07-02_18h46.04.322.csv,12,1,semi_adapted,edge_width,3,True,4.973338399999989,4.973338399999989,Mohammad Nasser,False,3,True,True,False,all adaptation levels,,,,,,,,,
samples/6 node/6_nodes_S00137/no_caption/nodes_shape_tlp.png,6.0,2.0,shape_nodes,Count the number of MALWARE nodes connected with at least 1 high confidence edge ( confidence 7-10).,2.0,Count the number of MALWARE nodes connected with at least 1 high confidence edge ( confidence 7-10).,0.0,23.0,23.0,20.0,951.5889358999998,,,,,,,,,951.573406,951.5889358999998,951.5889358999998,966.5854092999998,966.5854239,966.6019039999996,967.5850611,967.5850993999998,967.6634584,967.6634584,985.5860082999998,1.0,975.1057212,0.0717385999996622,985.5886194,985.6005845999998,985.6005845999998,989.5873972,989.5874107,989.5874274999996,,,,,sphynx_10,1,2026-07-02_18h46.04.322,Practice Trials - SYMBIOTIK graphs_2023,2024.1.0,,2026-07-02 18h46.20.318880 +0200,,sphynx_10_Practice Trials - SYMBIOTIK graphs_2023_2026-07-02_18h46.04.322.csv,6,2,semi_adapted,shape_nodes,1,True,7.44226279999998,7.44226279999998,Mohammad Nasser,False,2,True,False,False,all adaptation levels,,,,,,,,,
samples/6 node/6_nodes_S00074/no_caption/fully_adapted.png,6.0,1.0,fully_adapted,How many low confidence (confidence 1-3) edges exist in the graph?,,How many low confidence (confidence 1-3) edges exist in the graph?,0.0,24.0,24.0,11.0,989.6041673999998,,,,,,,,,989.5876484,989.6041673999998,989.6041673999998,1004.6003333999996,1004.6003477,1004.6156923999996,1005.6008248999996,1005.6008650999996,1005.6856355,1005.6856355,1023.6012234999998,2.0,1009.6816482,0.1515306999999666,1023.6037478999996,1023.6155323999996,1023.6155323999996,1027.6022847999998,1027.6022955999997,1207.6004008,1027.6262204999998,,,,sphynx_10,1,2026-07-02_18h46.04.322,Practice Trials - SYMBIOTIK graphs_2023,2024.1.0,,2026-07-02 18h46.20.318880 +0200,,sphynx_10_Practice Trials - SYMBIOTIK graphs_2023_2026-07-02_18h46.04.322.csv,6,1,fully_adapted,,2,True,3.996012700000051,3.996012700000051,Mohammad Nasser,False,2,True,True,False,all adaptation levels,,,,,,,,,
samples/6 node/6_nodes_S00080/no_caption/fully_adapted.png,6.0,2.0,fully_adapted,Count the number of nodes with TLP:RED connected to at least 1 node with high connection count (node size 7-10).,1.0,Count the number of nodes with TLP:RED connected to at least 1 node with high connection count (node size 7-10).,0.0,25.0,25.0,13.0,1207.6171584999995,,,,,,,,,1207.6006942999998,1207.6171584999995,1207.6171584999995,1222.5963540999996,1222.5963669999996,1222.6121832,1223.596101,1223.5961306,1223.6820545,1223.6820545,1241.596669,0.0,1234.4580917999997,0.1353115000001707,1241.5999357,1241.6115806999996,1241.6115806999996,1245.5978854,1245.5979002999998,1245.5979223999998,,,,,sphynx_10,1,2026-07-02_18h46.04.322,Practice Trials - SYMBIOTIK graphs_2023,2024.1.0,,2026-07-02 18h46.20.318880 +0200,,sphynx_10_Practice Trials - SYMBIOTIK graphs_2023_2026-07-02_18h46.04.322.csv,6,2,fully_adapted,,0,True,10.776037299999643,10.776037299999643,Mohammad Nasser,False,1,True,False,False,all adaptation levels,,,,,,,,,
samples/6 node/6_nodes_S00134/no_caption/edge_width_connection_number.png,6.0,1.0,edge_width,How many low confidence (confidence 1-3) edges exist in the graph?,,How many low confidence (confidence 1-3) edges exist in the graph?,0.0,26.0,26.0,19.0,1245.6152343999995,,,,,,,,,1245.5981646,1245.6152343999995,1245.6152343999995,1260.6104363999998,1260.6104495,1260.6272506,1261.611168,1261.6111972999995,1261.6982678999998,1261.6982678999998,1279.6116561,3.0,1264.6893861,0.1115860999998403,1279.6143146999998,1279.6267884999995,1279.6267884999995,1283.6126068999995,1283.6126194999997,1283.6126357999997,,,,,sphynx_10,1,2026-07-02_18h46.04.322,Practice Trials - SYMBIOTIK graphs_2023,2024.1.0,,2026-07-02 18h46.20.318880 +0200,,sphynx_10_Practice Trials - SYMBIOTIK graphs_2023_2026-07-02_18h46.04.322.csv,6,1,semi_adapted,edge_width,3,True,2.991118200000301,2.991118200000301,Mohammad Nasser,False,3,True,True,False,all adaptation levels,,,,,,,,,
samples/12 node/12_nodes_S00093/no_caption/fully_adapted.png,12.0,2.0,fully_adapted,Count the number of MALWARE nodes with high connection counts (node size 7-10),,Count the number of MALWARE nodes with high connection counts (node size 7-10),0.0,27.0,27.0,38.0,1283.6294887,,,,,,,,,1283.6128497999998,1283.6294887,1283.6294887,1298.6251281,1298.6251432,1298.6419244999995,1299.6258948999998,1299.6259314,1299.7149872,1299.7149872,1317.6255385,1.0,1307.7533583999998,0.1768803999998454,1317.6281866999998,1317.6402177999998,1317.6402177999998,1321.6278500999997,1321.6278672,1321.6278878999997,,,,,sphynx_10,1,2026-07-02_18h46.04.322,Practice Trials - SYMBIOTIK graphs_2023,2024.1.0,,2026-07-02 18h46.20.318880 +0200,,sphynx_10_Practice Trials - SYMBIOTIK graphs_2023_2026-07-02_18h46.04.322.csv,12,2,fully_adapted,,1,True,8.038371199999801,8.038371199999801,Mohammad Nasser,False,1,True,True,False,all adaptation levels,,,,,,,,,
samples/12 node/12_nodes_S00081/no_caption/fully_adapted.png,12.0,1.0,fully_adapted,Count the number of nodes with high connection counts (node size 7-10),,Count the number of nodes with high connection counts (node size 7-10),0.0,28.0,28.0,34.0,1321.6439602,,,,,,,,,1321.6281986999998,1321.6439602,1321.6439602,1336.6397506999997,1336.6397626999997,1336.6561831999998,1337.6406874,1337.6407242,1337.7282326,1337.7282326,1355.6420393,7.0,1347.0252759,0.1375642999996671,1355.6447052,1355.6557975,1355.6557975,1359.6423265,1359.6423411,1359.6423609,,,,,sphynx_10,1,2026-07-02_18h46.04.322,Practice Trials - SYMBIOTIK graphs_2023,2024.1.0,,2026-07-02 18h46.20.318880 +0200,,sphynx_10_Practice Trials - SYMBIOTIK graphs_2023_2026-07-02_18h46.04.322.csv,12,1,fully_adapted,,7,True,9.297043300000041,9.297043300000041,Mohammad Nasser,False,7,True,True,False,all adaptation levels,,,,,,,,,
samples/12 node/12_nodes_S00003/no_caption/non_adapted.png,12.0,1.0,non_adapted,How many CYBER OBSERVABLE nodes are in the graph?,4.0,How many CYBER OBSERVABLE nodes are in the graph?,0.0,29.0,29.0,24.0,1359.6590738,,,,,,,,,1359.6426383999997,1359.6590738,1359.6590738,1374.6542098,1374.6542231999997,1374.6714905,1375.6555309,1375.6555712999998,1375.7426385,1375.7426385,1393.6547842999998,4.0,1385.5132101,0.1195628000000397,1393.6577189999998,1393.6703804,1393.6703804,1397.6564722999997,1397.6564856999998,1397.656504,,,,,sphynx_10,1,2026-07-02_18h46.04.322,Practice Trials - SYMBIOTIK graphs_2023,2024.1.0,,2026-07-02 18h46.20.318880 +0200,,sphynx_10_Practice Trials - SYMBIOTIK graphs_2023_2026-07-02_18h46.04.322.csv,12,1,non_adapted,,4,True,9.770571599999812,9.770571599999812,Mohammad Nasser,False,4,True,True,False,all adaptation levels,,,,,,,,,
samples/12 node/12_nodes_S00006/no_caption/non_adapted.png,12.0,1.0,non_adapted,How many nodes have TLP:GREEN?,1.0,How many nodes have TLP:GREEN?,0.0,30.0,30.0,25.0,1397.6733203,,,,,,,,,1397.6567522,1397.6733203,1397.6733203,1412.6692963,1412.6693120999998,1412.6860846,1413.6700756,1413.6701116999998,1413.7586416999998,1413.7586416999998,1431.6696425,1.0,1424.9288164999998,0.1137813999998798,1431.6724245,1431.6852761,1431.6852761,1435.6709358999997,1435.6709504,1435.6709701,,,,,sphynx_10,1,2026-07-02_18h46.04.322,Practice Trials - SYMBIOTIK graphs_2023,2024.1.0,,2026-07-02 18h46.20.318880 +0200,,sphynx_10_Practice Trials - SYMBIOTIK graphs_2023_2026-07-02_18h46.04.322.csv,12,1,non_adapted,,1,True,11.17017480000004,11.17017480000004,Mohammad Nasser,False,1,True,True,False,all adaptation levels,,,,,,,,,
samples/12 node/12_nodes_S00087/no_caption/fully_adapted.png,12.0,2.0,fully_adapted,Count the number of MALWARE nodes connected with at least 1 high confidence edge ( confidence 7-10).,3.0,Count the number of MALWARE nodes connected with at least 1 high confidence edge ( confidence 7-10).,0.0,31.0,31.0,36.0,1435.6883164,,,,,,,,,1435.6712291999995,1435.6883164,1435.6883164,1450.6837052,1450.6837188,1450.6999105,1451.6847238,1451.6847638999998,1451.7717101999997,1451.7717101999997,1469.6841297,3.0,1463.5687665,0.1125981000000138,1469.6868071,1469.6996396999998,1469.6996396999998,1473.6856064,1473.6856204,1473.6856389,,,,,sphynx_10,1,2026-07-02_18h46.04.322,Practice Trials - SYMBIOTIK graphs_2023,2024.1.0,,2026-07-02 18h46.20.318880 +0200,,sphynx_10_Practice Trials - SYMBIOTIK graphs_2023_2026-07-02_18h46.04.322.csv,12,2,fully_adapted,,3,True,11.79705630000035,11.79705630000035,Mohammad Nasser,False,3,True,True,False,all adaptation levels,,,,,,,,,
samples/6 node/6_nodes_S00014/no_caption/non_adapted.png,6.0,1.0,non_adapted,How many low confidence (confidence 1-3) edges exist in the graph?,,How many low confidence (confidence 1-3) edges exist in the graph?,0.0,32.0,32.0,3.0,1473.7031107999996,,,,,,,,,1473.6859231,1473.7031107999996,1473.7031107999996,1488.6987221999998,1488.6987378999995,1488.7144359999998,1489.6988968,1489.6989338999997,1489.795502,1489.795502,1507.6993717,3.0,1495.5225243999998,0.1187862000001587,1507.7026358999997,1507.7136729999995,1507.7136729999995,1511.7007328,1511.7007463999998,1511.7007629,,,,,sphynx_10,1,2026-07-02_18h46.04.322,Practice Trials - SYMBIOTIK graphs_2023,2024.1.0,,2026-07-02 18h46.20.318880 +0200,,sphynx_10_Practice Trials - SYMBIOTIK graphs_2023_2026-07-02_18h46.04.322.csv,6,1,non_adapted,,3,True,5.727022399999896,5.727022399999896,Mohammad Nasser,False,3,True,True,False,all adaptation levels,,,,,,,,,
samples/6 node/6_nodes_S00065/no_caption/fully_adapted.png,6.0,1.0,fully_adapted,How many CYBER OBSERVABLE nodes are in the graph?,2.0,How many CYBER OBSERVABLE nodes are in the graph?,0.0,33.0,33.0,8.0,1511.7172723,,,,,,,,,1511.7010225,1511.7172723,1511.7172723,1526.7129800999996,1526.7129941999997,1526.7290464999996,1527.7142245,1527.7142653999997,1527.8012175999995,1527.8012175999995,1545.7135191000002,2.0,1534.2898579999996,0.1029888000002756,1545.7171258000003,1545.728775,1545.728775,1549.715436,1549.7154481000002,1549.7154642,,,,,sphynx_10,1,2026-07-02_18h46.04.322,Practice Trials - SYMBIOTIK graphs_2023,2024.1.0,,2026-07-02 18h46.20.318880 +0200,,sphynx_10_Practice Trials - SYMBIOTIK graphs_2023_2026-07-02_18h46.04.322.csv,6,1,fully_adapted,,2,True,6.488640400000122,6.488640400000122,Mohammad Nasser,False,2,True,True,False,all adaptation levels,,,,,,,,,
samples/12 node/12_nodes_S00096/no_caption/fully_adapted.png,12.0,2.0,fully_adapted,Count the number of ATTACK PATTERN nodes connected with at least 1 low confidence edge? (confidence of 1-3).,,Count the number of ATTACK PATTERN nodes connected with at least 1 low confidence edge? (confidence of 1-3).,0.0,34.0,34.0,39.0,1549.7325393999995,,,,,,,,,1549.7157123000002,1549.7325393999995,1549.7325393999995,1564.7282859000002,1564.7282981000003,1564.7438226999998,1565.7290186999994,1565.7290564999998,1565.8137667999997,1565.8137667999997,1583.7287983,4.0,1576.3767667999996,0.1439883000002737,1583.7314153000002,1583.7428642,1583.7428642,1587.7296089999995,1587.7296216999998,1587.7296382,,,,,sphynx_10,1,2026-07-02_18h46.04.322,Practice Trials - SYMBIOTIK graphs_2023,2024.1.0,,2026-07-02 18h46.20.318880 +0200,,sphynx_10_Practice Trials - SYMBIOTIK graphs_2023_2026-07-02_18h46.04.322.csv,12,2,fully_adapted,,4,True,10.562999999999874,10.562999999999874,Mohammad Nasser,False,4,True,True,False,all adaptation levels,,,,,,,,,
samples/6 node/6_nodes_S00140/no_caption/nodes_color_type.png,6.0,2.0,color_nodes,Count the number of nodes with TLP:RED connected to at least 1 node with high connection count (node size 7-10).,0.0,Count the number of nodes with TLP:RED connected to at least 1 node with high connection count (node size 7-10).,0.0,35.0,35.0,21.0,1587.7465601999995,,,,,,,,,1587.7298684000002,1587.7465601999995,1587.7465601999995,1602.7426234,1602.7426356,1602.7585177999997,1603.7426158000003,1603.7426517999995,1603.8294539000003,1603.8294539000003,1621.7437035999997,0.0,1611.041353,0.1679341999997632,1621.7460817999995,1621.7575886999998,1621.7575886999998,1625.7444561999996,1625.7444693000002,1625.7444847000002,,,,,sphynx_10,1,2026-07-02_18h46.04.322,Practice Trials - SYMBIOTIK graphs_2023,2024.1.0,,2026-07-02 18h46.20.318880 +0200,,sphynx_10_Practice Trials - SYMBIOTIK graphs_2023_2026-07-02_18h46.04.322.csv,6,2,semi_adapted,color_nodes,0,True,7.211899099999755,7.211899099999755,Mohammad Nasser,False,0,True,True,False,all adaptation levels,,,,,,,,,
samples/6 node/6_nodes_S00005/no_caption/non_adapted.png,6.0,1.0,non_adapted,How many nodes have TLP:GREEN?,3.0,How many nodes have TLP:GREEN?,0.0,36.0,36.0,1.0,1625.7617075000005,,,,,,,,,1625.7446871999996,1625.7617075000005,1625.7617075000005,1640.7580217999998,1640.7580344000005,1640.7733464999997,1641.7578552,1641.7578897,1641.837862,1641.837862,1659.758048,3.0,1648.1374024000002,0.1275677999992694,1659.7605176000002,1659.7720819,1659.7720819,1663.7589533999994,1663.7589660999995,1663.7589821999995,,,,,sphynx_10,1,2026-07-02_18h46.04.322,Practice Trials - SYMBIOTIK graphs_2023,2024.1.0,,2026-07-02 18h46.20.318880 +0200,,sphynx_10_Practice Trials - SYMBIOTIK graphs_2023_2026-07-02_18h46.04.322.csv,6,1,non_adapted,,3,True,6.299540400000069,6.299540400000069,Mohammad Nasser,False,3,True,True,False,all adaptation levels,,,,,,,,,
samples/6 node/6_nodes_S00125/no_caption/nodes_shape_tlp.png,6.0,1.0,shape_nodes,How many CYBER OBSERVABLE nodes are in the graph?,2.0,How many CYBER OBSERVABLE nodes are in the graph?,0.0,37.0,37.0,16.0,1663.7762502,,,,,,,,,1663.7591990999997,1663.7762502,1663.7762502,1678.7721375999995,1678.7721504999995,1678.7876923999995,1679.7722663999998,1679.7722987000002,1679.8464713999997,1679.8464713999997,1697.7731824999996,2.0,1685.4014568999996,0.0958804000001691,1697.7762655,1697.7871928,1697.7871928,1701.7738686999996,1701.7738808999998,1701.7739005,,,,,sphynx_10,1,2026-07-02_18h46.04.322,Practice Trials - SYMBIOTIK graphs_2023,2024.1.0,,2026-07-02 18h46.20.318880 +0200,,sphynx_10_Practice Trials - SYMBIOTIK graphs_2023_2026-07-02_18h46.04.322.csv,6,1,semi_adapted,shape_nodes,2,True,5.55498549999993,5.55498549999993,Mohammad Nasser,False,2,True,True,False,all adaptation levels,,,,,,,,,
samples/12 node/12_nodes_S00150/no_caption/nodes_color_type.png,12.0,2.0,color_nodes,Count the number of nodes with TLP:RED connected to at least 1 node with high connection count (node size 7-10).,6.0,Count the number of nodes with TLP:RED connected to at least 1 node with high connection count (node size 7-10).,0.0,38.0,38.0,45.0,1701.7904536,,,,,,,,,1701.7741408999996,1701.7904536,1701.7904536,1716.7871351,1716.7871480999995,1716.802346,1717.7874035999998,1717.7874359000002,1717.8629930000002,1717.8629930000002,1735.7873486000003,5.0,1734.1135257,0.1604805999995733,1735.7899217,1735.8014865,1735.8014865,1739.7884682,1739.7884804,1739.7884982,,,,,sphynx_10,1,2026-07-02_18h46.04.322,Practice Trials - SYMBIOTIK graphs_2023,2024.1.0,,2026-07-02 18h46.20.318880 +0200,,sphynx_10_Practice Trials - SYMBIOTIK graphs_2023_2026-07-02_18h46.04.322.csv,12,2,semi_adapted,color_nodes,5,True,16.250532699999894,16.250532699999894,Mohammad Nasser,False,6,True,False,False,all adaptation levels,,,,,,,,,
samples/6 node/6_nodes_S00083/no_caption/fully_adapted.png,6.0,2.0,fully_adapted,Count the number of MALWARE nodes with high connection counts (node size 7-10),,Count the number of MALWARE nodes with high connection counts (node size 7-10),0.0,39.0,39.0,14.0,1739.8052986999996,,,,,,,,,1739.7887316,1739.8052986999996,1739.8052986999996,1754.8012179000002,1754.8012326000005,1754.8176536999997,1755.8019162999994,1755.8019499999996,1755.8851371999997,1755.8851371999997,1773.8016597,1.0,1762.7208559999997,0.1036696999999549,1773.8039753999997,1773.8165126,1773.8165126,1777.8033754000005,1777.8033872,1777.8034028999996,,,,,sphynx_10,1,2026-07-02_18h46.04.322,Practice Trials - SYMBIOTIK graphs_2023,2024.1.0,,2026-07-02 18h46.20.318880 +0200,,sphynx_10_Practice Trials - SYMBIOTIK graphs_2023_2026-07-02_18h46.04.322.csv,6,2,fully_adapted,,1,True,6.835718799999995,6.835718799999995,Mohammad Nasser,False,1,True,True,False,all adaptation levels,,,,,,,,,
samples/6 node/6_nodes_S00017/no_caption/non_adapted.png,6.0,2.0,non_adapted,Count the number of MALWARE nodes connected with at least 1 high confidence edge ( confidence 7-10).,1.0,Count the number of MALWARE nodes connected with at least 1 high confidence edge ( confidence 7-10).,0.0,40.0,40.0,4.0,1777.8199211999995,,,,,,,,,1777.8036115999998,1777.8199211999995,1777.8199211999995,1792.8160404999994,1792.8160550999996,1792.8323834999997,1793.816324,1793.8163601,1793.903097,1793.903097,1811.8167965,1.0,1803.2325792,0.0976763999997274,1811.8192261,1811.8307499,1811.8307499,1815.8177542,1815.8177668000003,1815.8177836,,,,,sphynx_10,1,2026-07-02_18h46.04.322,Practice Trials - SYMBIOTIK graphs_2023,2024.1.0,,2026-07-02 18h46.20.318880 +0200,,sphynx_10_Practice Trials - SYMBIOTIK graphs_2023_2026-07-02_18h46.04.322.csv,6,2,non_adapted,,1,True,9.32948220000003,9.32948220000003,Mohammad Nasser,False,1,True,True,False,all adaptation levels,,,,,,,,,
samples/6 node/6_nodes_S00020/no_caption/non_adapted.png,6.0,2.0,non_adapted,Count the number of nodes with TLP:RED connected to at least 1 node with high connection count (node size 7-10).,2.0,Count the number of nodes with TLP:RED connected to at least 1 node with high connection count (node size 7-10).,0.0,41.0,41.0,5.0,1815.8350711,,,,,,,,,1815.8180087,1815.8350711,1815.8350711,1830.8309121,1830.8309249,1830.8464693,1831.8308707,1831.8309198,1831.9175900999996,1831.9175900999996,1849.831771,3.0,1844.0011613,0.1435366999994585,1849.8343551000005,1849.8454233,1849.8454233,1853.8327380999997,1853.8327496,1853.8327649,,,,,sphynx_10,1,2026-07-02_18h46.04.322,Practice Trials - SYMBIOTIK graphs_2023,2024.1.0,,2026-07-02 18h46.20.318880 +0200,,sphynx_10_Practice Trials - SYMBIOTIK graphs_2023_2026-07-02_18h46.04.322.csv,6,2,non_adapted,,3,True,12.083571200000279,12.083571200000279,Mohammad Nasser,False,2,True,False,False,all adaptation levels,,,,,,,,,
samples/6 node/6_nodes_S00086/no_caption/fully_adapted.png,6.0,2.0,fully_adapted,Count the number of ATTACK PATTERN nodes connected with at least 1 low confidence edge? (confidence of 1-3).,,Count the number of ATTACK PATTERN nodes connected with at least 1 low confidence edge? (confidence of 1-3).,0.0,42.0,42.0,15.0,1853.8494917000005,,,,,,,,,1853.8329723,1853.8494917000005,1853.8494917000005,1868.8456366999997,1868.8456504,1868.8619342,1869.8455739999995,1869.8456135,1869.9290242,1869.9290242,1887.8471695000003,0.0,1876.6807016,0.1195857000002433,1887.8498519,1887.8604528,1887.8604528,1891.8475779999997,1891.8476155000003,1891.8476368999995,,,,,sphynx_10,1,2026-07-02_18h46.04.322,Practice Trials - SYMBIOTIK graphs_2023,2024.1.0,,2026-07-02 18h46.20.318880 +0200,,sphynx_10_Practice Trials - SYMBIOTIK graphs_2023_2026-07-02_18h46.04.322.csv,6,2,fully_adapted,,0,True,6.751677400000062,6.751677400000062,Mohammad Nasser,False,0,True,True,False,all adaptation levels,,,,,,,,,
samples/6 node/6_nodes_S00071/no_caption/fully_adapted.png,6.0,1.0,fully_adapted,Count the number of nodes with high connection counts (node size 7-10),,Count the number of nodes with high connection counts (node size 7-10),0.0,43.0,43.0,10.0,1891.8637859999997,,,,,,,,,1891.8479465,1891.8637859999997,1891.8637859999997,1906.8595889000003,1906.8596025,1906.8761752999997,1907.8602709,1907.8603061,1907.9485537999997,1907.9485537999997,1925.8604826,1.0,1912.1129246999997,0.1434745000005932,1925.8636718,1925.8747732,1925.8747732,1929.8628308,1929.8628445,1929.8628629,,,,,sphynx_10,1,2026-07-02_18h46.04.322,Practice Trials - SYMBIOTIK graphs_2023,2024.1.0,,2026-07-02 18h46.20.318880 +0200,,sphynx_10_Practice Trials - SYMBIOTIK graphs_2023_2026-07-02_18h46.04.322.csv,6,1,fully_adapted,,1,True,4.164370899999994,4.164370899999994,Mohammad Nasser,False,1,True,True,False,all adaptation levels,,,,,,,,,
samples/6 node/6_nodes_S00002/no_caption/non_adapted.png,6.0,1.0,non_adapted,How many CYBER OBSERVABLE nodes are in the graph?,5.0,How many CYBER OBSERVABLE nodes are in the graph?,0.0,44.0,44.0,0.0,1929.8789744,,,,,,,,,1929.8631094,1929.8789744,1929.8789744,1944.8746637,1944.8746768999997,1944.8904138000005,1945.8747345,1945.874792,1945.9605289999995,1945.9605289999995,1963.8751984,5.0,1952.0644167,0.1766613999998298,1963.8781754,1963.8893725000005,1963.8893725000005,1967.8767198,1967.8767329,1967.8767498,,,,,sphynx_10,1,2026-07-02_18h46.04.322,Practice Trials - SYMBIOTIK graphs_2023,2024.1.0,,2026-07-02 18h46.20.318880 +0200,,sphynx_10_Practice Trials - SYMBIOTIK graphs_2023_2026-07-02_18h46.04.322.csv,6,1,non_adapted,,5,True,6.103887700000541,6.103887700000541,Mohammad Nasser,False,5,True,True,False,all adaptation levels,,,,,,,,,
samples/12 node/12_nodes_S00090/no_caption/fully_adapted.png,12.0,2.0,fully_adapted,Count the number of nodes with TLP:RED connected to at least 1 node with high connection count (node size 7-10).,1.0,Count the number of nodes with TLP:RED connected to at least 1 node with high connection count (node size 7-10).,0.0,45.0,45.0,37.0,1967.8931484,,,,,,,,,1967.8769795000003,1967.8931484,1967.8931484,1982.8890559,1982.8890674,1982.9052841,1983.8895116,1983.8895422,1983.9673213,1983.9673213,2001.8894075000003,3.0,1994.4256627,0.0799013999994713,2001.8917676999995,2001.9045544,2001.9045544,2005.8913441,2005.8913566,2005.8913720999997,,,,,sphynx_10,1,2026-07-02_18h46.04.322,Practice Trials - SYMBIOTIK graphs_2023,2024.1.0,,2026-07-02 18h46.20.318880 +0200,,sphynx_10_Practice Trials - SYMBIOTIK graphs_2023_2026-07-02_18h46.04.322.csv,12,2,fully_adapted,,3,True,10.458341399999881,10.458341399999881,Mohammad Nasser,False,1,True,False,False,all adaptation levels,,,,,,,,,
samples/12 node/12_nodes_S00153/no_caption/nodes_size_value.png,12.0,2.0,size_nodes,Count the number of MALWARE nodes with high connection counts (node size 7-10),,Count the number of MALWARE nodes with high connection counts (node size 7-10),0.0,46.0,46.0,46.0,2005.9077838,,,,,,,,,2005.8915884000005,2005.9077838,2005.9077838,2020.9044945,2020.9045056,2020.9200983,2021.9041928,2021.9042245999997,2021.9933674,2021.9933674,2039.9040269,1.0,2030.8728277999996,0.0719276000008903,2039.9065195,2039.9193052999997,2039.9193052999997,2043.9059848,2043.9059993,2043.9060163,,,,,sphynx_10,1,2026-07-02_18h46.04.322,Practice Trials - SYMBIOTIK graphs_2023,2024.1.0,,2026-07-02 18h46.20.318880 +0200,,sphynx_10_Practice Trials - SYMBIOTIK graphs_2023_2026-07-02_18h46.04.322.csv,12,2,semi_adapted,size_nodes,1,True,8.879460399999743,8.879460399999743,Mohammad Nasser,False,1,True,True,False,all adaptation levels,,,,,,,,,
samples/12 node/12_nodes_S00135/no_caption/nodes_shape_tlp.png,12.0,1.0,shape_nodes,How many CYBER OBSERVABLE nodes are in the graph?,4.0,How many CYBER OBSERVABLE nodes are in the graph?,0.0,47.0,47.0,40.0,2043.9232815,,,,,,,,,2043.9062634,2043.9232815,2043.9232815,2058.9182642,2058.9182774,2058.934795,2059.9195603000003,2059.9195908999995,2060.0037447,2060.0037447,2077.9196485,4.0,2066.9697757,0.0945277999999234,2077.9222781000003,2077.9334558999994,2077.9334558999994,2081.9204778,2081.9204951,2081.9205212,,,,,sphynx_10,1,2026-07-02_18h46.04.322,Practice Trials - SYMBIOTIK graphs_2023,2024.1.0,,2026-07-02 18h46.20.318880 +0200,,sphynx_10_Practice Trials - SYMBIOTIK graphs_2023_2026-07-02_18h46.04.322.csv,12,1,semi_adapted,shape_nodes,4,True,6.96603099999993,6.96603099999993,Mohammad Nasser,False,4,True,True,False,all adaptation levels,,,,,,,,,
samples/6 node/6_nodes_S00023/no_caption/non_adapted.png,6.0,2.0,non_adapted,Count the number of MALWARE nodes with high connection counts (node size 7-10),,Count the number of MALWARE nodes with high connection counts (node size 7-10),0.0,0.0,0.0,6.0,89.35347700000057,,,,,,,,,89.30608800000118,89.35347700000057,89.35347700000057,104.285157600003,104.28517230000216,104.30112960000042,105.28900160000194,105.28907320000144,105.39375220000149,105.39375220000149,123.284443200002,2.0,114.67019570000048,0.3424637000025541,123.28721930000027,123.30744020000202,123.30744020000202,127.28768640000273,127.28770470000018,127.28773340000043,,,,,sphynx_4,1,2026-06-19_16h05.26.052,Practice Trials - SYMBIOTIK graphs_2023,2024.1.0,,2026-06-19 16h05.35.043892 +0200,,sphynx_4_Practice Trials - SYMBIOTIK graphs_2023_2026-06-19_16h05.26.052.csv,6,2,non_adapted,,2,True,9.27644349999899,9.27644349999899,Mohhamad M,False,0,True,False,False,all adaptation levels,,,,,,,,,
samples/12 node/12_nodes_S00018/no_caption/non_adapted.png,12.0,2.0,non_adapted,Count the number of nodes with TLP:RED connected to at least 1 node with high connection count (node size 7-10).,3.0,Count the number of nodes with TLP:RED connected to at least 1 node with high connection count (node size 7-10).,0.0,1.0,1.0,29.0,127.31993960000182,,,,,,,,,127.28806930000064,127.31993960000182,127.31993960000182,142.30026630000066,142.3002989000015,142.31651039999997,143.3007417000008,143.3007832000003,143.40502350000315,143.40502350000315,161.2993157000019,2.0,159.66843890000018,0.2413424000005761,161.30489070000112,161.31867410000268,161.31867410000268,165.30174470000202,165.30175940000117,165.30177940000067,,,,,sphynx_4,1,2026-06-19_16h05.26.052,Practice Trials - SYMBIOTIK graphs_2023,2024.1.0,,2026-06-19 16h05.35.043892 +0200,,sphynx_4_Practice Trials - SYMBIOTIK graphs_2023_2026-06-19_16h05.26.052.csv,12,2,non_adapted,,2,True,16.26341539999703,16.26341539999703,Mohhamad M,False,3,True,False,False,all adaptation levels,,,,,,,,,
samples/12 node/12_nodes_S00147/no_caption/nodes_shape_tlp.png,12.0,2.0,shape_nodes,Count the number of MALWARE nodes connected with at least 1 high confidence edge ( confidence 7-10).,2.0,Count the number of MALWARE nodes connected with at least 1 high confidence edge ( confidence 7-10).,0.0,2.0,2.0,44.0,165.31834030000027,,,,,,,,,165.30208490000223,165.31834030000027,165.31834030000027,180.3179385000003,180.31796880000184,180.3311642000008,181.3154152000025,181.31546620000157,181.44024680000075,181.44024680000075,199.313623500002,0.0,197.1887809,0.3201797000001534,199.3210820000022,199.36426920000304,199.36426920000304,203.31645160000332,203.3164894000001,203.31655820000012,,,,,sphynx_4,1,2026-06-19_16h05.26.052,Practice Trials - SYMBIOTIK graphs_2023,2024.1.0,,2026-06-19 16h05.35.043892 +0200,,sphynx_4_Practice Trials - SYMBIOTIK graphs_2023_2026-06-19_16h05.26.052.csv,12,2,semi_adapted,shape_nodes,0,True,15.748534099999262,15.748534099999262,Mohhamad M,False,2,True,False,False,all adaptation levels,,,,,,,,,
samples/6 node/6_nodes_S00068/no_caption/fully_adapted.png,6.0,1.0,fully_adapted,How many nodes have TLP:GREEN?,5.0,How many nodes have TLP:GREEN?,0.0,3.0,3.0,9.0,203.36713260000036,,,,,,,,,203.31724910000048,203.36713260000036,203.36713260000036,218.33168790000127,218.33172280000144,218.34799420000127,219.32980120000136,219.32984090000173,219.42465430000084,219.42465430000084,237.3278906000014,5.0,224.0932941000028,0.3043238999998721,237.33073550000336,237.3451864000017,237.3451864000017,241.3318007000016,241.33183980000103,241.3319044000018,,,,,sphynx_4,1,2026-06-19_16h05.26.052,Practice Trials - SYMBIOTIK graphs_2023,2024.1.0,,2026-06-19 16h05.35.043892 +0200,,sphynx_4_Practice Trials - SYMBIOTIK graphs_2023_2026-06-19_16h05.26.052.csv,6,1,fully_adapted,,5,True,4.668639800001955,4.668639800001955,Mohhamad M,False,5,True,True,False,all adaptation levels,,,,,,,,,
samples/6 node/6_nodes_S00143/no_caption/nodes_size_value.png,6.0,2.0,size_nodes,Count the number of MALWARE nodes with high connection counts (node size 7-10),,Count the number of MALWARE nodes with high connection counts (node size 7-10),0.0,4.0,4.0,22.0,241.34960950000092,,,,,,,,,241.3325915000023,241.34960950000092,241.34960950000092,256.34450730000026,256.3445236000007,256.36098010000205,257.3449955000033,257.3450620000003,257.4446921000017,257.4446921000017,275.34367810000185,2.0,267.57291520000217,0.3432002000008651,275.3484274000002,275.36082290000195,275.36082290000195,279.3479051000031,279.3479417000017,279.3480082000024,,,,,sphynx_4,1,2026-06-19_16h05.26.052,Practice Trials - SYMBIOTIK graphs_2023,2024.1.0,,2026-06-19 16h05.35.043892 +0200,,sphynx_4_Practice Trials - SYMBIOTIK graphs_2023_2026-06-19_16h05.26.052.csv,6,2,semi_adapted,size_nodes,2,True,10.128223100000469,10.128223100000469,Mohhamad M,False,2,True,True,False,all adaptation levels,,,,,,,,,
samples/6 node/6_nodes_S00077/no_caption/fully_adapted.png,6.0,2.0,fully_adapted,Count the number of MALWARE nodes connected with at least 1 high confidence edge ( confidence 7-10).,0.0,Count the number of MALWARE nodes connected with at least 1 high confidence edge ( confidence 7-10).,0.0,5.0,5.0,12.0,279.3695652000024,,,,,,,,,279.3488256000019,279.3695652000024,279.3695652000024,294.3583834000019,294.3583978000024,294.37655559999985,295.3602413000008,295.36027970000214,295.4650803000004,295.4650803000004,313.3573860000033,0.0,301.5895376000008,0.3591836000014154,313.36147170000186,313.3750162000033,313.3750162000033,317.3612030000004,317.3612168,317.361234,,,,,sphynx_4,1,2026-06-19_16h05.26.052,Practice Trials - SYMBIOTIK graphs_2023,2024.1.0,,2026-06-19 16h05.35.043892 +0200,,sphynx_4_Practice Trials - SYMBIOTIK graphs_2023_2026-06-19_16h05.26.052.csv,6,2,fully_adapted,,0,True,6.124457300000415,6.124457300000415,Mohhamad M,False,0,True,True,False,all adaptation levels,,,,,,,,,
samples/12 node/12_nodes_S00027/no_caption/non_adapted.png,12.0,2.0,non_adapted,Count the number of ATTACK PATTERN nodes connected with at least 1 low confidence edge? (confidence of 1-3).,,Count the number of ATTACK PATTERN nodes connected with at least 1 low confidence edge? (confidence of 1-3).,0.0,6.0,6.0,31.0,317.38782920000085,,,,,,,,,317.36151130000144,317.38782920000085,317.38782920000085,332.3741906000032,332.3742201000023,332.3900270000013,333.37417710000227,333.3742427000034,333.4887750000016,333.4887750000016,351.3724809000014,,,,351.3758553000007,351.3898403000021,351.3898403000021,355.3622505000021,355.3622866000005,355.3623535000006,,,,,sphynx_4,1,2026-06-19_16h05.26.052,Practice Trials - SYMBIOTIK graphs_2023,2024.1.0,,2026-06-19 16h05.35.043892 +0200,,sphynx_4_Practice Trials - SYMBIOTIK graphs_2023_2026-06-19_16h05.26.052.csv,12,2,non_adapted,,,False,,,Mohhamad M,False,5,True,False,False,all adaptation levels,,,,,,,,,
samples/6 node/6_nodes_S00131/no_caption/nodes_size_value.png,6.0,1.0,size_nodes,Count the number of nodes with high connection counts (node size 7-10),,Count the number of nodes with high connection counts (node size 7-10),0.0,7.0,7.0,18.0,355.38647560000027,,,,,,,,,355.36313169999994,355.38647560000027,355.38647560000027,370.3714785000011,370.37150530000144,370.3894302000008,371.3719764000016,371.3720272999999,371.4759959000002,371.4759959000002,389.3705642000023,3.0,376.8366824000004,0.3921131000024616,389.37646250000034,389.3962754000022,389.3962754000022,393.3734689000012,393.3735024000016,393.37356510000245,,,,,sphynx_4,1,2026-06-19_16h05.26.052,Practice Trials - SYMBIOTIK graphs_2023,2024.1.0,,2026-06-19 16h05.35.043892 +0200,,sphynx_4_Practice Trials - SYMBIOTIK graphs_2023_2026-06-19_16h05.26.052.csv,6,1,semi_adapted,size_nodes,3,True,5.360686500000213,5.360686500000213,Mohhamad M,False,3,True,True,False,all adaptation levels,,,,,,,,,
samples/12 node/12_nodes_S00072/no_caption/fully_adapted.png,12.0,1.0,fully_adapted,How many CYBER OBSERVABLE nodes are in the graph?,3.0,How many CYBER OBSERVABLE nodes are in the graph?,0.0,8.0,8.0,32.0,393.4074482000033,,,,,,,,,393.3743072000034,393.4074482000033,393.4074482000033,408.3862193000023,408.3862501000003,408.4028988999999,409.3868281000032,409.3868697000034,409.4928863000023,409.4928863000023,427.3897916000024,3.0,416.32574150000073,0.4064612000001943,427.393132600002,427.4067420000029,427.4067420000029,431.3896753000008,431.3896945000015,431.3897227000016,,,,,sphynx_4,1,2026-06-19_16h05.26.052,Practice Trials - SYMBIOTIK graphs_2023,2024.1.0,,2026-06-19 16h05.35.043892 +0200,,sphynx_4_Practice Trials - SYMBIOTIK graphs_2023_2026-06-19_16h05.26.052.csv,12,1,fully_adapted,,3,True,6.832855199998448,6.832855199998448,Mohhamad M,False,3,True,True,False,all adaptation levels,,,,,,,,,
samples/6 node/6_nodes_S00128/no_caption/nodes_color_type.png,6.0,1.0,color_nodes,How many nodes have TLP:GREEN?,1.0,How many nodes have TLP:GREEN?,0.0,9.0,9.0,17.0,431.4072279000029,,,,,,,,,431.39012060000096,431.4072279000029,431.4072279000029,446.4006303000024,446.4006426000015,446.4173813000016,447.40090240000063,447.4009509000025,447.4999906000012,447.4999906000012,465.400071,1.0,450.0128702000002,0.3517664999999397,465.4104946000007,465.4209443,465.4209443,469.40328540000337,469.4033027000005,469.403337300002,,,,,sphynx_4,1,2026-06-19_16h05.26.052,Practice Trials - SYMBIOTIK graphs_2023,2024.1.0,,2026-06-19 16h05.35.043892 +0200,,sphynx_4_Practice Trials - SYMBIOTIK graphs_2023_2026-06-19_16h05.26.052.csv,6,1,semi_adapted,color_nodes,1,True,2.512879599998996,2.512879599998996,Mohhamad M,False,1,True,True,False,all adaptation levels,,,,,,,,,
samples/6 node/6_nodes_S00008/no_caption/non_adapted.png,6.0,1.0,non_adapted,Count the number of nodes with high connection counts (node size 7-10),,Count the number of nodes with high connection counts (node size 7-10),0.0,10.0,10.0,2.0,469.421736100001,,,,,,,,,469.4036739000003,469.421736100001,469.421736100001,484.4149580000012,484.4149748000018,484.4317857000024,485.4157204000003,485.4157672000001,485.5165620000007,485.5165620000007,503.4145368000027,2.0,490.7963107000032,0.1356339999983902,503.4235980000012,503.4408161000029,503.4408161000029,507.4180592000012,507.4180809000027,507.41811300000336,,,,,sphynx_4,1,2026-06-19_16h05.26.052,Practice Trials - SYMBIOTIK graphs_2023,2024.1.0,,2026-06-19 16h05.35.043892 +0200,,sphynx_4_Practice Trials - SYMBIOTIK graphs_2023_2026-06-19_16h05.26.052.csv,6,1,non_adapted,,2,True,5.279748700002472,5.279748700002472,Mohhamad M,False,2,True,True,False,all adaptation levels,,,,,,,,,
samples/12 node/12_nodes_S00012/no_caption/non_adapted.png,12.0,1.0,non_adapted,How many low confidence (confidence 1-3) edges exist in the graph?,,How many low confidence (confidence 1-3) edges exist in the graph?,0.0,11.0,11.0,27.0,507.4401175000021,,,,,,,,,507.4185983000025,507.4401175000021,507.4401175000021,522.430703500002,522.430724400001,522.4467707000003,523.4305515000015,523.4306004000027,523.5404131000032,523.5404131000032,541.4288919999999,7.0,533.1018861000011,0.2464146999991499,541.4343125000014,541.4473668999999,541.4473668999999,545.4324391000009,545.4324598000021,545.4324837000022,,,,,sphynx_4,1,2026-06-19_16h05.26.052,Practice Trials - SYMBIOTIK graphs_2023,2024.1.0,,2026-06-19 16h05.35.043892 +0200,,sphynx_4_Practice Trials - SYMBIOTIK graphs_2023_2026-06-19_16h05.26.052.csv,12,1,non_adapted,,7,True,9.561472999997932,9.561472999997932,Mohhamad M,False,8,True,False,False,all adaptation levels,,,,,,,,,
samples/6 node/6_nodes_S00146/no_caption/edge_width_connection_number.png,6.0,2.0,edge_width,Count the number of ATTACK PATTERN nodes connected with at least 1 low confidence edge? (confidence of 1-3).,,Count the number of ATTACK PATTERN nodes connected with at least 1 low confidence edge? (confidence of 1-3).,0.0,12.0,12.0,23.0,545.4494599000027,,,,,,,,,545.4328771,545.4494599000027,545.4494599000027,560.4460345000007,560.4460695000016,560.4631647000024,561.4456137000016,561.4456578000027,561.5537594000016,561.5537594000016,579.4436530000021,2.0,574.9643577000024,0.2804324999997334,579.4516163000008,579.4648882000001,579.4648882000001,583.4472489,583.4472669000024,583.447290600001,,,,,sphynx_4,1,2026-06-19_16h05.26.052,Practice Trials - SYMBIOTIK graphs_2023,2024.1.0,,2026-06-19 16h05.35.043892 +0200,,sphynx_4_Practice Trials - SYMBIOTIK graphs_2023_2026-06-19_16h05.26.052.csv,6,2,semi_adapted,edge_width,2,True,13.410598300000856,13.410598300000856,Mohhamad M,False,2,True,True,False,all adaptation levels,,,,,,,,,
samples/12 node/12_nodes_S00138/no_caption/nodes_color_type.png,12.0,1.0,color_nodes,How many nodes have TLP:GREEN?,4.0,How many nodes have TLP:GREEN?,0.0,13.0,13.0,41.0,583.4653462000024,,,,,,,,,583.4476226000006,583.4653462000024,583.4653462000024,598.4622617000023,598.4623151000014,598.4762418999999,599.460104400001,599.4601734000025,599.5759146000019,599.5759146000019,617.4578101000006,4.0,603.0837867000009,0.1933906000012939,617.4607848000014,617.4743113000004,617.4743113000004,621.460918300003,621.4609335000023,621.4609517000026,,,,,sphynx_4,1,2026-06-19_16h05.26.052,Practice Trials - SYMBIOTIK graphs_2023,2024.1.0,,2026-06-19 16h05.35.043892 +0200,,sphynx_4_Practice Trials - SYMBIOTIK graphs_2023_2026-06-19_16h05.26.052.csv,12,1,semi_adapted,color_nodes,4,True,3.5078720999990765,3.5078720999990765,Mohhamad M,False,4,True,True,False,all adaptation levels,,,,,,,,,
samples/12 node/12_nodes_S00084/no_caption/fully_adapted.png,12.0,1.0,fully_adapted,How many low confidence (confidence 1-3) edges exist in the graph?,,How many low confidence (confidence 1-3) edges exist in the graph?,0.0,14.0,14.0,35.0,621.4778958000024,,,,,,,,,621.4611945000033,621.4778958000024,621.4778958000024,636.461633400002,636.4616488000029,636.4744688000028,637.4592266,637.4592738000028,637.5515860000014,637.5515860000014,655.4731279000007,7.0,655.3402264000033,,655.4771315000035,655.4897878000011,655.4897878000011,659.4759790000026,659.4760075000013,659.4760639000015,,,,,sphynx_4,1,2026-06-19_16h05.26.052,Practice Trials - SYMBIOTIK graphs_2023,2024.1.0,,2026-06-19 16h05.35.043892 +0200,,sphynx_4_Practice Trials - SYMBIOTIK graphs_2023_2026-06-19_16h05.26.052.csv,12,1,fully_adapted,,7,True,17.788640400001896,17.788640400001896,Mohhamad M,False,7,True,True,False,all adaptation levels,,,637.5515860000014,,,,,,
samples/12 node/12_nodes_S00015/no_caption/non_adapted.png,12.0,2.0,non_adapted,Count the number of MALWARE nodes connected with at least 1 high confidence edge ( confidence 7-10).,2.0,Count the number of MALWARE nodes connected with at least 1 high confidence edge ( confidence 7-10).,0.0,15.0,15.0,28.0,659.50389,,,,,,,,,659.4765892000032,659.50389,659.50389,674.4894905000001,674.4895053,674.5056915000023,675.4898507000034,675.4899044000013,675.5932506000026,675.5932506000026,693.4878471000011,,,,693.4953781000004,693.5091624000015,693.5091624000015,697.4911775,697.4912098000023,697.4912669000005,,,,,sphynx_4,1,2026-06-19_16h05.26.052,Practice Trials - SYMBIOTIK graphs_2023,2024.1.0,,2026-06-19 16h05.35.043892 +0200,,sphynx_4_Practice Trials - SYMBIOTIK graphs_2023_2026-06-19_16h05.26.052.csv,12,2,non_adapted,,,False,,,Mohhamad M,False,2,True,False,False,all adaptation levels,,,,,,,,,
samples/12 node/12_nodes_S00156/no_caption/edge_width_connection_number.png,12.0,2.0,edge_width,Count the number of ATTACK PATTERN nodes connected with at least 1 low confidence edge? (confidence of 1-3).,,Count the number of ATTACK PATTERN nodes connected with at least 1 low confidence edge? (confidence of 1-3).,0.0,16.0,16.0,47.0,697.5223907,,,,,,,,,697.4920710000006,697.5223907,697.5223907,712.5054410000012,712.5054794000025,712.5228784000028,713.5041396000015,713.5041769000018,713.601397800001,713.601397800001,731.5021780000025,9.0,730.6043143000024,0.3042897999985143,731.5087710000007,731.5203954000026,731.5203954000026,735.5057354000019,735.5057697000011,735.5058320000026,,,,,sphynx_4,1,2026-06-19_16h05.26.052,Practice Trials - SYMBIOTIK graphs_2023,2024.1.0,,2026-06-19 16h05.35.043892 +0200,,sphynx_4_Practice Trials - SYMBIOTIK graphs_2023_2026-06-19_16h05.26.052.csv,12,2,semi_adapted,edge_width,9,True,17.002916500001447,17.002916500001447,Mohhamad M,False,4,True,False,False,all adaptation levels,,,,,,,,,
samples/12 node/12_nodes_S00075/no_caption/fully_adapted.png,12.0,1.0,fully_adapted,How many nodes have TLP:GREEN?,4.0,How many nodes have TLP:GREEN?,0.0,17.0,17.0,33.0,735.5374593000015,,,,,,,,,735.5065443000021,735.5374593000015,735.5374593000015,750.518037400001,750.5180532000013,750.5344223000029,751.5189269000002,751.5190037000029,751.6339525000003,751.6339525000003,769.5167510000028,4.0,755.323935700002,0.2572817000000214,769.525980800001,769.5360848000018,769.5360848000018,773.5201227000034,773.5201358000013,773.520154400001,,,,,sphynx_4,1,2026-06-19_16h05.26.052,Practice Trials - SYMBIOTIK graphs_2023,2024.1.0,,2026-06-19 16h05.35.043892 +0200,,sphynx_4_Practice Trials - SYMBIOTIK graphs_2023_2026-06-19_16h05.26.052.csv,12,1,fully_adapted,,4,True,3.689983200001734,3.689983200001734,Mohhamad M,False,4,True,True,False,all adaptation levels,,,,,,,,,
samples/12 node/12_nodes_S00024/no_caption/non_adapted.png,12.0,2.0,non_adapted,Count the number of MALWARE nodes with high connection counts (node size 7-10),,Count the number of MALWARE nodes with high connection counts (node size 7-10),0.0,18.0,18.0,30.0,773.5366382000029,,,,,,,,,773.5205343000016,773.5366382000029,773.5366382000029,788.5325978000001,788.5326224000019,788.5508698000012,789.5344334000001,789.5345017,789.6459151000017,789.6459151000017,807.5318809000019,3.0,805.0126194000004,0.3433591000029992,807.5385983000015,807.5502138000011,807.5502138000011,811.5346510000018,811.5346778000021,811.5347242000025,,,,,sphynx_4,1,2026-06-19_16h05.26.052,Practice Trials - SYMBIOTIK graphs_2023,2024.1.0,,2026-06-19 16h05.35.043892 +0200,,sphynx_4_Practice Trials - SYMBIOTIK graphs_2023_2026-06-19_16h05.26.052.csv,12,2,non_adapted,,3,True,15.366704299998673,15.366704299998673,Mohhamad M,False,3,True,True,False,all adaptation levels,,,,,,,,,
samples/6 node/6_nodes_S00026/no_caption/non_adapted.png,6.0,2.0,non_adapted,Count the number of ATTACK PATTERN nodes connected with at least 1 low confidence edge? (confidence of 1-3).,,Count the number of ATTACK PATTERN nodes connected with at least 1 low confidence edge? (confidence of 1-3).,0.0,19.0,19.0,7.0,811.5625051000025,,,,,,,,,811.5352768000012,811.5625051000025,811.5625051000025,826.547437600002,826.5474497000032,826.5633736000018,827.5485360000021,827.5485884000009,827.6533070000005,827.6533070000005,845.5467295000017,1.0,838.5566094000023,0.2154091000011249,845.5537159000014,845.5651668000028,845.5651668000028,849.5494827000002,849.5495034000014,849.5495297000016,,,,,sphynx_4,1,2026-06-19_16h05.26.052,Practice Trials - SYMBIOTIK graphs_2023,2024.1.0,,2026-06-19 16h05.35.043892 +0200,,sphynx_4_Practice Trials - SYMBIOTIK graphs_2023_2026-06-19_16h05.26.052.csv,6,2,non_adapted,,1,True,10.903302400001849,10.903302400001849,Mohhamad M,False,1,True,True,False,all adaptation levels,,,,,,,,,
samples/12 node/12_nodes_S00009/no_caption/non_adapted.png,12.0,1.0,non_adapted,Count the number of nodes with high connection counts (node size 7-10),,Count the number of nodes with high connection counts (node size 7-10),0.0,20.0,20.0,26.0,849.5661325000001,,,,,,,,,849.5499403000031,849.5661325000001,849.5661325000001,864.5616929000025,864.5617198,864.5796117000027,865.5630280000005,865.5630820000006,865.6788895000027,865.6788895000027,883.5611349000028,7.0,874.8760822000004,0.1444740000006277,883.5668390000028,883.5774614000002,883.5774614000002,887.5645525,887.5645749000032,887.5646019000014,,,,,sphynx_4,1,2026-06-19_16h05.26.052,Practice Trials - SYMBIOTIK graphs_2023,2024.1.0,,2026-06-19 16h05.35.043892 +0200,,sphynx_4_Practice Trials - SYMBIOTIK graphs_2023_2026-06-19_16h05.26.052.csv,12,1,non_adapted,,7,True,9.197192699997686,9.197192699997686,Mohhamad M,False,7,True,True,False,all adaptation levels,,,,,,,,,
samples/12 node/12_nodes_S00141/no_caption/nodes_size_value.png,12.0,1.0,size_nodes,Count the number of nodes with high connection counts (node size 7-10),,Count the number of nodes with high connection counts (node size 7-10),0.0,21.0,21.0,42.0,887.5808810000017,,,,,,,,,887.565023500003,887.5808810000017,887.5808810000017,902.5792527000012,902.5792675000012,902.5930540000008,903.5771822000024,903.5772208000016,903.6746594000032,903.6746594000032,921.5740602000004,4.0,910.0040911000032,0.1528246999987459,921.5841670000008,921.5922568000024,921.5922568000024,925.5784050000002,925.5784318000004,925.5784869000016,,,,,sphynx_4,1,2026-06-19_16h05.26.052,Practice Trials - SYMBIOTIK graphs_2023,2024.1.0,,2026-06-19 16h05.35.043892 +0200,,sphynx_4_Practice Trials - SYMBIOTIK graphs_2023_2026-06-19_16h05.26.052.csv,12,1,semi_adapted,size_nodes,4,True,6.3294316999999864,6.3294316999999864,Mohhamad M,False,4,True,True,False,all adaptation levels,,,,,,,,,
samples/12 node/12_nodes_S00144/no_caption/edge_width_connection_number.png,12.0,1.0,edge_width,How many low confidence (confidence 1-3) edges exist in the graph?,,How many low confidence (confidence 1-3) edges exist in the graph?,0.0,22.0,22.0,43.0,925.5948938,,,,,,,,,925.5788767000012,925.5948938,925.5948938,940.5907269000018,940.5907475000022,940.6073878000024,941.591804300002,941.5918471000005,941.6999557000016,941.6999557000016,959.5898409,3.0,947.0756349000004,0.1520990999997593,959.5933314000032,959.6063480000012,959.6063480000012,963.5803570000026,963.5803817000016,963.5804214000018,,,,,sphynx_4,1,2026-06-19_16h05.26.052,Practice Trials - SYMBIOTIK graphs_2023,2024.1.0,,2026-06-19 16h05.35.043892 +0200,,sphynx_4_Practice Trials - SYMBIOTIK graphs_2023_2026-06-19_16h05.26.052.csv,12,1,semi_adapted,edge_width,3,True,5.375679199998785,5.375679199998785,Mohhamad M,False,3,True,True,False,all adaptation levels,,,,,,,,,
samples/6 node/6_nodes_S00137/no_caption/nodes_shape_tlp.png,6.0,2.0,shape_nodes,Count the number of MALWARE nodes connected with at least 1 high confidence edge ( confidence 7-10).,2.0,Count the number of MALWARE nodes connected with at least 1 high confidence edge ( confidence 7-10).,0.0,23.0,23.0,20.0,963.6008563000032,,,,,,,,,963.580962400003,963.6008563000032,963.6008563000032,978.5892428000006,978.5892565000032,978.6058333,979.5928189000006,979.592870200002,979.693476700002,979.693476700002,997.5882194000004,2.0,987.8928288000023,0.1986080999995465,997.5911652000032,997.6049096000024,997.6049096000024,1001.5920337000024,1001.5920558000034,1001.5920939000024,,,,,sphynx_4,1,2026-06-19_16h05.26.052,Practice Trials - SYMBIOTIK graphs_2023,2024.1.0,,2026-06-19 16h05.35.043892 +0200,,sphynx_4_Practice Trials - SYMBIOTIK graphs_2023_2026-06-19_16h05.26.052.csv,6,2,semi_adapted,shape_nodes,2,True,8.199352100000397,8.199352100000397,Mohhamad M,False,2,True,True,False,all adaptation levels,,,,,,,,,
samples/6 node/6_nodes_S00074/no_caption/fully_adapted.png,6.0,1.0,fully_adapted,How many low confidence (confidence 1-3) edges exist in the graph?,,How many low confidence (confidence 1-3) edges exist in the graph?,0.0,24.0,24.0,11.0,1001.6164450000032,,,,,,,,,1001.5925223000012,1001.6164450000032,1001.6164450000032,1016.6037961000002,1016.603827400002,1016.6207100000028,1017.6050346000012,1017.605074500003,1017.695461700001,1017.695461700001,1035.6075628,2.0,1020.4354261000008,0.4328294000006281,1035.6102721000025,1035.6223034000031,1035.6223034000031,1039.6082636000028,1039.6082836000023,1219.6067851000007,1039.663297500003,,,,sphynx_4,1,2026-06-19_16h05.26.052,Practice Trials - SYMBIOTIK graphs_2023,2024.1.0,,2026-06-19 16h05.35.043892 +0200,,sphynx_4_Practice Trials - SYMBIOTIK graphs_2023_2026-06-19_16h05.26.052.csv,6,1,fully_adapted,,2,True,2.739964399999735,2.739964399999735,Mohhamad M,False,2,True,True,False,all adaptation levels,,,,,,,,,
samples/6 node/6_nodes_S00080/no_caption/fully_adapted.png,6.0,2.0,fully_adapted,Count the number of nodes with TLP:RED connected to at least 1 node with high connection count (node size 7-10).,1.0,Count the number of nodes with TLP:RED connected to at least 1 node with high connection count (node size 7-10).,0.0,25.0,25.0,13.0,1219.629037900002,,,,,,,,,1219.6075414000006,1219.629037900002,1219.629037900002,1234.6003959000009,1234.600408600003,1234.6165863000024,1235.6028616000003,1235.6029173000024,1235.6894174000008,1235.6894174000008,1253.5986341000023,2.0,1246.0915050000003,0.4635645000016666,1253.6017714000009,1253.6157975000024,1253.6157975000024,1257.6027644000023,1257.6027934000012,1257.602843100001,,,,,sphynx_4,1,2026-06-19_16h05.26.052,Practice Trials - SYMBIOTIK graphs_2023,2024.1.0,,2026-06-19 16h05.35.043892 +0200,,sphynx_4_Practice Trials - SYMBIOTIK graphs_2023_2026-06-19_16h05.26.052.csv,6,2,fully_adapted,,2,True,10.402087599999504,10.402087599999504,Mohhamad M,False,1,True,False,False,all adaptation levels,,,,,,,,,
samples/6 node/6_nodes_S00134/no_caption/edge_width_connection_number.png,6.0,1.0,edge_width,How many low confidence (confidence 1-3) edges exist in the graph?,,How many low confidence (confidence 1-3) edges exist in the graph?,0.0,26.0,26.0,19.0,1257.621418900002,,,,,,,,,1257.6033883000018,1257.621418900002,1257.621418900002,1272.6149785000016,1272.6150094000004,1272.6340825000009,1273.6155217000014,1273.6155599000012,1273.7182478000032,1273.7182478000032,1291.6142698000003,3.0,1277.819696900002,0.103917000000365,1291.6187891000009,1291.6314063000027,1291.6314063000027,1295.6166803000017,1295.6166939000032,1295.616711900002,,,,,sphynx_4,1,2026-06-19_16h05.26.052,Practice Trials - SYMBIOTIK graphs_2023,2024.1.0,,2026-06-19 16h05.35.043892 +0200,,sphynx_4_Practice Trials - SYMBIOTIK graphs_2023_2026-06-19_16h05.26.052.csv,6,1,semi_adapted,edge_width,3,True,4.101449099998945,4.101449099998945,Mohhamad M,False,3,True,True,False,all adaptation levels,,,,,,,,,
samples/12 node/12_nodes_S00093/no_caption/fully_adapted.png,12.0,2.0,fully_adapted,Count the number of MALWARE nodes with high connection counts (node size 7-10),,Count the number of MALWARE nodes with high connection counts (node size 7-10),0.0,27.0,27.0,38.0,1295.634364700003,,,,,,,,,1295.6169470000025,1295.634364700003,1295.634364700003,1310.632085900001,1310.6321202,1310.6472293000006,1311.6304488000023,1311.6304879000018,1311.7240705000004,1311.7240705000004,1329.6284318000037,1.0,1318.6514466000008,0.1515502000002015,1329.6315513000009,1329.6452971,1329.6452971,1333.6316057000004,1333.631620600001,1333.6316401000004,,,,,sphynx_4,1,2026-06-19_16h05.26.052,Practice Trials - SYMBIOTIK graphs_2023,2024.1.0,,2026-06-19 16h05.35.043892 +0200,,sphynx_4_Practice Trials - SYMBIOTIK graphs_2023_2026-06-19_16h05.26.052.csv,12,2,fully_adapted,,1,True,6.9273761000004015,6.9273761000004015,Mohhamad M,False,1,True,True,False,all adaptation levels,,,,,,,,,
samples/12 node/12_nodes_S00081/no_caption/fully_adapted.png,12.0,1.0,fully_adapted,Count the number of nodes with high connection counts (node size 7-10),,Count the number of nodes with high connection counts (node size 7-10),0.0,28.0,28.0,34.0,1333.6480028000003,,,,,,,,,1333.632024900002,1333.6480028000003,1333.6480028000003,1348.6445131,1348.6445417000032,1348.6603321000002,1349.6449737000005,1349.6450203000022,1349.727486900003,1349.727486900003,1367.6437166000032,7.0,1359.4673191000002,0.1925251000029675,1367.6525765000006,1367.661808300003,1367.661808300003,1371.6478137000013,1371.6478407000031,1371.6478908000026,,,,,sphynx_4,1,2026-06-19_16h05.26.052,Practice Trials - SYMBIOTIK graphs_2023,2024.1.0,,2026-06-19 16h05.35.043892 +0200,,sphynx_4_Practice Trials - SYMBIOTIK graphs_2023_2026-06-19_16h05.26.052.csv,12,1,fully_adapted,,7,True,9.739832199997181,9.739832199997181,Mohhamad M,False,7,True,True,False,all adaptation levels,,,,,,,,,
samples/12 node/12_nodes_S00003/no_caption/non_adapted.png,12.0,1.0,non_adapted,How many CYBER OBSERVABLE nodes are in the graph?,4.0,How many CYBER OBSERVABLE nodes are in the graph?,0.0,29.0,29.0,24.0,1371.6702597000003,,,,,,,,,1371.648442200003,1371.6702597000003,1371.6702597000003,1386.6599094000012,1386.6599227000006,1386.6785157000013,1387.6598102000023,1387.6598967999998,1387.7794381000022,1387.7794381000022,1405.658219500001,4.0,1399.5962031000015,0.1845380999984627,1405.6635206000028,1405.6744109000028,1405.6744109000028,1409.6608403000027,1409.6608540000016,1409.6608726000013,,,,,sphynx_4,1,2026-06-19_16h05.26.052,Practice Trials - SYMBIOTIK graphs_2023,2024.1.0,,2026-06-19 16h05.35.043892 +0200,,sphynx_4_Practice Trials - SYMBIOTIK graphs_2023_2026-06-19_16h05.26.052.csv,12,1,non_adapted,,4,True,11.81676499999935,11.81676499999935,Mohhamad M,False,4,True,True,False,all adaptation levels,,,,,,,,,
samples/12 node/12_nodes_S00006/no_caption/non_adapted.png,12.0,1.0,non_adapted,How many nodes have TLP:GREEN?,1.0,How many nodes have TLP:GREEN?,0.0,30.0,30.0,25.0,1409.6782337000004,,,,,,,,,1409.661155400001,1409.6782337000004,1409.6782337000004,1424.6766104000017,1424.6766454000026,1424.6918913000009,1425.6747644000025,1425.674801600002,1425.7946037000002,1425.7946037000002,1443.6720523000004,1.0,1438.5554768000002,0.1436565000003611,1443.6752291000012,1443.6892479000016,1443.6892479000016,1447.6756507000027,1447.6756711000016,1447.675699200001,,,,,sphynx_4,1,2026-06-19_16h05.26.052,Practice Trials - SYMBIOTIK graphs_2023,2024.1.0,,2026-06-19 16h05.35.043892 +0200,,sphynx_4_Practice Trials - SYMBIOTIK graphs_2023_2026-06-19_16h05.26.052.csv,12,1,non_adapted,,1,True,12.760873100000026,12.760873100000026,Mohhamad M,False,1,True,True,False,all adaptation levels,,,,,,,,,
samples/12 node/12_nodes_S00087/no_caption/fully_adapted.png,12.0,2.0,fully_adapted,Count the number of MALWARE nodes connected with at least 1 high confidence edge ( confidence 7-10).,3.0,Count the number of MALWARE nodes connected with at least 1 high confidence edge ( confidence 7-10).,0.0,31.0,31.0,36.0,1447.7062872000024,,,,,,,,,1447.6760705000015,1447.7062872000024,1447.7062872000024,1462.6880719,1462.6880866000029,1462.704571600003,1463.6887747,1463.6888162000032,1463.786483,1463.786483,1481.687038600001,2.0,1473.9711586000012,0.1038083000021288,1481.6944243000034,1481.7052650000005,1481.7052650000005,1485.6907661000005,1485.6907827000032,1485.690806300001,,,,,sphynx_4,1,2026-06-19_16h05.26.052,Practice Trials - SYMBIOTIK graphs_2023,2024.1.0,,2026-06-19 16h05.35.043892 +0200,,sphynx_4_Practice Trials - SYMBIOTIK graphs_2023_2026-06-19_16h05.26.052.csv,12,2,fully_adapted,,2,True,10.184675600001128,10.184675600001128,Mohhamad M,False,3,True,False,False,all adaptation levels,,,,,,,,,
samples/6 node/6_nodes_S00014/no_caption/non_adapted.png,6.0,1.0,non_adapted,How many low confidence (confidence 1-3) edges exist in the graph?,,How many low confidence (confidence 1-3) edges exist in the graph?,0.0,32.0,32.0,3.0,1485.7075141000023,,,,,,,,,1485.6910560000033,1485.7075141000023,1485.7075141000023,1500.7063165,1500.7063418000034,1500.7215080000024,1501.703473200003,1501.703540300001,1501.8349971000025,1501.8349971000025,1519.7017014000012,3.0,1507.835670600001,0.1675243999998201,1519.7086566000037,1519.719228900001,1519.719228900001,1523.7055279000017,1523.7055521000002,1523.7055835000028,,,,,sphynx_4,1,2026-06-19_16h05.26.052,Practice Trials - SYMBIOTIK graphs_2023,2024.1.0,,2026-06-19 16h05.35.043892 +0200,,sphynx_4_Practice Trials - SYMBIOTIK graphs_2023_2026-06-19_16h05.26.052.csv,6,1,non_adapted,,3,True,6.000673499998584,6.000673499998584,Mohhamad M,False,3,True,True,False,all adaptation levels,,,,,,,,,
samples/6 node/6_nodes_S00065/no_caption/fully_adapted.png,6.0,1.0,fully_adapted,How many CYBER OBSERVABLE nodes are in the graph?,2.0,How many CYBER OBSERVABLE nodes are in the graph?,0.0,33.0,33.0,8.0,1523.7227639000012,,,,,,,,,1523.7059101000011,1523.7227639000012,1523.7227639000012,1538.7178054000033,1538.717818600002,1538.7342592000025,1539.7187109000006,1539.7187740000008,1539.8219731000029,1539.8219731000029,1557.7168758000007,2.0,1544.7232287000006,0.1198848000021826,1557.7242509000023,1557.735026800001,1557.735026800001,1561.7201400000013,1561.7201538000008,1561.720172600002,,,,,sphynx_4,1,2026-06-19_16h05.26.052,Practice Trials - SYMBIOTIK graphs_2023,2024.1.0,,2026-06-19 16h05.35.043892 +0200,,sphynx_4_Practice Trials - SYMBIOTIK graphs_2023_2026-06-19_16h05.26.052.csv,6,1,fully_adapted,,2,True,4.901255599997739,4.901255599997739,Mohhamad M,False,2,True,True,False,all adaptation levels,,,,,,,,,
samples/12 node/12_nodes_S00096/no_caption/fully_adapted.png,12.0,2.0,fully_adapted,Count the number of ATTACK PATTERN nodes connected with at least 1 low confidence edge? (confidence of 1-3).,,Count the number of ATTACK PATTERN nodes connected with at least 1 low confidence edge? (confidence of 1-3).,0.0,34.0,34.0,39.0,1561.7386820000029,,,,,,,,,1561.720418500001,1561.7386820000029,1561.7386820000029,1576.732681700003,1576.7327078000017,1576.7484764,1577.733306500002,1577.733380400001,1577.8397264000014,1577.8397264000014,1595.7374764000017,4.0,1587.6675891000014,0.1355163000007451,1595.7416758,1595.752772300002,1595.752772300002,1599.7357843000027,1599.7358200000017,1599.7358828000033,,,,,sphynx_4,1,2026-06-19_16h05.26.052,Practice Trials - SYMBIOTIK graphs_2023,2024.1.0,,2026-06-19 16h05.35.043892 +0200,,sphynx_4_Practice Trials - SYMBIOTIK graphs_2023_2026-06-19_16h05.26.052.csv,12,2,fully_adapted,,4,True,9.827862699999969,9.827862699999969,Mohhamad M,False,4,True,True,False,all adaptation levels,,,,,,,,,
samples/6 node/6_nodes_S00140/no_caption/nodes_color_type.png,6.0,2.0,color_nodes,Count the number of nodes with TLP:RED connected to at least 1 node with high connection count (node size 7-10).,0.0,Count the number of nodes with TLP:RED connected to at least 1 node with high connection count (node size 7-10).,0.0,35.0,35.0,21.0,1599.7618468,,,,,,,,,1599.7366000000002,1599.7618468,1599.7618468,1614.7468826000004,1614.746914200001,1614.7644209000027,1615.7496493,1615.7497378000007,1615.8696853,1615.8696853,1633.7459497000018,0.0,1625.611480800002,0.2075282000005245,1633.755288100001,1633.7689966000034,1633.7689966000034,1637.7496492000028,1637.7496641000034,1637.749682200003,,,,,sphynx_4,1,2026-06-19_16h05.26.052,Practice Trials - SYMBIOTIK graphs_2023,2024.1.0,,2026-06-19 16h05.35.043892 +0200,,sphynx_4_Practice Trials - SYMBIOTIK graphs_2023_2026-06-19_16h05.26.052.csv,6,2,semi_adapted,color_nodes,0,True,9.741795500002127,9.741795500002127,Mohhamad M,False,0,True,True,False,all adaptation levels,,,,,,,,,
samples/6 node/6_nodes_S00005/no_caption/non_adapted.png,6.0,1.0,non_adapted,How many nodes have TLP:GREEN?,3.0,How many nodes have TLP:GREEN?,0.0,36.0,36.0,1.0,1637.7660271000022,,,,,,,,,1637.749931800001,1637.7660271000022,1637.7660271000022,1652.7642142000004,1652.7642495,1652.7786221000024,1653.7626238000012,1653.7626697000014,1653.8652368000005,1653.8652368000005,1671.7605699000014,3.0,1661.6515703000005,0.1048096000013174,1671.7666624000012,1671.786643900003,1671.786643900003,1675.764756800003,1675.764783300001,1675.764825600003,,,,,sphynx_4,1,2026-06-19_16h05.26.052,Practice Trials - SYMBIOTIK graphs_2023,2024.1.0,,2026-06-19 16h05.35.043892 +0200,,sphynx_4_Practice Trials - SYMBIOTIK graphs_2023_2026-06-19_16h05.26.052.csv,6,1,non_adapted,,3,True,7.786333499999955,7.786333499999955,Mohhamad M,False,3,True,True,False,all adaptation levels,,,,,,,,,
samples/6 node/6_nodes_S00125/no_caption/nodes_shape_tlp.png,6.0,1.0,shape_nodes,How many CYBER OBSERVABLE nodes are in the graph?,2.0,How many CYBER OBSERVABLE nodes are in the graph?,0.0,37.0,37.0,16.0,1675.7799210000012,,,,,,,,,1675.7653293000003,1675.7799210000012,1675.7799210000012,1690.775869000001,1690.7758939000014,1690.7926957000018,1691.7771375000011,1691.777201500001,1691.8995063000002,1691.8995063000002,1709.7749539000033,2.0,1699.3628180000014,0.136445600001025,1709.7794077,1709.793752700003,1709.793752700003,1713.778531400003,1713.778563400003,1713.7786203000032,,,,,sphynx_4,1,2026-06-19_16h05.26.052,Practice Trials - SYMBIOTIK graphs_2023,2024.1.0,,2026-06-19 16h05.35.043892 +0200,,sphynx_4_Practice Trials - SYMBIOTIK graphs_2023_2026-06-19_16h05.26.052.csv,6,1,semi_adapted,shape_nodes,2,True,7.4633117000012135,7.4633117000012135,Mohhamad M,False,2,True,True,False,all adaptation levels,,,,,,,,,
samples/12 node/12_nodes_S00150/no_caption/nodes_color_type.png,12.0,2.0,color_nodes,Count the number of nodes with TLP:RED connected to at least 1 node with high connection count (node size 7-10).,6.0,Count the number of nodes with TLP:RED connected to at least 1 node with high connection count (node size 7-10).,0.0,38.0,38.0,45.0,1713.8132864,,,,,,,,,1713.7791681000017,1713.8132864,1713.8132864,1728.790822400002,1728.790840900001,1728.8076987000022,1729.7915791000014,1729.7916205,1729.8940477000033,1729.8940477000033,1747.7893839000026,2.0,1745.2029817000002,0.2082367000002705,1747.7920024000014,1747.8065653000012,1747.8065653000012,1751.793123800002,1751.7931459000029,1751.793182100002,,,,,sphynx_4,1,2026-06-19_16h05.26.052,Practice Trials - SYMBIOTIK graphs_2023,2024.1.0,,2026-06-19 16h05.35.043892 +0200,,sphynx_4_Practice Trials - SYMBIOTIK graphs_2023_2026-06-19_16h05.26.052.csv,12,2,semi_adapted,color_nodes,2,True,15.308933999996952,15.308933999996952,Mohhamad M,False,6,True,False,False,all adaptation levels,,,,,,,,,
samples/6 node/6_nodes_S00083/no_caption/fully_adapted.png,6.0,2.0,fully_adapted,Count the number of MALWARE nodes with high connection counts (node size 7-10),,Count the number of MALWARE nodes with high connection counts (node size 7-10),0.0,39.0,39.0,14.0,1751.8158722000007,,,,,,,,,1751.7935995000007,1751.8158722000007,1751.8158722000007,1766.8083557999998,1766.8084183000028,1766.8243400000028,1767.806556200001,1767.8066031000017,1767.906794100003,1767.906794100003,1785.8049232000012,1.0,1771.3630090000006,0.2402347000024747,1785.8087251000034,1785.8207427000016,1785.8207427000016,1789.807552300001,1789.8075925000012,1789.8076598000007,,,,,sphynx_4,1,2026-06-19_16h05.26.052,Practice Trials - SYMBIOTIK graphs_2023,2024.1.0,,2026-06-19 16h05.35.043892 +0200,,sphynx_4_Practice Trials - SYMBIOTIK graphs_2023_2026-06-19_16h05.26.052.csv,6,2,fully_adapted,,1,True,3.456214899997576,3.456214899997576,Mohhamad M,False,1,True,True,False,all adaptation levels,,,,,,,,,
samples/6 node/6_nodes_S00017/no_caption/non_adapted.png,6.0,2.0,non_adapted,Count the number of MALWARE nodes connected with at least 1 high confidence edge ( confidence 7-10).,1.0,Count the number of MALWARE nodes connected with at least 1 high confidence edge ( confidence 7-10).,0.0,40.0,40.0,4.0,1789.8351460000013,,,,,,,,,1789.8082813,1789.8351460000013,1789.8351460000013,1804.8242144000037,1804.8242427000005,1804.8389953000003,1805.821512100003,1805.8216035000005,1805.919140500002,1805.919140500002,1823.8190945000024,1.0,1820.5945464000035,0.2246964999976626,1823.8217302000007,1823.8369266000009,1823.8369266000009,1827.8220653000024,1827.8220789000009,1827.8220972000015,,,,,sphynx_4,1,2026-06-19_16h05.26.052,Practice Trials - SYMBIOTIK graphs_2023,2024.1.0,,2026-06-19 16h05.35.043892 +0200,,sphynx_4_Practice Trials - SYMBIOTIK graphs_2023_2026-06-19_16h05.26.052.csv,6,2,non_adapted,,1,True,14.675405900001579,14.675405900001579,Mohhamad M,False,1,True,True,False,all adaptation levels,,,,,,,,,
samples/6 node/6_nodes_S00020/no_caption/non_adapted.png,6.0,2.0,non_adapted,Count the number of nodes with TLP:RED connected to at least 1 node with high connection count (node size 7-10).,2.0,Count the number of nodes with TLP:RED connected to at least 1 node with high connection count (node size 7-10).,0.0,41.0,41.0,5.0,1827.8391615,,,,,,,,,1827.822342800002,1827.8391615,1827.8391615,1842.8350639000016,1842.8350851000032,1842.8514679,1843.8359648000005,1843.8360075000016,1843.939892600003,1843.939892600003,1861.8337748000013,,,,1861.8372801000005,1861.8523789000028,1861.8523789000028,1865.8376664000025,1865.8376814000003,1865.8377034000005,,,,,sphynx_4,1,2026-06-19_16h05.26.052,Practice Trials - SYMBIOTIK graphs_2023,2024.1.0,,2026-06-19 16h05.35.043892 +0200,,sphynx_4_Practice Trials - SYMBIOTIK graphs_2023_2026-06-19_16h05.26.052.csv,6,2,non_adapted,,,False,,,Mohhamad M,False,2,True,False,False,all adaptation levels,,,,,,,,,
samples/6 node/6_nodes_S00086/no_caption/fully_adapted.png,6.0,2.0,fully_adapted,Count the number of ATTACK PATTERN nodes connected with at least 1 low confidence edge? (confidence of 1-3).,,Count the number of ATTACK PATTERN nodes connected with at least 1 low confidence edge? (confidence of 1-3).,0.0,42.0,42.0,15.0,1865.8563471000016,,,,,,,,,1865.8380378,1865.8563471000016,1865.8563471000016,1880.8495454000004,1880.8495586000024,1880.8660900000032,1881.8507561000008,1881.8508040000013,1881.9538936000024,1881.9538936000024,1899.8529643,0.0,1886.6426062000028,0.2079354999987117,1899.860792800002,1899.8754326000017,1899.8754326000017,1903.8533088000004,1903.8533307000037,1903.8533591000012,,,,,sphynx_4,1,2026-06-19_16h05.26.052,Practice Trials - SYMBIOTIK graphs_2023,2024.1.0,,2026-06-19 16h05.35.043892 +0200,,sphynx_4_Practice Trials - SYMBIOTIK graphs_2023_2026-06-19_16h05.26.052.csv,6,2,fully_adapted,,0,True,4.688712600000372,4.688712600000372,Mohhamad M,False,0,True,True,False,all adaptation levels,,,,,,,,,
samples/6 node/6_nodes_S00071/no_caption/fully_adapted.png,6.0,1.0,fully_adapted,Count the number of nodes with high connection counts (node size 7-10),,Count the number of nodes with high connection counts (node size 7-10),0.0,43.0,43.0,10.0,1903.8690999000028,,,,,,,,,1903.8537152000024,1903.8690999000028,1903.8690999000028,1918.8645189000017,1918.8645392,1918.881136600001,1919.865195000002,1919.8652776000015,1919.9603143000024,1919.9603143000024,1937.8675747000016,1.0,1925.6112958000008,0.1677960000015446,1937.871731500003,1937.8826487000008,1937.8826487000008,1941.8668185000024,1941.866837900001,1941.866864400003,,,,,sphynx_4,1,2026-06-19_16h05.26.052,Practice Trials - SYMBIOTIK graphs_2023,2024.1.0,,2026-06-19 16h05.35.043892 +0200,,sphynx_4_Practice Trials - SYMBIOTIK graphs_2023_2026-06-19_16h05.26.052.csv,6,1,fully_adapted,,1,True,5.650981499998352,5.650981499998352,Mohhamad M,False,1,True,True,False,all adaptation levels,,,,,,,,,
samples/6 node/6_nodes_S00002/no_caption/non_adapted.png,6.0,1.0,non_adapted,How many CYBER OBSERVABLE nodes are in the graph?,5.0,How many CYBER OBSERVABLE nodes are in the graph?,0.0,44.0,44.0,0.0,1941.883341300003,,,,,,,,,1941.8672130000011,1941.883341300003,1941.883341300003,1956.8797239000012,1956.8797414,1956.895748400002,1957.879702600003,1957.879784300003,1957.998770000002,1957.998770000002,1975.878148300002,5.0,1966.5866676000005,0.1211671000019123,1975.8814292000025,1975.894151700002,1975.894151700002,1979.881282600003,1979.8812963000016,1979.8813139000013,,,,,sphynx_4,1,2026-06-19_16h05.26.052,Practice Trials - SYMBIOTIK graphs_2023,2024.1.0,,2026-06-19 16h05.35.043892 +0200,,sphynx_4_Practice Trials - SYMBIOTIK graphs_2023_2026-06-19_16h05.26.052.csv,6,1,non_adapted,,5,True,8.587897599998541,8.587897599998541,Mohhamad M,False,5,True,True,False,all adaptation levels,,,,,,,,,
samples/12 node/12_nodes_S00090/no_caption/fully_adapted.png,12.0,2.0,fully_adapted,Count the number of nodes with TLP:RED connected to at least 1 node with high connection count (node size 7-10).,1.0,Count the number of nodes with TLP:RED connected to at least 1 node with high connection count (node size 7-10).,0.0,45.0,45.0,37.0,1979.898021500001,,,,,,,,,1979.881579300003,1979.898021500001,1979.898021500001,1994.8938895000028,1994.8939032000017,1994.9112301000025,1995.8957777000032,1995.895819100002,1995.9979490000003,1995.9979490000003,2013.892459900002,0.0,2006.082565800003,0.1280791999997745,2013.8960590000024,2013.9089526000023,2013.9089526000023,2017.896104800002,2017.8961209000008,2017.896149100001,,,,,sphynx_4,1,2026-06-19_16h05.26.052,Practice Trials - SYMBIOTIK graphs_2023,2024.1.0,,2026-06-19 16h05.35.043892 +0200,,sphynx_4_Practice Trials - SYMBIOTIK graphs_2023_2026-06-19_16h05.26.052.csv,12,2,fully_adapted,,0,True,10.084616800002777,10.084616800002777,Mohhamad M,False,1,True,False,False,all adaptation levels,,,,,,,,,
samples/12 node/12_nodes_S00153/no_caption/nodes_size_value.png,12.0,2.0,size_nodes,Count the number of MALWARE nodes with high connection counts (node size 7-10),,Count the number of MALWARE nodes with high connection counts (node size 7-10),0.0,46.0,46.0,46.0,2017.9147808000016,,,,,,,,,2017.8964916000004,2017.9147808000016,2017.9147808000016,2032.908243400001,2032.9082734000003,2032.9247718000008,2033.9091914000016,2033.909240500001,2034.0265067,2034.0265067,2051.9102064,1.0,2044.3708786000025,0.1358237999993434,2051.918950200001,2051.9293969000028,2051.9293969000028,2055.9123203000017,2055.912380200003,2055.912572700003,,,,,sphynx_4,1,2026-06-19_16h05.26.052,Practice Trials - SYMBIOTIK graphs_2023,2024.1.0,,2026-06-19 16h05.35.043892 +0200,,sphynx_4_Practice Trials - SYMBIOTIK graphs_2023_2026-06-19_16h05.26.052.csv,12,2,semi_adapted,size_nodes,1,True,10.344371900002443,10.344371900002443,Mohhamad M,False,1,True,True,False,all adaptation levels,,,,,,,,,
samples/12 node/12_nodes_S00135/no_caption/nodes_shape_tlp.png,12.0,1.0,shape_nodes,How many CYBER OBSERVABLE nodes are in the graph?,4.0,How many CYBER OBSERVABLE nodes are in the graph?,0.0,47.0,47.0,40.0,2055.9426663000013,,,,,,,,,2055.9133981000014,2055.9426663000013,2055.9426663000013,2070.9226046000003,2070.922622900001,2070.941460000002,2071.9240831000025,2071.924122100001,2072.0272052,2072.0272052,2089.9215760000006,4.0,2078.1632523000007,0.119428500001959,2089.9254462000026,2089.938805400001,2089.938805400001,2093.924901300001,2093.924914700001,2093.924933400001,,,,,sphynx_4,1,2026-06-19_16h05.26.052,Practice Trials - SYMBIOTIK graphs_2023,2024.1.0,,2026-06-19 16h05.35.043892 +0200,,sphynx_4_Practice Trials - SYMBIOTIK graphs_2023_2026-06-19_16h05.26.052.csv,12,1,semi_adapted,shape_nodes,4,True,6.136047100000724,6.136047100000724,Mohhamad M,False,4,True,True,False,all adaptation levels,,,,,,,,,
samples/6 node/6_nodes_S00023/no_caption/non_adapted.png,6.0,2.0,non_adapted,Count the number of MALWARE nodes with high connection counts (node size 7-10),,Count the number of MALWARE nodes with high connection counts (node size 7-10),0.0,0.0,0.0,6.0,35.24425959999644,,,,,,,,,35.19182049999654,35.24425959999644,35.24425959999644,50.193627699998615,50.193643200000224,50.2058401999966,51.1904929999946,51.19053089999943,51.29387599999609,51.29387599999609,69.18883129999449,0.0,65.83664169999975,0.1275727999964147,69.1914231999981,69.21075619999465,69.21075619999465,73.19361089999438,73.19362549999641,73.19364900000073,,,,,sphynx_11,1,2026-07-03_11h26.17.372,Practice Trials - SYMBIOTIK graphs_2023,2024.1.0,,2026-07-03 11h26.25.258290 +0200,,sphynx_11_Practice Trials - SYMBIOTIK graphs_2023_2026-07-03_11h26.17.372.csv,6,2,non_adapted,,0,True,14.542765700003656,14.542765700003656,Monica,False,0,True,True,False,all adaptation levels,,,,,,,,,
samples/12 node/12_nodes_S00018/no_caption/non_adapted.png,12.0,2.0,non_adapted,Count the number of nodes with TLP:RED connected to at least 1 node with high connection count (node size 7-10).,3.0,Count the number of nodes with TLP:RED connected to at least 1 node with high connection count (node size 7-10).,0.0,1.0,1.0,29.0,73.22763299999497,,,,,,,,,73.19389369999408,73.22763299999497,73.22763299999497,88.20531479999772,88.20532999999705,88.22191079999902,89.20460429999366,89.20467769999959,89.31393879999814,89.31393879999814,107.20286139999372,1.0,105.18827020000026,0.1766157999954885,107.20840119999777,107.22121589999732,107.22121589999732,111.20645109999896,111.2064848999944,111.20654859999922,,,,,sphynx_11,1,2026-07-03_11h26.17.372,Practice Trials - SYMBIOTIK graphs_2023,2024.1.0,,2026-07-03 11h26.25.258290 +0200,,sphynx_11_Practice Trials - SYMBIOTIK graphs_2023_2026-07-03_11h26.17.372.csv,12,2,non_adapted,,1,True,15.87433140000212,15.87433140000212,Monica,False,3,True,False,False,all adaptation levels,,,,,,,,,
samples/12 node/12_nodes_S00147/no_caption/nodes_shape_tlp.png,12.0,2.0,shape_nodes,Count the number of MALWARE nodes connected with at least 1 high confidence edge ( confidence 7-10).,2.0,Count the number of MALWARE nodes connected with at least 1 high confidence edge ( confidence 7-10).,0.0,2.0,2.0,44.0,111.24014650000026,,,,,,,,,111.20719299999472,111.24014650000026,111.24014650000026,126.2193580999956,126.21939569999812,126.23751880000054,127.22099069999967,127.22103109999443,127.316717099995,127.316717099995,145.21777529999963,,,,145.22052260000055,145.2337406999941,145.2337406999941,149.2231657999946,149.22318309999537,149.22320939999918,,,,,sphynx_11,1,2026-07-03_11h26.17.372,Practice Trials - SYMBIOTIK graphs_2023,2024.1.0,,2026-07-03 11h26.25.258290 +0200,,sphynx_11_Practice Trials - SYMBIOTIK graphs_2023_2026-07-03_11h26.17.372.csv,12,2,semi_adapted,shape_nodes,,False,,,Monica,False,2,True,False,False,all adaptation levels,,,,,,,,,
samples/6 node/6_nodes_S00068/no_caption/fully_adapted.png,6.0,1.0,fully_adapted,How many nodes have TLP:GREEN?,5.0,How many nodes have TLP:GREEN?,0.0,3.0,3.0,9.0,149.248064899999,,,,,,,,,149.22360579999804,149.248064899999,149.248064899999,164.2334550999949,164.23348899999837,164.24955169999885,165.23417959999642,165.23424669999804,165.33877669999492,165.33877669999492,183.2319709000003,5.0,175.8764555999951,0.0968094999989261,183.23553009999887,183.2488333000001,183.2488333000001,187.2356643999956,187.23568309999973,187.23571029999584,,,,,sphynx_11,1,2026-07-03_11h26.17.372,Practice Trials - SYMBIOTIK graphs_2023,2024.1.0,,2026-07-03 11h26.25.258290 +0200,,sphynx_11_Practice Trials - SYMBIOTIK graphs_2023_2026-07-03_11h26.17.372.csv,6,1,fully_adapted,,5,True,10.537678900000174,10.537678900000174,Monica,False,5,True,True,False,all adaptation levels,,,,,,,,,
samples/6 node/6_nodes_S00143/no_caption/nodes_size_value.png,6.0,2.0,size_nodes,Count the number of MALWARE nodes with high connection counts (node size 7-10),,Count the number of MALWARE nodes with high connection counts (node size 7-10),0.0,4.0,4.0,22.0,187.25205529999948,,,,,,,,,187.23608379999496,187.25205529999948,187.25205529999948,202.24835940000048,202.24837339999797,202.26423369999972,203.24901559999853,203.24906539999935,203.35368609999568,203.35368609999568,221.24675690000004,2.0,212.3327946999998,0.1677981999964686,221.2495567000005,221.2637418999948,221.2637418999948,225.25039939999988,225.25041589999452,225.25043939999887,,,,,sphynx_11,1,2026-07-03_11h26.17.372,Practice Trials - SYMBIOTIK graphs_2023,2024.1.0,,2026-07-03 11h26.25.258290 +0200,,sphynx_11_Practice Trials - SYMBIOTIK graphs_2023_2026-07-03_11h26.17.372.csv,6,2,semi_adapted,size_nodes,2,True,8.97910860000411,8.97910860000411,Monica,False,2,True,True,False,all adaptation levels,,,,,,,,,
samples/6 node/6_nodes_S00077/no_caption/fully_adapted.png,6.0,2.0,fully_adapted,Count the number of MALWARE nodes connected with at least 1 high confidence edge ( confidence 7-10).,0.0,Count the number of MALWARE nodes connected with at least 1 high confidence edge ( confidence 7-10).,0.0,5.0,5.0,12.0,225.26891229999453,,,,,,,,,225.25080739999976,225.26891229999453,225.26891229999453,240.2630721999958,240.2630990999969,240.28277009999877,241.2805229000005,241.28056359999755,241.37763119999727,241.37763119999727,259.2614389999944,0.0,248.75677029999497,0.1524983000053907,259.2676928000001,259.2829930999942,259.2829930999942,263.26446459999715,263.2644782999996,263.26449839999987,,,,,sphynx_11,1,2026-07-03_11h26.17.372,Practice Trials - SYMBIOTIK graphs_2023,2024.1.0,,2026-07-03 11h26.25.258290 +0200,,sphynx_11_Practice Trials - SYMBIOTIK graphs_2023_2026-07-03_11h26.17.372.csv,6,2,fully_adapted,,0,True,7.379139099997701,7.379139099997701,Monica,False,0,True,True,False,all adaptation levels,,,,,,,,,
samples/12 node/12_nodes_S00027/no_caption/non_adapted.png,12.0,2.0,non_adapted,Count the number of ATTACK PATTERN nodes connected with at least 1 low confidence edge? (confidence of 1-3).,,Count the number of ATTACK PATTERN nodes connected with at least 1 low confidence edge? (confidence of 1-3).,0.0,6.0,6.0,31.0,263.29674279999745,,,,,,,,,263.2647711999962,263.29674279999745,263.29674279999745,278.2818427999955,278.281857199996,278.2949867999996,279.2792641999986,279.2793162999951,279.3817953999969,279.3817953999969,297.27600269999675,,,,297.2846531999967,297.29451939999853,297.29451939999853,301.27934339999774,301.27935839999554,301.27938219999487,,,,,sphynx_11,1,2026-07-03_11h26.17.372,Practice Trials - SYMBIOTIK graphs_2023,2024.1.0,,2026-07-03 11h26.25.258290 +0200,,sphynx_11_Practice Trials - SYMBIOTIK graphs_2023_2026-07-03_11h26.17.372.csv,12,2,non_adapted,,,False,,,Monica,False,5,True,False,False,all adaptation levels,,,,,,,,,
samples/6 node/6_nodes_S00131/no_caption/nodes_size_value.png,6.0,1.0,size_nodes,Count the number of nodes with high connection counts (node size 7-10),,Count the number of nodes with high connection counts (node size 7-10),0.0,7.0,7.0,18.0,301.29642449999665,,,,,,,,,301.2796923999995,301.29642449999665,301.29642449999665,316.2947611999989,316.2947757000002,316.3089790999948,317.2927173999997,317.29276249999384,317.39098349999404,317.39098349999404,335.2911247999946,3.0,324.8600709999955,0.1206077000024379,335.29622439999366,335.3084409000003,335.3084409000003,339.29466259999754,339.29467609999847,339.29469559999416,,,,,sphynx_11,1,2026-07-03_11h26.17.372,Practice Trials - SYMBIOTIK graphs_2023,2024.1.0,,2026-07-03 11h26.25.258290 +0200,,sphynx_11_Practice Trials - SYMBIOTIK graphs_2023_2026-07-03_11h26.17.372.csv,6,1,semi_adapted,size_nodes,3,True,7.4690875000014785,7.4690875000014785,Monica,False,3,True,True,False,all adaptation levels,,,,,,,,,
samples/12 node/12_nodes_S00072/no_caption/fully_adapted.png,12.0,1.0,fully_adapted,How many CYBER OBSERVABLE nodes are in the graph?,3.0,How many CYBER OBSERVABLE nodes are in the graph?,0.0,8.0,8.0,32.0,339.32506029999786,,,,,,,,,339.29494209999393,339.32506029999786,339.32506029999786,354.3068281999949,354.3068450999999,354.32284829999844,355.3095803999968,355.30962069999805,355.41116409999813,355.41116409999813,373.3059727999935,4.0,368.9483534999963,0.1838858999981312,373.3084283999997,373.3227049999987,373.3227049999987,377.3084845999984,377.30851509999775,377.3085785999938,,,,,sphynx_11,1,2026-07-03_11h26.17.372,Practice Trials - SYMBIOTIK graphs_2023,2024.1.0,,2026-07-03 11h26.25.258290 +0200,,sphynx_11_Practice Trials - SYMBIOTIK graphs_2023_2026-07-03_11h26.17.372.csv,12,1,fully_adapted,,4,True,13.53718939999817,13.53718939999817,Monica,False,3,True,False,False,all adaptation levels,,,,,,,,,
samples/6 node/6_nodes_S00128/no_caption/nodes_color_type.png,6.0,1.0,color_nodes,How many nodes have TLP:GREEN?,1.0,How many nodes have TLP:GREEN?,0.0,9.0,9.0,17.0,377.3368009999977,,,,,,,,,377.3091751999964,377.3368009999977,377.3368009999977,392.3215263999955,392.3215409999975,392.33813029999874,393.3215401999987,393.3216203999982,393.425665499999,393.425665499999,411.3214415999973,1.0,397.36500639999576,0.1517628000001423,411.3269861999943,411.33917089999886,411.33917089999886,415.32519859999593,415.32521879999695,415.32525659999374,,,,,sphynx_11,1,2026-07-03_11h26.17.372,Practice Trials - SYMBIOTIK graphs_2023,2024.1.0,,2026-07-03 11h26.25.258290 +0200,,sphynx_11_Practice Trials - SYMBIOTIK graphs_2023_2026-07-03_11h26.17.372.csv,6,1,semi_adapted,color_nodes,1,True,3.9393408999967505,3.9393408999967505,Monica,False,1,True,True,False,all adaptation levels,,,,,,,,,
samples/6 node/6_nodes_S00008/no_caption/non_adapted.png,6.0,1.0,non_adapted,Count the number of nodes with high connection counts (node size 7-10),,Count the number of nodes with high connection counts (node size 7-10),0.0,10.0,10.0,2.0,415.34192079999775,,,,,,,,,415.3257281999977,415.34192079999775,415.34192079999775,430.3363239999962,430.3363374999972,430.3529522999961,431.3369776999971,431.3370150999981,431.4361442999944,431.4361442999944,449.3401945000005,2.0,440.14092519999394,0.1284955000010086,449.34344240000064,449.35351239999727,449.35351239999727,453.3376719000007,453.3376852000001,453.33770340000046,,,,,sphynx_11,1,2026-07-03_11h26.17.372,Practice Trials - SYMBIOTIK graphs_2023,2024.1.0,,2026-07-03 11h26.25.258290 +0200,,sphynx_11_Practice Trials - SYMBIOTIK graphs_2023_2026-07-03_11h26.17.372.csv,6,1,non_adapted,,2,True,8.704780899999548,8.704780899999548,Monica,False,2,True,True,False,all adaptation levels,,,,,,,,,
samples/12 node/12_nodes_S00012/no_caption/non_adapted.png,12.0,1.0,non_adapted,How many low confidence (confidence 1-3) edges exist in the graph?,,How many low confidence (confidence 1-3) edges exist in the graph?,0.0,11.0,11.0,27.0,453.3566000999999,,,,,,,,,453.3379487999992,453.3566000999999,453.3566000999999,468.3506111999959,468.350623899998,468.3672013999967,469.3517364,469.3517748999948,469.4353329000005,469.4353329000005,487.3497367999953,9.0,481.7014993999983,0.103301700000884,487.35434449999593,487.3674888999958,487.3674888999958,491.3532020999992,491.3532153999986,491.3532333999974,,,,,sphynx_11,1,2026-07-03_11h26.17.372,Practice Trials - SYMBIOTIK graphs_2023,2024.1.0,,2026-07-03 11h26.25.258290 +0200,,sphynx_11_Practice Trials - SYMBIOTIK graphs_2023_2026-07-03_11h26.17.372.csv,12,1,non_adapted,,9,True,12.26616649999778,12.26616649999778,Monica,False,8,True,False,False,all adaptation levels,,,,,,,,,
samples/6 node/6_nodes_S00146/no_caption/edge_width_connection_number.png,6.0,2.0,edge_width,Count the number of ATTACK PATTERN nodes connected with at least 1 low confidence edge? (confidence of 1-3).,,Count the number of ATTACK PATTERN nodes connected with at least 1 low confidence edge? (confidence of 1-3).,0.0,12.0,12.0,23.0,491.370863899996,,,,,,,,,491.3534767999954,491.370863899996,491.370863899996,506.3652580999988,506.3652935999999,506.38153579999926,507.3659247999967,507.3659880999985,507.4564672999986,507.4564672999986,525.3687241000007,2.0,517.7175350999969,0.1345823000010568,525.3738707999946,525.3828785000005,525.3828785000005,529.3684514999986,529.3684692999959,529.3684941999963,,,,,sphynx_11,1,2026-07-03_11h26.17.372,Practice Trials - SYMBIOTIK graphs_2023,2024.1.0,,2026-07-03 11h26.25.258290 +0200,,sphynx_11_Practice Trials - SYMBIOTIK graphs_2023_2026-07-03_11h26.17.372.csv,6,2,semi_adapted,edge_width,2,True,10.261067799998273,10.261067799998273,Monica,False,2,True,True,False,all adaptation levels,,,,,,,,,
samples/12 node/12_nodes_S00138/no_caption/nodes_color_type.png,12.0,1.0,color_nodes,How many nodes have TLP:GREEN?,4.0,How many nodes have TLP:GREEN?,0.0,13.0,13.0,41.0,529.3837993999987,,,,,,,,,529.3688226999948,529.3837993999987,529.3837993999987,544.3804273999995,544.3804595999973,544.3963628999991,545.3805206999969,545.3805944999986,545.4740593999959,545.4740593999959,563.3798040999973,4.0,549.8290586000003,0.1679673999969964,563.3837981999968,563.3948676,563.3948676,567.3817558999945,567.3817922999951,567.381861599999,,,,,sphynx_11,1,2026-07-03_11h26.17.372,Practice Trials - SYMBIOTIK graphs_2023,2024.1.0,,2026-07-03 11h26.25.258290 +0200,,sphynx_11_Practice Trials - SYMBIOTIK graphs_2023_2026-07-03_11h26.17.372.csv,12,1,semi_adapted,color_nodes,4,True,4.354999200004386,4.354999200004386,Monica,False,4,True,True,False,all adaptation levels,,,,,,,,,
samples/12 node/12_nodes_S00084/no_caption/fully_adapted.png,12.0,1.0,fully_adapted,How many low confidence (confidence 1-3) edges exist in the graph?,,How many low confidence (confidence 1-3) edges exist in the graph?,0.0,14.0,14.0,35.0,567.4026010999951,,,,,,,,,567.3826408999957,567.4026010999951,567.4026010999951,582.3945209999947,582.3945676000003,582.4112230999963,583.3986317999952,583.3986854999966,583.4834908999983,583.4834908999983,601.3920306999935,7.0,588.692126599999,0.1275703999999677,601.3945571999939,601.4089540999994,601.4089540999994,605.3960762999995,605.3961082999958,605.3961710000003,,,,,sphynx_11,1,2026-07-03_11h26.17.372,Practice Trials - SYMBIOTIK graphs_2023,2024.1.0,,2026-07-03 11h26.25.258290 +0200,,sphynx_11_Practice Trials - SYMBIOTIK graphs_2023_2026-07-03_11h26.17.372.csv,12,1,fully_adapted,,7,True,5.208635700000741,5.208635700000741,Monica,False,7,True,True,False,all adaptation levels,,,,,,,,,
samples/12 node/12_nodes_S00015/no_caption/non_adapted.png,12.0,2.0,non_adapted,Count the number of MALWARE nodes connected with at least 1 high confidence edge ( confidence 7-10).,2.0,Count the number of MALWARE nodes connected with at least 1 high confidence edge ( confidence 7-10).,0.0,15.0,15.0,28.0,605.4238225999943,,,,,,,,,605.3968318999978,605.4238225999943,605.4238225999943,620.409178899994,620.4091919999992,620.4255052999943,621.4101637999993,621.410229299996,621.504091099996,621.504091099996,639.4084270999956,,,,639.4109859999953,639.427042299998,639.427042299998,643.3977333999937,643.397758799998,643.3977945000006,,,,,sphynx_11,1,2026-07-03_11h26.17.372,Practice Trials - SYMBIOTIK graphs_2023,2024.1.0,,2026-07-03 11h26.25.258290 +0200,,sphynx_11_Practice Trials - SYMBIOTIK graphs_2023_2026-07-03_11h26.17.372.csv,12,2,non_adapted,,,False,,,Monica,False,2,True,False,False,all adaptation levels,,,,,,,,,
samples/12 node/12_nodes_S00156/no_caption/edge_width_connection_number.png,12.0,2.0,edge_width,Count the number of ATTACK PATTERN nodes connected with at least 1 low confidence edge? (confidence of 1-3).,,Count the number of ATTACK PATTERN nodes connected with at least 1 low confidence edge? (confidence of 1-3).,0.0,16.0,16.0,47.0,643.4241571999955,,,,,,,,,643.3983138999974,643.4241571999955,643.4241571999955,658.4070991999979,658.4071134999976,658.4235064999957,659.4089963000006,659.4090351999985,659.5115100999974,659.5115100999974,677.4058264999985,,,,677.4093032999954,677.4226168999958,677.4226168999958,681.409573799996,681.4095894999991,681.4096351999979,,,,,sphynx_11,1,2026-07-03_11h26.17.372,Practice Trials - SYMBIOTIK graphs_2023,2024.1.0,,2026-07-03 11h26.25.258290 +0200,,sphynx_11_Practice Trials - SYMBIOTIK graphs_2023_2026-07-03_11h26.17.372.csv,12,2,semi_adapted,edge_width,,False,,,Monica,False,4,True,False,False,all adaptation levels,,,,,,,,,
samples/12 node/12_nodes_S00075/no_caption/fully_adapted.png,12.0,1.0,fully_adapted,How many nodes have TLP:GREEN?,4.0,How many nodes have TLP:GREEN?,0.0,17.0,17.0,33.0,681.4254725999999,,,,,,,,,681.4098749999976,681.4254725999999,681.4254725999999,696.4213737999962,696.4213992000005,696.4415202999953,697.4237509999948,697.4237976999939,697.511771999998,697.511771999998,715.4208789999975,4.0,701.6691948000007,0.1266531999935978,715.4234594999944,715.4374679999964,715.4374679999964,719.4246559999956,719.4246906999979,719.4247509999987,,,,,sphynx_11,1,2026-07-03_11h26.17.372,Practice Trials - SYMBIOTIK graphs_2023,2024.1.0,,2026-07-03 11h26.25.258290 +0200,,sphynx_11_Practice Trials - SYMBIOTIK graphs_2023_2026-07-03_11h26.17.372.csv,12,1,fully_adapted,,4,True,4.157422800002678,4.157422800002678,Monica,False,4,True,True,False,all adaptation levels,,,,,,,,,
samples/12 node/12_nodes_S00024/no_caption/non_adapted.png,12.0,2.0,non_adapted,Count the number of MALWARE nodes with high connection counts (node size 7-10),,Count the number of MALWARE nodes with high connection counts (node size 7-10),0.0,18.0,18.0,30.0,719.4517177999951,,,,,,,,,719.4254166999963,719.4517177999951,719.4517177999951,734.4373991999964,734.4374286999955,734.4534660999998,735.4375101999976,735.4375623999949,735.5250672999973,735.5250672999973,753.4355757999947,3.0,747.9566795999999,0.1270384999952512,753.4422217999963,753.4549011999989,753.4549011999989,757.4387442000007,757.4387762999977,757.438839399998,,,,,sphynx_11,1,2026-07-03_11h26.17.372,Practice Trials - SYMBIOTIK graphs_2023,2024.1.0,,2026-07-03 11h26.25.258290 +0200,,sphynx_11_Practice Trials - SYMBIOTIK graphs_2023_2026-07-03_11h26.17.372.csv,12,2,non_adapted,,3,True,12.431612300002598,12.431612300002598,Monica,False,3,True,True,False,all adaptation levels,,,,,,,,,
samples/6 node/6_nodes_S00026/no_caption/non_adapted.png,6.0,2.0,non_adapted,Count the number of ATTACK PATTERN nodes connected with at least 1 low confidence edge? (confidence of 1-3).,,Count the number of ATTACK PATTERN nodes connected with at least 1 low confidence edge? (confidence of 1-3).,0.0,19.0,19.0,7.0,757.4651290999973,,,,,,,,,757.4394857000007,757.4651290999973,757.4651290999973,772.4545612999937,772.454596699994,772.4691220999957,773.4536082999985,773.4536512999985,773.5549997999988,773.5549997999988,791.4504163999954,1.0,781.4043473999991,0.1435860999990836,791.4529879999973,791.4664904999954,791.4664904999954,795.4554158999963,795.455432099996,795.4554554999995,,,,,sphynx_11,1,2026-07-03_11h26.17.372,Practice Trials - SYMBIOTIK graphs_2023,2024.1.0,,2026-07-03 11h26.25.258290 +0200,,sphynx_11_Practice Trials - SYMBIOTIK graphs_2023_2026-07-03_11h26.17.372.csv,6,2,non_adapted,,1,True,7.849347600000328,7.849347600000328,Monica,False,1,True,True,False,all adaptation levels,,,,,,,,,
samples/12 node/12_nodes_S00009/no_caption/non_adapted.png,12.0,1.0,non_adapted,Count the number of nodes with high connection counts (node size 7-10),,Count the number of nodes with high connection counts (node size 7-10),0.0,20.0,20.0,26.0,795.4746063999992,,,,,,,,,795.455738699995,795.4746063999992,795.4746063999992,810.4657668,810.4657967999956,810.4828973999975,811.467439,811.4675012000007,811.570135199996,811.570135199996,829.4652801999982,7.0,819.5638961000004,0.1279687999995076,829.4703697000004,829.4839100999961,829.4839100999961,833.4685115999964,833.4685456999941,833.4686124,,,,,sphynx_11,1,2026-07-03_11h26.17.372,Practice Trials - SYMBIOTIK graphs_2023,2024.1.0,,2026-07-03 11h26.25.258290 +0200,,sphynx_11_Practice Trials - SYMBIOTIK graphs_2023_2026-07-03_11h26.17.372.csv,12,1,non_adapted,,7,True,7.993760900004418,7.993760900004418,Monica,False,7,True,True,False,all adaptation levels,,,,,,,,,
samples/12 node/12_nodes_S00141/no_caption/nodes_size_value.png,12.0,1.0,size_nodes,Count the number of nodes with high connection counts (node size 7-10),,Count the number of nodes with high connection counts (node size 7-10),0.0,21.0,21.0,42.0,833.4845745999992,,,,,,,,,833.469319799995,833.4845745999992,833.4845745999992,848.480418799998,848.4804522999984,848.4991841999945,849.483010099997,849.483100999998,849.5762648999953,849.5762648999953,867.4783611999956,4.0,855.2680743999954,0.1288025000030757,867.4879479999945,867.5031453999982,867.5031453999982,871.481806799995,871.4818257999941,871.4818539999978,,,,,sphynx_11,1,2026-07-03_11h26.17.372,Practice Trials - SYMBIOTIK graphs_2023,2024.1.0,,2026-07-03 11h26.25.258290 +0200,,sphynx_11_Practice Trials - SYMBIOTIK graphs_2023_2026-07-03_11h26.17.372.csv,12,1,semi_adapted,size_nodes,4,True,5.69180950000009,5.69180950000009,Monica,False,4,True,True,False,all adaptation levels,,,,,,,,,
samples/12 node/12_nodes_S00144/no_caption/edge_width_connection_number.png,12.0,1.0,edge_width,How many low confidence (confidence 1-3) edges exist in the graph?,,How many low confidence (confidence 1-3) edges exist in the graph?,0.0,22.0,22.0,43.0,871.4990235000005,,,,,,,,,871.482339999995,871.4990235000005,871.4990235000005,886.4953208999941,886.4953527999969,886.5115644999969,887.4962228000004,887.4962999999989,887.5846801999942,887.5846801999942,905.4937749999954,3.0,892.5556591999994,0.1127081000013277,905.4969013999944,905.5105769999936,905.5105769999936,909.4978545999984,909.4978679999986,909.4978871999992,,,,,sphynx_11,1,2026-07-03_11h26.17.372,Practice Trials - SYMBIOTIK graphs_2023,2024.1.0,,2026-07-03 11h26.25.258290 +0200,,sphynx_11_Practice Trials - SYMBIOTIK graphs_2023_2026-07-03_11h26.17.372.csv,12,1,semi_adapted,edge_width,3,True,4.970979000005173,4.970979000005173,Monica,False,3,True,True,False,all adaptation levels,,,,,,,,,
samples/6 node/6_nodes_S00137/no_caption/nodes_shape_tlp.png,6.0,2.0,shape_nodes,Count the number of MALWARE nodes connected with at least 1 high confidence edge ( confidence 7-10).,2.0,Count the number of MALWARE nodes connected with at least 1 high confidence edge ( confidence 7-10).,0.0,23.0,23.0,20.0,909.5146133999953,,,,,,,,,909.4981284999958,909.5146133999953,909.5146133999953,924.5093482999946,924.5093624999936,924.5277168999964,925.5104259,925.5105081000002,925.6008062999972,925.6008062999972,943.5096676999964,2.0,936.5797812999954,0.1596134999999776,943.5139607999954,943.525401699997,943.525401699997,947.512821199998,947.5128346999992,947.512855299996,,,,,sphynx_11,1,2026-07-03_11h26.17.372,Practice Trials - SYMBIOTIK graphs_2023,2024.1.0,,2026-07-03 11h26.25.258290 +0200,,sphynx_11_Practice Trials - SYMBIOTIK graphs_2023_2026-07-03_11h26.17.372.csv,6,2,semi_adapted,shape_nodes,2,True,10.978974999998172,10.978974999998172,Monica,False,2,True,True,False,all adaptation levels,,,,,,,,,
samples/6 node/6_nodes_S00074/no_caption/fully_adapted.png,6.0,1.0,fully_adapted,How many low confidence (confidence 1-3) edges exist in the graph?,,How many low confidence (confidence 1-3) edges exist in the graph?,0.0,24.0,24.0,11.0,947.5298063999944,,,,,,,,,947.513133099994,947.5298063999944,947.5298063999944,962.5246219999972,962.5246479999988,962.5410650999984,963.525262999996,963.5253464999988,963.6264584999954,963.6264584999954,981.5279150999996,2.0,967.4996563999956,0.1365975000007893,981.5355012,981.5470897999984,981.5470897999984,985.5267215999992,985.5267374999968,1165.524929399995,985.5517779999936,,,,sphynx_11,1,2026-07-03_11h26.17.372,Practice Trials - SYMBIOTIK graphs_2023,2024.1.0,,2026-07-03 11h26.25.258290 +0200,,sphynx_11_Practice Trials - SYMBIOTIK graphs_2023_2026-07-03_11h26.17.372.csv,6,1,fully_adapted,,2,True,3.873197900000264,3.873197900000264,Monica,False,2,True,True,False,all adaptation levels,,,,,,,,,
samples/6 node/6_nodes_S00080/no_caption/fully_adapted.png,6.0,2.0,fully_adapted,Count the number of nodes with TLP:RED connected to at least 1 node with high connection count (node size 7-10).,1.0,Count the number of nodes with TLP:RED connected to at least 1 node with high connection count (node size 7-10).,0.0,25.0,25.0,13.0,1165.5571261000005,,,,,,,,,1165.5256848999998,1165.5571261000005,1165.5571261000005,1180.5211012,1180.5211263999954,1180.538847799995,1181.5229290999996,1181.522989099998,1181.6177884999995,1181.6177884999995,1199.5196904999975,2.0,1191.0194035999957,0.0962543999994522,1199.5222462999957,1199.5365908999956,1199.5365908999956,1203.5230295999936,1203.5230554999944,1203.523104,,,,,sphynx_11,1,2026-07-03_11h26.17.372,Practice Trials - SYMBIOTIK graphs_2023,2024.1.0,,2026-07-03 11h26.25.258290 +0200,,sphynx_11_Practice Trials - SYMBIOTIK graphs_2023_2026-07-03_11h26.17.372.csv,6,2,fully_adapted,,2,True,9.401615099996206,9.401615099996206,Monica,False,1,True,False,False,all adaptation levels,,,,,,,,,
samples/6 node/6_nodes_S00134/no_caption/edge_width_connection_number.png,6.0,1.0,edge_width,How many low confidence (confidence 1-3) edges exist in the graph?,,How many low confidence (confidence 1-3) edges exist in the graph?,0.0,26.0,26.0,19.0,1203.5549172999963,,,,,,,,,1203.5236428999997,1203.5549172999963,1203.5549172999963,1218.5372314999986,1218.5372452999943,1218.551813799997,1219.5371879999948,1219.537260799996,1219.6390803999966,1219.6390803999966,1237.5344377,3.0,1224.499342199997,0.0966912000003503,1237.5372519999946,1237.5505233000003,1237.5505233000003,1241.5378655999957,1241.5378922999953,1241.5379398000005,,,,,sphynx_11,1,2026-07-03_11h26.17.372,Practice Trials - SYMBIOTIK graphs_2023,2024.1.0,,2026-07-03 11h26.25.258290 +0200,,sphynx_11_Practice Trials - SYMBIOTIK graphs_2023_2026-07-03_11h26.17.372.csv,6,1,semi_adapted,edge_width,3,True,4.860261800000444,4.860261800000444,Monica,False,3,True,True,False,all adaptation levels,,,,,,,,,
samples/12 node/12_nodes_S00093/no_caption/fully_adapted.png,12.0,2.0,fully_adapted,Count the number of MALWARE nodes with high connection counts (node size 7-10),,Count the number of MALWARE nodes with high connection counts (node size 7-10),0.0,27.0,27.0,38.0,1241.5576722999976,,,,,,,,,1241.5385249999963,1241.5576722999976,1241.5576722999976,1256.5500778999997,1256.5500924999942,1256.5666339999952,1257.550593699998,1257.5506349999996,1257.6370855999994,1257.6370855999994,1275.5488138999935,1.0,1263.6284293999995,0.1106332999988808,1275.555612199998,1275.5650910999975,1275.5650910999975,1279.538552399994,1279.5385724000007,1279.5386041999957,,,,,sphynx_11,1,2026-07-03_11h26.17.372,Practice Trials - SYMBIOTIK graphs_2023,2024.1.0,,2026-07-03 11h26.25.258290 +0200,,sphynx_11_Practice Trials - SYMBIOTIK graphs_2023_2026-07-03_11h26.17.372.csv,12,2,fully_adapted,,1,True,5.991343800000095,5.991343800000095,Monica,False,1,True,True,False,all adaptation levels,,,,,,,,,
samples/12 node/12_nodes_S00081/no_caption/fully_adapted.png,12.0,1.0,fully_adapted,Count the number of nodes with high connection counts (node size 7-10),,Count the number of nodes with high connection counts (node size 7-10),0.0,28.0,28.0,34.0,1279.5580035999956,,,,,,,,,1279.539035999995,1279.5580035999956,1279.5580035999956,1294.5480428999945,1294.548072599995,1294.5641590999949,1295.5488310999935,1295.5488714999956,1295.6411211999948,1295.6411211999948,1313.5471196,7.0,1306.8119229000004,0.1120521999982884,1313.554056199995,1313.5708368999983,1313.5708368999983,1317.5518591,1317.5518725999937,1317.5518920999966,,,,,sphynx_11,1,2026-07-03_11h26.17.372,Practice Trials - SYMBIOTIK graphs_2023,2024.1.0,,2026-07-03 11h26.25.258290 +0200,,sphynx_11_Practice Trials - SYMBIOTIK graphs_2023_2026-07-03_11h26.17.372.csv,12,1,fully_adapted,,7,True,11.17080170000554,11.17080170000554,Monica,False,7,True,True,False,all adaptation levels,,,,,,,,,
samples/12 node/12_nodes_S00003/no_caption/non_adapted.png,12.0,1.0,non_adapted,How many CYBER OBSERVABLE nodes are in the graph?,4.0,How many CYBER OBSERVABLE nodes are in the graph?,0.0,29.0,29.0,24.0,1317.5688676999998,,,,,,,,,1317.5521464999983,1317.5688676999998,1317.5688676999998,1332.566008999995,1332.5660453999951,1332.5826336999962,1333.5655102999954,1333.5655671999994,1333.6629831999962,1333.6629831999962,1351.5619869999937,4.0,1346.003231499999,0.1684210999956121,1351.5644307999974,1351.5786324999935,1351.5786324999935,1355.564983099997,1355.565008899997,1355.5650542999938,,,,,sphynx_11,1,2026-07-03_11h26.17.372,Practice Trials - SYMBIOTIK graphs_2023,2024.1.0,,2026-07-03 11h26.25.258290 +0200,,sphynx_11_Practice Trials - SYMBIOTIK graphs_2023_2026-07-03_11h26.17.372.csv,12,1,non_adapted,,4,True,12.340248300002713,12.340248300002713,Monica,False,4,True,True,False,all adaptation levels,,,,,,,,,
samples/12 node/12_nodes_S00006/no_caption/non_adapted.png,12.0,1.0,non_adapted,How many nodes have TLP:GREEN?,1.0,How many nodes have TLP:GREEN?,0.0,30.0,30.0,25.0,1355.5855090999976,,,,,,,,,1355.5655442999996,1355.5855090999976,1355.5855090999976,1370.579466299998,1370.5794819999935,1370.5944488999958,1371.5788321999937,1371.578899799999,1371.6779163999963,1371.6779163999963,1389.5807148999957,1.0,1381.8429825999992,0.1680914999960805,1389.5834518999982,1389.592928399994,1389.592928399994,1393.5796788000007,1393.579693199994,1393.5797128999984,,,,,sphynx_11,1,2026-07-03_11h26.17.372,Practice Trials - SYMBIOTIK graphs_2023,2024.1.0,,2026-07-03 11h26.25.258290 +0200,,sphynx_11_Practice Trials - SYMBIOTIK graphs_2023_2026-07-03_11h26.17.372.csv,12,1,non_adapted,,1,True,10.165066200002912,10.165066200002912,Monica,False,1,True,True,False,all adaptation levels,,,,,,,,,
samples/12 node/12_nodes_S00087/no_caption/fully_adapted.png,12.0,2.0,fully_adapted,Count the number of MALWARE nodes connected with at least 1 high confidence edge ( confidence 7-10).,3.0,Count the number of MALWARE nodes connected with at least 1 high confidence edge ( confidence 7-10).,0.0,31.0,31.0,36.0,1393.5961597999994,,,,,,,,,1393.5799558,1393.5961597999994,1393.5961597999994,1408.5920862999992,1408.5920998999936,1408.6082857,1409.5933115999942,1409.593363699998,1409.6784205999938,1409.6784205999938,1427.590669899997,2.0,1422.579348799998,0.151986199998646,1427.5945565000002,1427.607278299998,1427.607278299998,1431.5946874,1431.594700499998,1431.594719099994,,,,,sphynx_11,1,2026-07-03_11h26.17.372,Practice Trials - SYMBIOTIK graphs_2023,2024.1.0,,2026-07-03 11h26.25.258290 +0200,,sphynx_11_Practice Trials - SYMBIOTIK graphs_2023_2026-07-03_11h26.17.372.csv,12,2,fully_adapted,,2,True,12.900928200004046,12.900928200004046,Monica,False,3,True,False,False,all adaptation levels,,,,,,,,,
samples/6 node/6_nodes_S00014/no_caption/non_adapted.png,6.0,1.0,non_adapted,How many low confidence (confidence 1-3) edges exist in the graph?,,How many low confidence (confidence 1-3) edges exist in the graph?,0.0,32.0,32.0,3.0,1431.613499200001,,,,,,,,,1431.5949608999945,1431.613499200001,1431.613499200001,1446.609325599995,1446.6093411999973,1446.6233915999985,1447.6099281999996,1447.6099703,1447.701443399994,1447.701443399994,1465.6065155999968,3.0,1453.523453499998,0.1675997999991523,1465.6101514999973,1465.6218530999977,1465.6218530999977,1469.6095812999993,1469.6096111000006,1469.6096608000007,,,,,sphynx_11,1,2026-07-03_11h26.17.372,Practice Trials - SYMBIOTIK graphs_2023,2024.1.0,,2026-07-03 11h26.25.258290 +0200,,sphynx_11_Practice Trials - SYMBIOTIK graphs_2023_2026-07-03_11h26.17.372.csv,6,1,non_adapted,,3,True,5.8220101000038085,5.8220101000038085,Monica,False,3,True,True,False,all adaptation levels,,,,,,,,,
samples/6 node/6_nodes_S00065/no_caption/fully_adapted.png,6.0,1.0,fully_adapted,How many CYBER OBSERVABLE nodes are in the graph?,2.0,How many CYBER OBSERVABLE nodes are in the graph?,0.0,33.0,33.0,8.0,1469.6365153000006,,,,,,,,,1469.6103357999964,1469.6365153000006,1469.6365153000006,1484.6215467999937,1484.6215729999967,1484.6380149999968,1485.6222759999946,1485.6223157999991,1485.7195944999985,1485.7195944999985,1503.6204007999986,2.0,1490.3465612999937,0.1526399000067613,1503.624369199999,1503.636893799994,1503.636893799994,1507.6237328999996,1507.6237601999965,1507.6238081999982,,,,,sphynx_11,1,2026-07-03_11h26.17.372,Practice Trials - SYMBIOTIK graphs_2023,2024.1.0,,2026-07-03 11h26.25.258290 +0200,,sphynx_11_Practice Trials - SYMBIOTIK graphs_2023_2026-07-03_11h26.17.372.csv,6,1,fully_adapted,,2,True,4.626966799995216,4.626966799995216,Monica,False,2,True,True,False,all adaptation levels,,,,,,,,,
samples/12 node/12_nodes_S00096/no_caption/fully_adapted.png,12.0,2.0,fully_adapted,Count the number of ATTACK PATTERN nodes connected with at least 1 low confidence edge? (confidence of 1-3).,,Count the number of ATTACK PATTERN nodes connected with at least 1 low confidence edge? (confidence of 1-3).,0.0,34.0,34.0,39.0,1507.6546552,,,,,,,,,1507.6243326999977,1507.6546552,1507.6546552,1522.6362343999936,1522.6362479999952,1522.6527457999982,1523.6366788999949,1523.6367211999968,1523.7370907000004,1523.7370907000004,1541.634784199996,2.0,1534.082667799994,0.1605428000038955,1541.6378691999998,1541.652125499997,1541.652125499997,1545.637652499994,1545.6376669999954,1545.637687399998,,,,,sphynx_11,1,2026-07-03_11h26.17.372,Practice Trials - SYMBIOTIK graphs_2023,2024.1.0,,2026-07-03 11h26.25.258290 +0200,,sphynx_11_Practice Trials - SYMBIOTIK graphs_2023_2026-07-03_11h26.17.372.csv,12,2,fully_adapted,,2,True,10.345577099993534,10.345577099993534,Monica,False,4,True,False,False,all adaptation levels,,,,,,,,,
samples/6 node/6_nodes_S00140/no_caption/nodes_color_type.png,6.0,2.0,color_nodes,Count the number of nodes with TLP:RED connected to at least 1 node with high connection count (node size 7-10).,0.0,Count the number of nodes with TLP:RED connected to at least 1 node with high connection count (node size 7-10).,0.0,35.0,35.0,21.0,1545.6546782000005,,,,,,,,,1545.637938799999,1545.6546782000005,1545.6546782000005,1560.652978799997,1560.6530146000005,1560.669148999994,1561.6536348999944,1561.653676599999,1561.7546827999977,1561.7546827999977,1579.650084199995,0.0,1569.0671086999937,0.1833851000046706,1579.6533997000006,1579.6664027000006,1579.6664027000006,1583.6530125999998,1583.6530257999984,1583.653043899998,,,,,sphynx_11,1,2026-07-03_11h26.17.372,Practice Trials - SYMBIOTIK graphs_2023,2024.1.0,,2026-07-03 11h26.25.258290 +0200,,sphynx_11_Practice Trials - SYMBIOTIK graphs_2023_2026-07-03_11h26.17.372.csv,6,2,semi_adapted,color_nodes,0,True,7.312425899996015,7.312425899996015,Monica,False,0,True,True,False,all adaptation levels,,,,,,,,,
samples/6 node/6_nodes_S00005/no_caption/non_adapted.png,6.0,1.0,non_adapted,How many nodes have TLP:GREEN?,3.0,How many nodes have TLP:GREEN?,0.0,36.0,36.0,1.0,1583.6702361999996,,,,,,,,,1583.6532819999993,1583.6702361999996,1583.6702361999996,1598.6651264999964,1598.6651402999996,1598.6842462999994,1599.6666106999985,1599.6666879999975,1599.7872640999994,1599.7872640999994,1617.664858199998,3.0,1605.756343999994,0.1349754000038956,1617.6683956999989,1617.6806512999974,1617.6806512999974,1621.6681162999955,1621.6681511999996,1621.6682140999983,,,,,sphynx_11,1,2026-07-03_11h26.17.372,Practice Trials - SYMBIOTIK graphs_2023,2024.1.0,,2026-07-03 11h26.25.258290 +0200,,sphynx_11_Practice Trials - SYMBIOTIK graphs_2023_2026-07-03_11h26.17.372.csv,6,1,non_adapted,,3,True,5.96907989999454,5.96907989999454,Monica,False,3,True,True,False,all adaptation levels,,,,,,,,,
samples/6 node/6_nodes_S00125/no_caption/nodes_shape_tlp.png,6.0,1.0,shape_nodes,How many CYBER OBSERVABLE nodes are in the graph?,2.0,How many CYBER OBSERVABLE nodes are in the graph?,0.0,37.0,37.0,16.0,1621.6897533999943,,,,,,,,,1621.6688616999963,1621.6897533999943,1621.6897533999943,1636.6801505999974,1636.6801882,1636.6975718999963,1637.6808639999945,1637.6809346999944,1637.7870210999972,1637.7870210999972,1655.678930800001,2.0,1650.8916890999972,0.1747527999978047,1655.682816099994,1655.695586199996,1655.695586199996,1659.682693099996,1659.6827092999956,1659.6827329999942,,,,,sphynx_11,1,2026-07-03_11h26.17.372,Practice Trials - SYMBIOTIK graphs_2023,2024.1.0,,2026-07-03 11h26.25.258290 +0200,,sphynx_11_Practice Trials - SYMBIOTIK graphs_2023_2026-07-03_11h26.17.372.csv,6,1,semi_adapted,shape_nodes,2,True,13.104667999999947,13.104667999999947,Monica,False,2,True,True,False,all adaptation levels,,,,,,,,,
samples/12 node/12_nodes_S00150/no_caption/nodes_color_type.png,12.0,2.0,color_nodes,Count the number of nodes with TLP:RED connected to at least 1 node with high connection count (node size 7-10).,6.0,Count the number of nodes with TLP:RED connected to at least 1 node with high connection count (node size 7-10).,0.0,38.0,38.0,45.0,1659.7008519999945,,,,,,,,,1659.6830518999996,1659.7008519999945,1659.7008519999945,1674.6966901999986,1674.6967201999942,1674.7118111999953,1675.6972225999998,1675.697262099995,1675.7980759999991,1675.7980759999991,1693.6934112999952,4.0,1693.6185406000004,,1693.695960699995,1693.7098033999937,1693.7098033999937,1697.6969160999945,1697.6969287999964,1697.696947299999,,,,,sphynx_11,1,2026-07-03_11h26.17.372,Practice Trials - SYMBIOTIK graphs_2023,2024.1.0,,2026-07-03 11h26.25.258290 +0200,,sphynx_11_Practice Trials - SYMBIOTIK graphs_2023_2026-07-03_11h26.17.372.csv,12,2,semi_adapted,color_nodes,4,True,17.820464600001287,17.820464600001287,Monica,False,6,True,False,False,all adaptation levels,,,,,,,,,
samples/6 node/6_nodes_S00083/no_caption/fully_adapted.png,6.0,2.0,fully_adapted,Count the number of MALWARE nodes with high connection counts (node size 7-10),,Count the number of MALWARE nodes with high connection counts (node size 7-10),0.0,39.0,39.0,14.0,1697.7133561999945,,,,,,,,,1697.6971874999945,1697.7133561999945,1697.7133561999945,1712.7128501999978,1712.7128797999976,1712.726802499994,1713.7130944999951,1713.7131717999946,1713.8080697999976,1713.8080697999976,1731.7085623999956,3.0,1721.7707345999952,0.169417400000384,1731.711565999998,1731.7252002999958,1731.7252002999958,1735.711558899995,1735.7115724999967,1735.7115912999943,,,,,sphynx_11,1,2026-07-03_11h26.17.372,Practice Trials - SYMBIOTIK graphs_2023,2024.1.0,,2026-07-03 11h26.25.258290 +0200,,sphynx_11_Practice Trials - SYMBIOTIK graphs_2023_2026-07-03_11h26.17.372.csv,6,2,fully_adapted,,3,True,7.962664799997583,7.962664799997583,Monica,False,1,True,False,False,all adaptation levels,,,,,,,,,
samples/6 node/6_nodes_S00017/no_caption/non_adapted.png,6.0,2.0,non_adapted,Count the number of MALWARE nodes connected with at least 1 high confidence edge ( confidence 7-10).,1.0,Count the number of MALWARE nodes connected with at least 1 high confidence edge ( confidence 7-10).,0.0,40.0,40.0,4.0,1735.743300999995,,,,,,,,,1735.7118484999955,1735.743300999995,1735.743300999995,1750.7246648999935,1750.7246870999952,1750.7431171999997,1751.7278885999986,1751.727931399997,1751.8093841999944,1751.8093841999944,1769.7236544999978,1.0,1761.1703316999992,0.152096599995275,1769.7271884999936,1769.7390697999945,1769.7390697999945,1773.7258250999948,1773.7258383999942,1773.7258578999972,,,,,sphynx_11,1,2026-07-03_11h26.17.372,Practice Trials - SYMBIOTIK graphs_2023,2024.1.0,,2026-07-03 11h26.25.258290 +0200,,sphynx_11_Practice Trials - SYMBIOTIK graphs_2023_2026-07-03_11h26.17.372.csv,6,2,non_adapted,,1,True,9.36094750000484,9.36094750000484,Monica,False,1,True,True,False,all adaptation levels,,,,,,,,,
samples/6 node/6_nodes_S00020/no_caption/non_adapted.png,6.0,2.0,non_adapted,Count the number of nodes with TLP:RED connected to at least 1 node with high connection count (node size 7-10).,2.0,Count the number of nodes with TLP:RED connected to at least 1 node with high connection count (node size 7-10).,0.0,41.0,41.0,5.0,1773.7423836999951,,,,,,,,,1773.726103299996,1773.7423836999951,1773.7423836999951,1788.7379110999973,1788.7379243999967,1788.7539016999945,1789.7386734999964,1789.738721499998,1789.8223303999985,1789.8223303999985,1807.7367133000007,2.0,1802.0921819,0.1348743999988073,1807.7446887999977,1807.7534387999983,1807.7534387999983,1811.7399609999995,1811.7399770999984,1811.7399974,,,,,sphynx_11,1,2026-07-03_11h26.17.372,Practice Trials - SYMBIOTIK graphs_2023,2024.1.0,,2026-07-03 11h26.25.258290 +0200,,sphynx_11_Practice Trials - SYMBIOTIK graphs_2023_2026-07-03_11h26.17.372.csv,6,2,non_adapted,,2,True,12.26985150000155,12.26985150000155,Monica,False,2,True,True,False,all adaptation levels,,,,,,,,,
samples/6 node/6_nodes_S00086/no_caption/fully_adapted.png,6.0,2.0,fully_adapted,Count the number of ATTACK PATTERN nodes connected with at least 1 low confidence edge? (confidence of 1-3).,,Count the number of ATTACK PATTERN nodes connected with at least 1 low confidence edge? (confidence of 1-3).,0.0,42.0,42.0,15.0,1811.757260499995,,,,,,,,,1811.7402571999992,1811.757260499995,1811.757260499995,1826.7536512000008,1826.7536848999955,1826.7701372999943,1827.7537092999992,1827.753746399998,1827.8610600999964,1827.8610600999964,1845.7525941999995,0.0,1837.0828493999943,0.151608700005454,1845.7554693999991,1845.7687861999948,1845.7687861999948,1849.7558414999949,1849.755857899996,1849.755877699994,,,,,sphynx_11,1,2026-07-03_11h26.17.372,Practice Trials - SYMBIOTIK graphs_2023,2024.1.0,,2026-07-03 11h26.25.258290 +0200,,sphynx_11_Practice Trials - SYMBIOTIK graphs_2023_2026-07-03_11h26.17.372.csv,6,2,fully_adapted,,0,True,9.221789299997909,9.221789299997909,Monica,False,0,True,True,False,all adaptation levels,,,,,,,,,
samples/6 node/6_nodes_S00071/no_caption/fully_adapted.png,6.0,1.0,fully_adapted,Count the number of nodes with high connection counts (node size 7-10),,Count the number of nodes with high connection counts (node size 7-10),0.0,43.0,43.0,10.0,1849.780119199997,,,,,,,,,1849.7562757999983,1849.780119199997,1849.780119199997,1864.767766999997,1864.767800099995,1864.784479199996,1865.7723222999996,1865.772405699994,1865.857656499997,1865.857656499997,1883.7678893999985,1.0,1873.234408599994,0.1447448000035365,1883.771404499996,1883.783228399996,1883.783228399996,1887.7702761999967,1887.7703029999973,1887.7703538999997,,,,,sphynx_11,1,2026-07-03_11h26.17.372,Practice Trials - SYMBIOTIK graphs_2023,2024.1.0,,2026-07-03 11h26.25.258290 +0200,,sphynx_11_Practice Trials - SYMBIOTIK graphs_2023_2026-07-03_11h26.17.372.csv,6,1,fully_adapted,,1,True,7.37675209999702,7.37675209999702,Monica,False,1,True,True,False,all adaptation levels,,,,,,,,,
samples/6 node/6_nodes_S00002/no_caption/non_adapted.png,6.0,1.0,non_adapted,How many CYBER OBSERVABLE nodes are in the graph?,5.0,How many CYBER OBSERVABLE nodes are in the graph?,0.0,44.0,44.0,0.0,1887.8006491999984,,,,,,,,,1887.7709686999951,1887.8006491999984,1887.8006491999984,1902.7826213999945,1902.782639099998,1902.7991488999976,1903.7836863999985,1903.7837523999988,1903.8722108999937,1903.8722108999937,1921.7819438000008,5.0,1912.2278787999967,0.1106128000028547,1921.7860321999976,1921.798423799999,1921.798423799999,1925.7858767,1925.7858898999984,1925.7859080999988,,,,,sphynx_11,1,2026-07-03_11h26.17.372,Practice Trials - SYMBIOTIK graphs_2023,2024.1.0,,2026-07-03 11h26.25.258290 +0200,,sphynx_11_Practice Trials - SYMBIOTIK graphs_2023_2026-07-03_11h26.17.372.csv,6,1,non_adapted,,5,True,8.355667900003027,8.355667900003027,Monica,False,5,True,True,False,all adaptation levels,,,,,,,,,
samples/12 node/12_nodes_S00090/no_caption/fully_adapted.png,12.0,2.0,fully_adapted,Count the number of nodes with TLP:RED connected to at least 1 node with high connection count (node size 7-10).,1.0,Count the number of nodes with TLP:RED connected to at least 1 node with high connection count (node size 7-10).,0.0,45.0,45.0,37.0,1925.8027594999949,,,,,,,,,1925.786155899994,1925.8027594999949,1925.8027594999949,1940.7974405999996,1940.7974726999964,1940.814160599999,1941.7986571,1941.7986932999995,1941.883238399998,1941.883238399998,1959.7968979,,,,1959.7997091,1959.8123431999995,1959.8123431999995,1963.8000956999967,1963.8001096999944,1963.8001277000003,,,,,sphynx_11,1,2026-07-03_11h26.17.372,Practice Trials - SYMBIOTIK graphs_2023,2024.1.0,,2026-07-03 11h26.25.258290 +0200,,sphynx_11_Practice Trials - SYMBIOTIK graphs_2023_2026-07-03_11h26.17.372.csv,12,2,fully_adapted,,,False,,,Monica,False,1,True,False,False,all adaptation levels,,,,,,,,,
samples/12 node/12_nodes_S00153/no_caption/nodes_size_value.png,12.0,2.0,size_nodes,Count the number of MALWARE nodes with high connection counts (node size 7-10),,Count the number of MALWARE nodes with high connection counts (node size 7-10),0.0,46.0,46.0,46.0,1963.8166676999967,,,,,,,,,1963.800378399996,1963.8166676999967,1963.8166676999967,1978.8113811999935,1978.8114007999973,1978.8304117000007,1979.8141082999937,1979.814162499999,1979.9003106999955,1979.9003106999955,1997.810897299998,2.0,1997.4501542,0.216377899996587,1997.8153035,1997.8276799999949,1997.8276799999949,2001.8145764999936,2001.814611099995,2001.8146726999985,,,,,sphynx_11,1,2026-07-03_11h26.17.372,Practice Trials - SYMBIOTIK graphs_2023,2024.1.0,,2026-07-03 11h26.25.258290 +0200,,sphynx_11_Practice Trials - SYMBIOTIK graphs_2023_2026-07-03_11h26.17.372.csv,12,2,semi_adapted,size_nodes,2,True,17.5498435000045,17.5498435000045,Monica,False,1,True,False,False,all adaptation levels,,,,,,,,,
samples/12 node/12_nodes_S00135/no_caption/nodes_shape_tlp.png,12.0,1.0,shape_nodes,How many CYBER OBSERVABLE nodes are in the graph?,4.0,How many CYBER OBSERVABLE nodes are in the graph?,0.0,47.0,47.0,40.0,2001.8415585999971,,,,,,,,,2001.8154058,2001.8415585999971,2001.8415585999971,2016.828130899994,2016.8281446999968,2016.8427701999967,2017.8303724,2017.8304247999984,2017.9313856999945,2017.9313856999945,2035.8261050999936,4.0,2027.3539348999984,0.1604615999967791,2035.8292287000004,2035.8423712999936,2035.8423712999936,2039.8295698,2039.8296042,2039.8296664999943,,,,,sphynx_11,1,2026-07-03_11h26.17.372,Practice Trials - SYMBIOTIK graphs_2023,2024.1.0,,2026-07-03 11h26.25.258290 +0200,,sphynx_11_Practice Trials - SYMBIOTIK graphs_2023_2026-07-03_11h26.17.372.csv,12,1,semi_adapted,shape_nodes,4,True,9.422549200003914,9.422549200003914,Monica,False,4,True,True,False,all adaptation levels,,,,,,,,,
samples/6 node/6_nodes_S00023/no_caption/non_adapted.png,6.0,2.0,non_adapted,Count the number of MALWARE nodes with high connection counts (node size 7-10),,Count the number of MALWARE nodes with high connection counts (node size 7-10),0.0,0.0,0.0,6.0,60.952364299912006,,,,,,,,,60.91406909993384,60.952364299912006,60.952364299912006,75.92046009993646,75.92047589994036,75.9340886999853,76.91928899998311,76.91932709992398,77.00745449995156,77.00745449995156,94.92111130000558,0,85.46978149993811,0.144203900010325,94.92388289992232,94.9612614000216,94.9612614000216,98.92337169998792,98.9233861999819,98.92340719990898,,,,,sphynx_8,1,2026-06-25_19h10.23.194,Practice Trials - SYMBIOTIK graphs_2023,2024.1.0,,2026-06-25 19h10.32.268296 +0200,,sphynx_8_Practice Trials - SYMBIOTIK graphs_2023_2026-06-25_19h10.23.194.csv,6,2,non_adapted,,0,True,8.462326999986544,8.462326999986544,Nikolaos,False,0,True,True,False,all adaptation levels,,,,,,,,,
samples/12 node/12_nodes_S00018/no_caption/non_adapted.png,12.0,2.0,non_adapted,Count the number of nodes with TLP:RED connected to at least 1 node with high connection count (node size 7-10).,3.0,Count the number of nodes with TLP:RED connected to at least 1 node with high connection count (node size 7-10).,0.0,1.0,1.0,29.0,98.9648281999398,,,,,,,,,98.92365419992711,98.9648281999398,98.9648281999398,113.93311179999728,113.93312579998748,113.95078009995632,114.93331220000982,114.9333538999781,115.01995029998945,115.01995029998945,132.9317519000033,2,130.17364379996434,0.160056099994108,132.93470129999332,132.95026830001734,132.95026830001734,136.9355615999084,136.93557580001652,136.93559479992837,,,,,sphynx_8,1,2026-06-25_19h10.23.194,Practice Trials - SYMBIOTIK graphs_2023,2024.1.0,,2026-06-25 19h10.32.268296 +0200,,sphynx_8_Practice Trials - SYMBIOTIK graphs_2023_2026-06-25_19h10.23.194.csv,12,2,non_adapted,,2,True,15.153693499974892,15.153693499974892,Nikolaos,False,3,True,False,False,all adaptation levels,,,,,,,,,
samples/12 node/12_nodes_S00147/no_caption/nodes_shape_tlp.png,12.0,2.0,shape_nodes,Count the number of MALWARE nodes connected with at least 1 high confidence edge ( confidence 7-10).,2.0,Count the number of MALWARE nodes connected with at least 1 high confidence edge ( confidence 7-10).,0.0,2.0,2.0,44.0,136.95152479992248,,,,,,,,,136.93584189994726,136.95152479992248,136.95152479992248,151.94769369997084,151.94770809996407,151.9640788999386,152.9496592999203,152.9496999999974,153.02939199993853,153.02939199993853,170.94575999991503,2,169.63938479998615,0.1747487999964505,170.94810609996784,170.9627143999096,170.9627143999096,174.94966509996448,174.9496789999539,174.94969699997455,,,,,sphynx_8,1,2026-06-25_19h10.23.194,Practice Trials - SYMBIOTIK graphs_2023,2024.1.0,,2026-06-25 19h10.32.268296 +0200,,sphynx_8_Practice Trials - SYMBIOTIK graphs_2023_2026-06-25_19h10.23.194.csv,12,2,semi_adapted,shape_nodes,2,True,16.60999280004762,16.60999280004762,Nikolaos,False,2,True,True,False,all adaptation levels,,,,,,,,,
samples/6 node/6_nodes_S00068/no_caption/fully_adapted.png,6.0,1.0,fully_adapted,How many nodes have TLP:GREEN?,5.0,How many nodes have TLP:GREEN?,0.0,3.0,3.0,9.0,174.96890899993014,,,,,,,,,174.94993869995233,174.96890899993014,174.96890899993014,189.96197009994648,189.9619834999321,189.9790309999371,190.96226619998924,190.9623068999499,191.0414243999403,191.0414243999403,208.94977800000925,5,197.62285559996965,0.2322475999826565,208.95229559997097,208.971080099931,208.971080099931,212.96374479995572,212.96376009995583,212.96377869998105,,,,,sphynx_8,1,2026-06-25_19h10.23.194,Practice Trials - SYMBIOTIK graphs_2023,2024.1.0,,2026-06-25 19h10.32.268296 +0200,,sphynx_8_Practice Trials - SYMBIOTIK graphs_2023_2026-06-25_19h10.23.194.csv,6,1,fully_adapted,,5,True,6.581431200029357,6.581431200029357,Nikolaos,False,5,True,True,False,all adaptation levels,,,,,,,,,
samples/6 node/6_nodes_S00143/no_caption/nodes_size_value.png,6.0,2.0,size_nodes,Count the number of MALWARE nodes with high connection counts (node size 7-10),,Count the number of MALWARE nodes with high connection counts (node size 7-10),0.0,4.0,4.0,22.0,212.980215699994,,,,,,,,,212.9640144999139,212.980215699994,212.980215699994,227.96457559999544,227.9645936000161,227.97643299994525,228.96091739996336,228.96095340000463,229.04580019996504,229.04580019996504,246.97944019990973,2,245.3898699999554,0.2238528999732807,246.9827727000229,247.00663119996895,247.00663119996895,250.9643394999439,250.9643541999394,250.96437289996535,,,,,sphynx_8,1,2026-06-25_19h10.23.194,Practice Trials - SYMBIOTIK graphs_2023,2024.1.0,,2026-06-25 19h10.32.268296 +0200,,sphynx_8_Practice Trials - SYMBIOTIK graphs_2023_2026-06-25_19h10.23.194.csv,6,2,semi_adapted,size_nodes,2,True,16.344069799990365,16.344069799990365,Nikolaos,False,2,True,True,False,all adaptation levels,,,229.04580019996504,,,,,,
samples/6 node/6_nodes_S00077/no_caption/fully_adapted.png,6.0,2.0,fully_adapted,Count the number of MALWARE nodes connected with at least 1 high confidence edge ( confidence 7-10).,0.0,Count the number of MALWARE nodes connected with at least 1 high confidence edge ( confidence 7-10).,0.0,5.0,5.0,12.0,250.9804094999563,,,,,,,,,250.9646441999357,250.9804094999563,250.9804094999563,265.97429489996284,265.97431019996293,265.9926436999813,266.9761470999801,266.9761994999135,267.0589747999329,267.0589747999329,284.9740171999438,1,271.8942227999214,0.2323811000678688,284.9765785000054,284.98974759993143,284.98974759993143,288.9762458999176,288.97626069991384,288.9762798999436,,,,,sphynx_8,1,2026-06-25_19h10.23.194,Practice Trials - SYMBIOTIK graphs_2023,2024.1.0,,2026-06-25 19h10.32.268296 +0200,,sphynx_8_Practice Trials - SYMBIOTIK graphs_2023_2026-06-25_19h10.23.194.csv,6,2,fully_adapted,,1,True,4.835247999988496,4.835247999988496,Nikolaos,False,0,True,False,False,all adaptation levels,,,,,,,,,
samples/12 node/12_nodes_S00027/no_caption/non_adapted.png,12.0,2.0,non_adapted,Count the number of ATTACK PATTERN nodes connected with at least 1 low confidence edge? (confidence of 1-3).,,Count the number of ATTACK PATTERN nodes connected with at least 1 low confidence edge? (confidence of 1-3).,0.0,6.0,6.0,31.0,289.0033396999352,,,,,,,,,288.97656779992394,289.0033396999352,289.0033396999352,303.9900358999148,303.9900497000199,304.0053281999426,304.9906787999207,304.9907188999932,305.0724510999862,305.0724510999862,322.98964429995976,,,,322.992422399926,323.0062174999621,323.0062174999621,326.9775499999523,326.9775657999562,326.9775854999898,,,,,sphynx_8,1,2026-06-25_19h10.23.194,Practice Trials - SYMBIOTIK graphs_2023,2024.1.0,,2026-06-25 19h10.32.268296 +0200,,sphynx_8_Practice Trials - SYMBIOTIK graphs_2023_2026-06-25_19h10.23.194.csv,12,2,non_adapted,,,False,,,Nikolaos,False,5,True,False,False,all adaptation levels,,,,,,,,,
samples/6 node/6_nodes_S00131/no_caption/nodes_size_value.png,6.0,1.0,size_nodes,Count the number of nodes with high connection counts (node size 7-10),,Count the number of nodes with high connection counts (node size 7-10),0.0,7.0,7.0,18.0,326.9916888999287,,,,,,,,,326.9778902999824,326.9916888999287,326.9916888999287,341.98692229995504,341.9869389999658,342.00481349998154,342.9894641999854,342.9895152999088,343.0725030999165,343.0725030999165,360.9927657999797,2,349.3336679999484,0.2571633000625297,360.9956351999426,361.0100251999684,361.0100251999684,364.9967296000104,364.9967455000151,364.9967640999239,,,,,sphynx_8,1,2026-06-25_19h10.23.194,Practice Trials - SYMBIOTIK graphs_2023,2024.1.0,,2026-06-25 19h10.32.268296 +0200,,sphynx_8_Practice Trials - SYMBIOTIK graphs_2023_2026-06-25_19h10.23.194.csv,6,1,semi_adapted,size_nodes,2,True,6.261164900031872,6.261164900031872,Nikolaos,False,3,True,False,False,all adaptation levels,,,,,,,,,
samples/12 node/12_nodes_S00072/no_caption/fully_adapted.png,12.0,1.0,fully_adapted,How many CYBER OBSERVABLE nodes are in the graph?,3.0,How many CYBER OBSERVABLE nodes are in the graph?,0.0,8.0,8.0,32.0,365.01883459999226,,,,,,,,,364.9970284999581,365.01883459999226,365.01883459999226,380.0079783999827,380.0079947999912,380.0186803999823,381.00212239997927,381.002160999924,381.08233789994847,381.08233789994847,399.0019261999987,3,387.9656429999741,0.2402301999973133,399.0071389999939,399.02067569992505,399.02067569992505,403.0059751999797,403.0059919999912,403.0060115000233,,,,,sphynx_8,1,2026-06-25_19h10.23.194,Practice Trials - SYMBIOTIK graphs_2023,2024.1.0,,2026-06-25 19h10.32.268296 +0200,,sphynx_8_Practice Trials - SYMBIOTIK graphs_2023_2026-06-25_19h10.23.194.csv,12,1,fully_adapted,,3,True,6.883305100025609,6.883305100025609,Nikolaos,False,3,True,True,False,all adaptation levels,,,,,,,,,
samples/6 node/6_nodes_S00128/no_caption/nodes_color_type.png,6.0,1.0,color_nodes,How many nodes have TLP:GREEN?,1.0,How many nodes have TLP:GREEN?,0.0,9.0,9.0,17.0,403.0224004000193,,,,,,,,,403.0063197999261,403.0224004000193,403.0224004000193,418.0161896999925,418.0162055999972,418.0337531999685,419.0185638999101,419.0186263999203,419.1036120000063,419.1036120000063,437.01536229997873,1,427.2054900999647,0.1446610999992117,437.0181943000061,437.0316784000024,437.0316784000024,441.0184105000226,441.0184294999344,441.0184542000061,,,,,sphynx_8,1,2026-06-25_19h10.23.194,Practice Trials - SYMBIOTIK graphs_2023,2024.1.0,,2026-06-25 19h10.32.268296 +0200,,sphynx_8_Practice Trials - SYMBIOTIK graphs_2023_2026-06-25_19h10.23.194.csv,6,1,semi_adapted,color_nodes,1,True,8.101878099958412,8.101878099958412,Nikolaos,False,1,True,True,False,all adaptation levels,,,,,,,,,
samples/6 node/6_nodes_S00008/no_caption/non_adapted.png,6.0,1.0,non_adapted,Count the number of nodes with high connection counts (node size 7-10),,Count the number of nodes with high connection counts (node size 7-10),0.0,10.0,10.0,2.0,441.0353035000153,,,,,,,,,441.0187169999117,441.0353035000153,441.0353035000153,456.03416309994645,456.03417789994273,456.048830899992,457.031970400014,457.0320090999594,457.1190722999163,457.1190722999163,475.0314017999917,1,472.0133872999577,0.1609821000602096,475.0340148999821,475.0477267999668,475.0477267999668,479.03341769997496,479.0334323999705,479.03345109999646,,,,,sphynx_8,1,2026-06-25_19h10.23.194,Practice Trials - SYMBIOTIK graphs_2023,2024.1.0,,2026-06-25 19h10.32.268296 +0200,,sphynx_8_Practice Trials - SYMBIOTIK graphs_2023_2026-06-25_19h10.23.194.csv,6,1,non_adapted,,1,True,14.894315000041388,14.894315000041388,Nikolaos,False,2,True,False,False,all adaptation levels,,,,,,,,,
samples/12 node/12_nodes_S00012/no_caption/non_adapted.png,12.0,1.0,non_adapted,How many low confidence (confidence 1-3) edges exist in the graph?,,How many low confidence (confidence 1-3) edges exist in the graph?,0.0,11.0,11.0,27.0,479.0528029999696,,,,,,,,,479.0336864999263,479.0528029999696,479.0528029999696,494.045429199934,494.0454423999181,494.0628956999863,495.04718839994166,495.04722539999057,495.1289650999242,495.1289650999242,513.0455934000202,7,502.9819308000151,0.1436861999100074,513.0483323999215,513.0618735000025,513.0618735000025,517.0344096999615,517.0344254999654,517.0344441999914,,,,,sphynx_8,1,2026-06-25_19h10.23.194,Practice Trials - SYMBIOTIK graphs_2023,2024.1.0,,2026-06-25 19h10.32.268296 +0200,,sphynx_8_Practice Trials - SYMBIOTIK graphs_2023_2026-06-25_19h10.23.194.csv,12,1,non_adapted,,7,True,7.85296570009092,7.85296570009092,Nikolaos,False,8,True,False,False,all adaptation levels,,,,,,,,,
samples/6 node/6_nodes_S00146/no_caption/edge_width_connection_number.png,6.0,2.0,edge_width,Count the number of ATTACK PATTERN nodes connected with at least 1 low confidence edge? (confidence of 1-3).,,Count the number of ATTACK PATTERN nodes connected with at least 1 low confidence edge? (confidence of 1-3).,0.0,12.0,12.0,23.0,517.0506612999598,,,,,,,,,517.0347738999408,517.0506612999598,517.0506612999598,532.0475571999559,532.0475734999636,532.0619275999488,533.0457352999365,533.0457828999497,533.1295915999217,533.1295915999217,551.0429456999991,2,549.4619300999912,0.2882115999236703,551.0452694999985,551.059167600004,551.059167600004,555.0468721999787,555.0468853999628,555.046904399991,,,,,sphynx_8,1,2026-06-25_19h10.23.194,Practice Trials - SYMBIOTIK graphs_2023,2024.1.0,,2026-06-25 19h10.32.268296 +0200,,sphynx_8_Practice Trials - SYMBIOTIK graphs_2023_2026-06-25_19h10.23.194.csv,6,2,semi_adapted,edge_width,2,True,16.332338500069454,16.332338500069454,Nikolaos,False,2,True,True,False,all adaptation levels,,,,,,,,,
samples/12 node/12_nodes_S00138/no_caption/nodes_color_type.png,12.0,1.0,color_nodes,How many nodes have TLP:GREEN?,4.0,How many nodes have TLP:GREEN?,0.0,13.0,13.0,41.0,555.0620093999896,,,,,,,,,555.047138499911,555.0620093999896,555.0620093999896,570.0615698000183,570.0615842000116,570.0750838000095,571.0602385000093,571.0602801999776,571.1461601000046,571.1461601000046,589.0573793000076,4,575.2465157000115,0.1913440999342128,589.060890099965,589.0736346999183,589.0736346999183,593.0604304999579,593.0604455999564,593.0604650999885,,,,,sphynx_8,1,2026-06-25_19h10.23.194,Practice Trials - SYMBIOTIK graphs_2023,2024.1.0,,2026-06-25 19h10.32.268296 +0200,,sphynx_8_Practice Trials - SYMBIOTIK graphs_2023_2026-06-25_19h10.23.194.csv,12,1,semi_adapted,color_nodes,4,True,4.100355600006878,4.100355600006878,Nikolaos,False,4,True,True,False,all adaptation levels,,,,,,,,,
samples/12 node/12_nodes_S00084/no_caption/fully_adapted.png,12.0,1.0,fully_adapted,How many low confidence (confidence 1-3) edges exist in the graph?,,How many low confidence (confidence 1-3) edges exist in the graph?,0.0,14.0,14.0,35.0,593.0779086999828,,,,,,,,,593.0607104999945,593.0779086999828,593.0779086999828,608.0733500999631,608.0733674999792,608.0897058999399,609.0737684000051,609.0738107999787,609.1538558999309,609.1538558999309,627.0727979999501,7,614.4858676999575,0.1914121999870985,627.0752098999219,627.0887727999361,627.0887727999361,631.0611830999842,631.0611979999812,631.0612164000049,,,,,sphynx_8,1,2026-06-25_19h10.23.194,Practice Trials - SYMBIOTIK graphs_2023,2024.1.0,,2026-06-25 19h10.32.268296 +0200,,sphynx_8_Practice Trials - SYMBIOTIK graphs_2023_2026-06-25_19h10.23.194.csv,12,1,fully_adapted,,7,True,5.332011800026521,5.332011800026521,Nikolaos,False,7,True,True,False,all adaptation levels,,,,,,,,,
samples/12 node/12_nodes_S00015/no_caption/non_adapted.png,12.0,2.0,non_adapted,Count the number of MALWARE nodes connected with at least 1 high confidence edge ( confidence 7-10).,2.0,Count the number of MALWARE nodes connected with at least 1 high confidence edge ( confidence 7-10).,0.0,15.0,15.0,28.0,631.0774677000009,,,,,,,,,631.061474999995,631.0774677000009,631.0774677000009,646.0710441999836,646.0710591999814,646.0892419000156,647.0721974999178,647.0722576999106,647.1562587999506,647.1562587999506,665.0699980999343,0,657.0778474999825,0.2155883000232279,665.0727747000055,665.0873957999283,665.0873957999283,669.0729222999653,669.07293689996,669.0729542999761,,,,,sphynx_8,1,2026-06-25_19h10.23.194,Practice Trials - SYMBIOTIK graphs_2023,2024.1.0,,2026-06-25 19h10.32.268296 +0200,,sphynx_8_Practice Trials - SYMBIOTIK graphs_2023_2026-06-25_19h10.23.194.csv,12,2,non_adapted,,0,True,9.921588700031862,9.921588700031862,Nikolaos,False,2,True,False,False,all adaptation levels,,,,,,,,,
samples/12 node/12_nodes_S00156/no_caption/edge_width_connection_number.png,12.0,2.0,edge_width,Count the number of ATTACK PATTERN nodes connected with at least 1 low confidence edge? (confidence of 1-3).,,Count the number of ATTACK PATTERN nodes connected with at least 1 low confidence edge? (confidence of 1-3).,0.0,16.0,16.0,47.0,669.0907258000225,,,,,,,,,669.0731853999896,669.0907258000225,669.0907258000225,684.086622599978,684.0866373999743,684.1034717999864,685.0878421999514,685.0878932999913,685.1649399999296,685.1649399999296,703.0731708999956,3,700.0218803000171,0.2474908999865874,703.0757991999853,703.0846943999641,703.0846943999641,707.073544899933,707.0735624999506,707.073582299985,,,,,sphynx_8,1,2026-06-25_19h10.23.194,Practice Trials - SYMBIOTIK graphs_2023,2024.1.0,,2026-06-25 19h10.32.268296 +0200,,sphynx_8_Practice Trials - SYMBIOTIK graphs_2023_2026-06-25_19h10.23.194.csv,12,2,semi_adapted,edge_width,3,True,14.856940300087444,14.856940300087444,Nikolaos,False,4,True,False,False,all adaptation levels,,,,,,,,,
samples/12 node/12_nodes_S00075/no_caption/fully_adapted.png,12.0,1.0,fully_adapted,How many nodes have TLP:GREEN?,4.0,How many nodes have TLP:GREEN?,0.0,17.0,17.0,33.0,707.0891195000149,,,,,,,,,707.0738833999494,707.0891195000149,707.0891195000149,722.0845719999634,722.0845961999148,722.1012572000036,723.088122199988,723.0881611999357,723.1590083999326,723.1590083999326,741.0833645999664,4,728.365218599909,0.1598641000455245,741.0858279999811,741.0994104999118,741.0994104999118,745.0855913999258,745.0856048999121,745.0856229999335,,,,,sphynx_8,1,2026-06-25_19h10.23.194,Practice Trials - SYMBIOTIK graphs_2023,2024.1.0,,2026-06-25 19h10.32.268296 +0200,,sphynx_8_Practice Trials - SYMBIOTIK graphs_2023_2026-06-25_19h10.23.194.csv,12,1,fully_adapted,,4,True,5.20621019997634,5.20621019997634,Nikolaos,False,4,True,True,False,all adaptation levels,,,,,,,,,
samples/12 node/12_nodes_S00024/no_caption/non_adapted.png,12.0,2.0,non_adapted,Count the number of MALWARE nodes with high connection counts (node size 7-10),,Count the number of MALWARE nodes with high connection counts (node size 7-10),0.0,18.0,18.0,30.0,745.1031371999998,,,,,,,,,745.0858623000095,745.1031371999998,745.1031371999998,760.0980101999594,760.0980282999808,760.1154093999648,761.0988997999812,761.0989407999441,761.1834451999748,761.1834451999748,779.0974036999978,0,772.1653313999996,0.2240569000132382,779.1000384999206,779.1146070999093,779.1146070999093,783.0884880999802,783.0885043999879,783.0885251999134,,,,,sphynx_8,1,2026-06-25_19h10.23.194,Practice Trials - SYMBIOTIK graphs_2023,2024.1.0,,2026-06-25 19h10.32.268296 +0200,,sphynx_8_Practice Trials - SYMBIOTIK graphs_2023_2026-06-25_19h10.23.194.csv,12,2,non_adapted,,0,True,10.981886200024746,10.981886200024746,Nikolaos,False,3,True,False,False,all adaptation levels,,,,,,,,,
samples/6 node/6_nodes_S00026/no_caption/non_adapted.png,6.0,2.0,non_adapted,Count the number of ATTACK PATTERN nodes connected with at least 1 low confidence edge? (confidence of 1-3).,,Count the number of ATTACK PATTERN nodes connected with at least 1 low confidence edge? (confidence of 1-3).,0.0,19.0,19.0,7.0,783.1034288000083,,,,,,,,,783.0887820000062,783.1034288000083,783.1034288000083,798.0982329999097,798.0982468000147,798.1132225999609,799.0975619999226,799.0976148999762,799.170374999987,799.170374999987,817.0948796999874,n,814.1019004000118,0.2796396999619901,817.097430099966,817.1119032999268,817.1119032999268,821.098127199919,821.098141699913,821.0981599999359,,,,,sphynx_8,1,2026-06-25_19h10.23.194,Practice Trials - SYMBIOTIK graphs_2023,2024.1.0,,2026-06-25 19h10.32.268296 +0200,,sphynx_8_Practice Trials - SYMBIOTIK graphs_2023_2026-06-25_19h10.23.194.csv,6,2,non_adapted,,,False,,,Nikolaos,False,1,True,False,False,all adaptation levels,,,,,,,,,
samples/12 node/12_nodes_S00009/no_caption/non_adapted.png,12.0,1.0,non_adapted,Count the number of nodes with high connection counts (node size 7-10),,Count the number of nodes with high connection counts (node size 7-10),0.0,20.0,20.0,26.0,821.1158073999686,,,,,,,,,821.0984230999602,821.1158073999686,821.1158073999686,836.1116055999883,836.1116193999769,836.1283661000198,837.1115045999177,837.1115429999772,837.194476799923,837.194476799923,855.1104819999309,7,844.3171309999889,0.2159542000154033,855.1129258999135,855.1271601999179,855.1271601999179,859.1143315000227,859.1143457000144,859.1143641999224,,,,,sphynx_8,1,2026-06-25_19h10.23.194,Practice Trials - SYMBIOTIK graphs_2023,2024.1.0,,2026-06-25 19h10.32.268296 +0200,,sphynx_8_Practice Trials - SYMBIOTIK graphs_2023_2026-06-25_19h10.23.194.csv,12,1,non_adapted,,7,True,7.122654200065881,7.122654200065881,Nikolaos,False,7,True,True,False,all adaptation levels,,,,,,,,,
samples/12 node/12_nodes_S00141/no_caption/nodes_size_value.png,12.0,1.0,size_nodes,Count the number of nodes with high connection counts (node size 7-10),,Count the number of nodes with high connection counts (node size 7-10),0.0,21.0,21.0,42.0,859.1300568999723,,,,,,,,,859.1146041000029,859.1300568999723,859.1300568999723,874.1267547999742,874.1267682999605,874.1429078999208,875.1279642999871,875.1280038999394,875.2099680999527,875.2099680999527,893.1254652999341,4,882.2691599999089,0.3039489000802859,893.1281063000206,893.142602799926,893.142602799926,897.1288765999489,897.1288895999314,897.1289073999505,,,,,sphynx_8,1,2026-06-25_19h10.23.194,Practice Trials - SYMBIOTIK graphs_2023,2024.1.0,,2026-06-25 19h10.32.268296 +0200,,sphynx_8_Practice Trials - SYMBIOTIK graphs_2023_2026-06-25_19h10.23.194.csv,12,1,semi_adapted,size_nodes,4,True,7.059191899956204,7.059191899956204,Nikolaos,False,4,True,True,False,all adaptation levels,,,,,,,,,
samples/12 node/12_nodes_S00144/no_caption/edge_width_connection_number.png,12.0,1.0,edge_width,How many low confidence (confidence 1-3) edges exist in the graph?,,How many low confidence (confidence 1-3) edges exist in the graph?,0.0,22.0,22.0,43.0,897.1449315999635,,,,,,,,,897.1291186999297,897.1449315999635,897.1449315999635,912.1408803999656,912.140895599965,912.1579037000192,913.1422428999796,913.1422867999644,913.2242333999602,913.2242333999602,931.140953599941,3,930.7970316999126,0.2484942000592127,931.1435412999708,931.156554199988,931.156554199988,935.143076499924,935.1430899999104,935.143109699944,,,,,sphynx_8,1,2026-06-25_19h10.23.194,Practice Trials - SYMBIOTIK graphs_2023,2024.1.0,,2026-06-25 19h10.32.268296 +0200,,sphynx_8_Practice Trials - SYMBIOTIK graphs_2023_2026-06-25_19h10.23.194.csv,12,1,semi_adapted,edge_width,3,True,17.57279829995241,17.57279829995241,Nikolaos,False,3,True,True,False,all adaptation levels,,,,,,,,,
samples/6 node/6_nodes_S00137/no_caption/nodes_shape_tlp.png,6.0,2.0,shape_nodes,Count the number of MALWARE nodes connected with at least 1 high confidence edge ( confidence 7-10).,2.0,Count the number of MALWARE nodes connected with at least 1 high confidence edge ( confidence 7-10).,0.0,23.0,23.0,20.0,935.1603875999572,,,,,,,,,935.1433570999652,935.1603875999572,935.1603875999572,950.1551234999206,950.1551372999093,950.1722345999442,951.1564574999502,951.156496700016,951.244505199953,951.244505199953,969.15513129998,1,964.5089716999792,0.2963653999613598,969.1578164999372,969.1708537000231,969.1708537000231,973.1577073999216,973.1577226999216,973.1577413999476,,,,,sphynx_8,1,2026-06-25_19h10.23.194,Practice Trials - SYMBIOTIK graphs_2023,2024.1.0,,2026-06-25 19h10.32.268296 +0200,,sphynx_8_Practice Trials - SYMBIOTIK graphs_2023_2026-06-25_19h10.23.194.csv,6,2,semi_adapted,shape_nodes,1,True,13.264466500026174,13.264466500026174,Nikolaos,False,2,True,False,False,all adaptation levels,,,,,,,,,
samples/6 node/6_nodes_S00074/no_caption/fully_adapted.png,6.0,1.0,fully_adapted,How many low confidence (confidence 1-3) edges exist in the graph?,,How many low confidence (confidence 1-3) edges exist in the graph?,0.0,24.0,24.0,11.0,973.174725299934,,,,,,,,,973.1579883999656,973.174725299934,973.174725299934,988.1712195000146,988.1712422999552,988.1857870999957,989.1701011999976,989.1701391999376,989.2484219999752,989.2484219999752,1007.1696097999812,2,991.7973246999318,0.1526606000261381,1007.172327899956,1007.1856183999917,1007.1856183999917,1011.1725748999744,1011.1725880999584,1191.1702875000192,1011.198290499975,,,,sphynx_8,1,2026-06-25_19h10.23.194,Practice Trials - SYMBIOTIK graphs_2023,2024.1.0,,2026-06-25 19h10.32.268296 +0200,,sphynx_8_Practice Trials - SYMBIOTIK graphs_2023_2026-06-25_19h10.23.194.csv,6,1,fully_adapted,,2,True,2.5489026999565567,2.5489026999565567,Nikolaos,False,2,True,True,False,all adaptation levels,,,,,,,,,
samples/6 node/6_nodes_S00080/no_caption/fully_adapted.png,6.0,2.0,fully_adapted,Count the number of nodes with TLP:RED connected to at least 1 node with high connection count (node size 7-10).,1.0,Count the number of nodes with TLP:RED connected to at least 1 node with high connection count (node size 7-10).,0.0,25.0,25.0,13.0,1191.187195400009,,,,,,,,,1191.1705639999127,1191.187195400009,1191.187195400009,1206.1660511000082,1206.166064799996,1206.1821428999538,1207.1666461999994,1207.1666870999616,1207.2476864999626,1207.2476864999626,1225.1683388999663,1,1214.278488499927,0.2466241000220179,1225.1710661000106,1225.1815132999327,1225.1815132999327,1229.168770599994,1229.1687846999848,1229.168803700013,,,,,sphynx_8,1,2026-06-25_19h10.23.194,Practice Trials - SYMBIOTIK graphs_2023,2024.1.0,,2026-06-25 19h10.32.268296 +0200,,sphynx_8_Practice Trials - SYMBIOTIK graphs_2023_2026-06-25_19h10.23.194.csv,6,2,fully_adapted,,1,True,7.030801999964524,7.030801999964524,Nikolaos,False,1,True,True,False,all adaptation levels,,,,,,,,,
samples/6 node/6_nodes_S00134/no_caption/edge_width_connection_number.png,6.0,1.0,edge_width,How many low confidence (confidence 1-3) edges exist in the graph?,,How many low confidence (confidence 1-3) edges exist in the graph?,0.0,26.0,26.0,19.0,1229.1847026000032,,,,,,,,,1229.1690451999891,1229.1847026000032,1229.1847026000032,1244.1684669000097,1244.1684836000204,1244.181237399927,1245.1661427000072,1245.1661776999244,1245.2521123000188,1245.2521123000188,1263.181047399994,3,1248.0134589999216,0.2711505000479519,1263.1838083999464,1263.1957182999467,1263.1957182999467,1267.1692629000172,1267.169280199916,1267.1692999999505,,,,,sphynx_8,1,2026-06-25_19h10.23.194,Practice Trials - SYMBIOTIK graphs_2023,2024.1.0,,2026-06-25 19h10.32.268296 +0200,,sphynx_8_Practice Trials - SYMBIOTIK graphs_2023_2026-06-25_19h10.23.194.csv,6,1,semi_adapted,edge_width,3,True,2.761346699902788,2.761346699902788,Nikolaos,False,3,True,True,False,all adaptation levels,,,1245.2521123000188,,1244.181237399927,1244.181237399927,,,
samples/12 node/12_nodes_S00093/no_caption/fully_adapted.png,12.0,2.0,fully_adapted,Count the number of MALWARE nodes with high connection counts (node size 7-10),,Count the number of MALWARE nodes with high connection counts (node size 7-10),0.0,27.0,27.0,38.0,1267.1849837999323,,,,,,,,,1267.1695407999214,1267.1849837999323,1267.1849837999323,1282.178600299987,1282.1786140999757,1282.1962869999695,1283.1797726999505,1283.1798134999117,1283.2584773999406,1283.2584773999406,1301.1816857999656,1,1288.4685867999217,0.28139130002819,1301.1851093999576,1301.1969973000232,1301.1969973000232,1305.1823125999654,1305.1823264999548,1305.182344399975,,,,,sphynx_8,1,2026-06-25_19h10.23.194,Practice Trials - SYMBIOTIK graphs_2023,2024.1.0,,2026-06-25 19h10.32.268296 +0200,,sphynx_8_Practice Trials - SYMBIOTIK graphs_2023_2026-06-25_19h10.23.194.csv,12,2,fully_adapted,,1,True,5.210109399981093,5.210109399981093,Nikolaos,False,1,True,True,False,all adaptation levels,,,,,,,,,
samples/12 node/12_nodes_S00081/no_caption/fully_adapted.png,12.0,1.0,fully_adapted,Count the number of nodes with high connection counts (node size 7-10),,Count the number of nodes with high connection counts (node size 7-10),0.0,28.0,28.0,34.0,1305.1983720000137,,,,,,,,,1305.1825840999372,1305.1983720000137,1305.1983720000137,1320.1964421999874,1320.196456799982,1320.2099361999426,1321.1943136999616,1321.194358699955,1321.2711322999094,1321.2711322999094,1339.1925711999647,n,1336.6926685000071,0.2084597999928519,1339.1955512999557,1339.2093931999989,1339.2093931999989,1343.1955319999252,1343.195548099931,1343.1955674999626,,,,,sphynx_8,1,2026-06-25_19h10.23.194,Practice Trials - SYMBIOTIK graphs_2023,2024.1.0,,2026-06-25 19h10.32.268296 +0200,,sphynx_8_Practice Trials - SYMBIOTIK graphs_2023_2026-06-25_19h10.23.194.csv,12,1,fully_adapted,,,False,,,Nikolaos,False,7,True,False,False,all adaptation levels,,,,,,,,,
samples/12 node/12_nodes_S00003/no_caption/non_adapted.png,12.0,1.0,non_adapted,How many CYBER OBSERVABLE nodes are in the graph?,4.0,How many CYBER OBSERVABLE nodes are in the graph?,0.0,29.0,29.0,24.0,1343.212341299979,,,,,,,,,1343.195832700003,1343.212341299979,1343.212341299979,1358.2109205999875,1358.2109348999802,1358.2249913999112,1359.2088000000222,1359.208858500002,1359.2956150999526,1359.2956150999526,1377.206800499931,4,1367.6373196999775,0.1515317000448703,1377.2098279999336,1377.2234076999594,1377.2234076999594,1381.210853299941,1381.2108686999418,1381.2108879999723,,,,,sphynx_8,1,2026-06-25_19h10.23.194,Practice Trials - SYMBIOTIK graphs_2023,2024.1.0,,2026-06-25 19h10.32.268296 +0200,,sphynx_8_Practice Trials - SYMBIOTIK graphs_2023_2026-06-25_19h10.23.194.csv,12,1,non_adapted,,4,True,8.341704600024968,8.341704600024968,Nikolaos,False,4,True,True,False,all adaptation levels,,,,,,,,,
samples/12 node/12_nodes_S00006/no_caption/non_adapted.png,12.0,1.0,non_adapted,How many nodes have TLP:GREEN?,1.0,How many nodes have TLP:GREEN?,0.0,30.0,30.0,25.0,1381.2284256999849,,,,,,,,,1381.2111583999358,1381.2284256999849,1381.2284256999849,1396.2222821000032,1396.2222956999904,1396.239483500016,1397.2241159999976,1397.2241552999476,1397.305664799991,1397.305664799991,1415.2218328999588,1,1405.6123720000032,0.1682782999705523,1415.2246360999998,1415.2378513999283,1415.2378513999283,1419.2256638999097,1419.2256777000148,1419.225696099922,,,,,sphynx_8,1,2026-06-25_19h10.23.194,Practice Trials - SYMBIOTIK graphs_2023,2024.1.0,,2026-06-25 19h10.32.268296 +0200,,sphynx_8_Practice Trials - SYMBIOTIK graphs_2023_2026-06-25_19h10.23.194.csv,12,1,non_adapted,,1,True,8.30670720001217,8.30670720001217,Nikolaos,False,1,True,True,False,all adaptation levels,,,,,,,,,
samples/12 node/12_nodes_S00087/no_caption/fully_adapted.png,12.0,2.0,fully_adapted,Count the number of MALWARE nodes connected with at least 1 high confidence edge ( confidence 7-10).,3.0,Count the number of MALWARE nodes connected with at least 1 high confidence edge ( confidence 7-10).,0.0,31.0,31.0,36.0,1419.241548400023,,,,,,,,,1419.2259453999577,1419.241548400023,1419.241548400023,1434.238870300003,1434.238891599933,1434.254330299911,1435.237612899975,1435.2376520999242,1435.3141944999809,1435.3141944999809,1453.2363946000114,3,1443.6683579999954,0.1858370000263676,1453.239270400023,1453.2530809999444,1453.2530809999444,1457.239051099983,1457.2390665999849,1457.239085600013,,,,,sphynx_8,1,2026-06-25_19h10.23.194,Practice Trials - SYMBIOTIK graphs_2023,2024.1.0,,2026-06-25 19h10.32.268296 +0200,,sphynx_8_Practice Trials - SYMBIOTIK graphs_2023_2026-06-25_19h10.23.194.csv,12,2,fully_adapted,,3,True,8.354163500014465,8.354163500014465,Nikolaos,False,3,True,True,False,all adaptation levels,,,,,,,,,
samples/6 node/6_nodes_S00014/no_caption/non_adapted.png,6.0,1.0,non_adapted,How many low confidence (confidence 1-3) edges exist in the graph?,,How many low confidence (confidence 1-3) edges exist in the graph?,0.0,32.0,32.0,3.0,1457.2562178999651,,,,,,,,,1457.2393381999573,1457.2562178999651,1457.2562178999651,1472.2526213999372,1472.2526349999243,1472.268340599956,1473.2532874000026,1473.2533263999503,1473.3326272999402,1473.3326272999402,1491.2510318999412,3,1484.829841199913,0.3507797000929713,1491.2542975000106,1491.269853299949,1491.269853299949,1495.2544355000136,1495.2544512000168,1495.254469999927,,,,,sphynx_8,1,2026-06-25_19h10.23.194,Practice Trials - SYMBIOTIK graphs_2023,2024.1.0,,2026-06-25 19h10.32.268296 +0200,,sphynx_8_Practice Trials - SYMBIOTIK graphs_2023_2026-06-25_19h10.23.194.csv,6,1,non_adapted,,3,True,11.497213899972849,11.497213899972849,Nikolaos,False,3,True,True,False,all adaptation levels,,,,,,,,,
samples/6 node/6_nodes_S00065/no_caption/fully_adapted.png,6.0,1.0,fully_adapted,How many CYBER OBSERVABLE nodes are in the graph?,2.0,How many CYBER OBSERVABLE nodes are in the graph?,0.0,33.0,33.0,8.0,1495.274255999946,,,,,,,,,1495.2547232999932,1495.274255999946,1495.274255999946,1510.2664818000048,1510.2664956999945,1510.2846530999525,1511.2705736999633,1511.2706127999118,1511.345385499997,1511.345385499997,1529.2657790000085,2,1518.0042083999142,0.2482571000000462,1529.26897799992,1529.283009000006,1529.283009000006,1533.2701049000025,1533.270119599998,1533.2701383999083,,,,,sphynx_8,1,2026-06-25_19h10.23.194,Practice Trials - SYMBIOTIK graphs_2023,2024.1.0,,2026-06-25 19h10.32.268296 +0200,,sphynx_8_Practice Trials - SYMBIOTIK graphs_2023_2026-06-25_19h10.23.194.csv,6,1,fully_adapted,,2,True,6.658822899917141,6.658822899917141,Nikolaos,False,2,True,True,False,all adaptation levels,,,,,,,,,
samples/12 node/12_nodes_S00096/no_caption/fully_adapted.png,12.0,2.0,fully_adapted,Count the number of ATTACK PATTERN nodes connected with at least 1 low confidence edge? (confidence of 1-3).,,Count the number of ATTACK PATTERN nodes connected with at least 1 low confidence edge? (confidence of 1-3).,0.0,34.0,34.0,39.0,1533.288515299908,,,,,,,,,1533.270377799985,1533.288515299908,1533.288515299908,1548.2847194999922,1548.284733799985,1548.2991600999376,1549.2829450999852,1549.282984899939,1549.3685318999924,1549.3685318999924,1567.2810363000026,4,1561.2053604999091,0.1673188999993726,1567.28351749992,1567.2970628999174,1567.2970628999174,1571.2837302999103,1571.2837449000217,1571.283765399945,,,,,sphynx_8,1,2026-06-25_19h10.23.194,Practice Trials - SYMBIOTIK graphs_2023,2024.1.0,,2026-06-25 19h10.32.268296 +0200,,sphynx_8_Practice Trials - SYMBIOTIK graphs_2023_2026-06-25_19h10.23.194.csv,12,2,fully_adapted,,4,True,11.836828599916771,11.836828599916771,Nikolaos,False,4,True,True,False,all adaptation levels,,,,,,,,,
samples/6 node/6_nodes_S00140/no_caption/nodes_color_type.png,6.0,2.0,color_nodes,Count the number of nodes with TLP:RED connected to at least 1 node with high connection count (node size 7-10).,0.0,Count the number of nodes with TLP:RED connected to at least 1 node with high connection count (node size 7-10).,0.0,35.0,35.0,21.0,1571.300795899937,,,,,,,,,1571.2840109999524,1571.300795899937,1571.300795899937,1586.2963740999112,1586.2963879000165,1586.3129151000176,1587.2979151000036,1587.2979553999612,1587.3694521000143,1587.3694521000143,1605.2995572999353,0,1594.996158999973,0.3523032999364659,1605.3028852000134,1605.3143753999611,1605.3143753999611,1609.2997347000055,1609.299748999998,1609.299769199919,,,,,sphynx_8,1,2026-06-25_19h10.23.194,Practice Trials - SYMBIOTIK graphs_2023,2024.1.0,,2026-06-25 19h10.32.268296 +0200,,sphynx_8_Practice Trials - SYMBIOTIK graphs_2023_2026-06-25_19h10.23.194.csv,6,2,semi_adapted,color_nodes,0,True,7.626706899958663,7.626706899958663,Nikolaos,False,0,True,True,False,all adaptation levels,,,,,,,,,
samples/6 node/6_nodes_S00005/no_caption/non_adapted.png,6.0,1.0,non_adapted,How many nodes have TLP:GREEN?,3.0,How many nodes have TLP:GREEN?,0.0,36.0,36.0,1.0,1609.3184462999925,,,,,,,,,1609.3000129999127,1609.3184462999925,1609.3184462999925,1624.310817599995,1624.3108322999906,1624.3282110999571,1625.3114960999228,1625.3115400999086,1625.3909017000117,1625.3909017000117,1643.310240499908,3,1631.6840778000187,0.1618006998905912,1643.3126409999095,1643.326546599972,1643.326546599972,1647.3127048999304,1647.312732200022,1647.312759499997,,,,,sphynx_8,1,2026-06-25_19h10.23.194,Practice Trials - SYMBIOTIK graphs_2023,2024.1.0,,2026-06-25 19h10.32.268296 +0200,,sphynx_8_Practice Trials - SYMBIOTIK graphs_2023_2026-06-25_19h10.23.194.csv,6,1,non_adapted,,3,True,6.293176100007031,6.293176100007031,Nikolaos,False,3,True,True,False,all adaptation levels,,,,,,,,,
samples/6 node/6_nodes_S00125/no_caption/nodes_shape_tlp.png,6.0,1.0,shape_nodes,How many CYBER OBSERVABLE nodes are in the graph?,2.0,How many CYBER OBSERVABLE nodes are in the graph?,0.0,37.0,37.0,16.0,1647.3301988999592,,,,,,,,,1647.3130805999972,1647.3301988999592,1647.3301988999592,1662.3262881999835,1662.3263040999882,1662.3428693999304,1663.32604049996,1663.3260798999108,1663.409398499993,1663.409398499993,1681.324624700006,2,1670.3088535999414,0.24043760006316,1681.327741999994,1681.3407958999742,1681.3407958999742,1685.3282385999337,1685.3282599999802,1685.3282868999522,,,,,sphynx_8,1,2026-06-25_19h10.23.194,Practice Trials - SYMBIOTIK graphs_2023,2024.1.0,,2026-06-25 19h10.32.268296 +0200,,sphynx_8_Practice Trials - SYMBIOTIK graphs_2023_2026-06-25_19h10.23.194.csv,6,1,semi_adapted,shape_nodes,2,True,6.8994550999484545,6.8994550999484545,Nikolaos,False,2,True,True,False,all adaptation levels,,,,,,,,,
samples/12 node/12_nodes_S00150/no_caption/nodes_color_type.png,12.0,2.0,color_nodes,Count the number of nodes with TLP:RED connected to at least 1 node with high connection count (node size 7-10).,6.0,Count the number of nodes with TLP:RED connected to at least 1 node with high connection count (node size 7-10).,0.0,38.0,38.0,45.0,1685.3468053999825,,,,,,,,,1685.3285874999128,1685.3468053999825,1685.3468053999825,1700.3429126999108,1700.3429268000182,1700.3566385000013,1701.3407199999783,1701.3407753999345,1701.428304299945,1701.428304299945,1719.3384173999077,3,1713.9482463999884,0.2970460000215098,1719.3410505999343,1719.3554445999907,1719.3554445999907,1723.3421961999263,1723.3422109999228,1723.3422310999597,,,,,sphynx_8,1,2026-06-25_19h10.23.194,Practice Trials - SYMBIOTIK graphs_2023,2024.1.0,,2026-06-25 19h10.32.268296 +0200,,sphynx_8_Practice Trials - SYMBIOTIK graphs_2023_2026-06-25_19h10.23.194.csv,12,2,semi_adapted,color_nodes,3,True,12.519942100043409,12.519942100043409,Nikolaos,False,6,True,False,False,all adaptation levels,,,,,,,,,
samples/6 node/6_nodes_S00083/no_caption/fully_adapted.png,6.0,2.0,fully_adapted,Count the number of MALWARE nodes with high connection counts (node size 7-10),,Count the number of MALWARE nodes with high connection counts (node size 7-10),0.0,39.0,39.0,14.0,1723.3595731999958,,,,,,,,,1723.342464699992,1723.3595731999958,1723.3595731999958,1738.354255000013,1738.3542671999894,1738.3717841999603,1739.3560848999768,1739.3561263999436,1739.4326561000198,1739.4326561000198,1757.353378699976,1,1744.636674499954,0.1838023000163957,1757.3569332999175,1757.3703418999212,1757.3703418999212,1761.3567190999163,1761.356733399909,1761.3567519999342,,,,,sphynx_8,1,2026-06-25_19h10.23.194,Practice Trials - SYMBIOTIK graphs_2023,2024.1.0,,2026-06-25 19h10.32.268296 +0200,,sphynx_8_Practice Trials - SYMBIOTIK graphs_2023_2026-06-25_19h10.23.194.csv,6,2,fully_adapted,,1,True,5.204018399934284,5.204018399934284,Nikolaos,False,1,True,True,False,all adaptation levels,,,,,,,,,
samples/6 node/6_nodes_S00017/no_caption/non_adapted.png,6.0,2.0,non_adapted,Count the number of MALWARE nodes connected with at least 1 high confidence edge ( confidence 7-10).,1.0,Count the number of MALWARE nodes connected with at least 1 high confidence edge ( confidence 7-10).,0.0,40.0,40.0,4.0,1761.373739099945,,,,,,,,,1761.356990900007,1761.373739099945,1761.373739099945,1776.3693415999878,1776.3693554999772,1776.3859716999575,1777.3698065999197,1777.3698951000115,1777.4500208999962,1777.4500208999962,1795.3684779999312,1,1788.7088423999958,0.2794781000120565,1795.371015899931,1795.3860245000103,1795.3860245000103,1799.3723052999703,1799.3723200999666,1799.3723390999949,,,,,sphynx_8,1,2026-06-25_19h10.23.194,Practice Trials - SYMBIOTIK graphs_2023,2024.1.0,,2026-06-25 19h10.32.268296 +0200,,sphynx_8_Practice Trials - SYMBIOTIK graphs_2023_2026-06-25_19h10.23.194.csv,6,2,non_adapted,,1,True,11.258821499999613,11.258821499999613,Nikolaos,False,1,True,True,False,all adaptation levels,,,,,,,,,
samples/6 node/6_nodes_S00020/no_caption/non_adapted.png,6.0,2.0,non_adapted,Count the number of nodes with TLP:RED connected to at least 1 node with high connection count (node size 7-10).,2.0,Count the number of nodes with TLP:RED connected to at least 1 node with high connection count (node size 7-10).,0.0,41.0,41.0,5.0,1799.390578099992,,,,,,,,,1799.3725920999425,1799.390578099992,1799.390578099992,1814.3846241999415,1814.384638599935,1814.4014666000148,1815.3843235999807,1815.3843640999405,1815.4646665999896,1815.4646665999896,1833.3837551999604,2,1832.692800399964,0.295788099989295,1833.3865358999465,1833.4005306999895,1833.4005306999895,1837.3863771000176,1837.386392100016,1837.3864110999275,,,,,sphynx_8,1,2026-06-25_19h10.23.194,Practice Trials - SYMBIOTIK graphs_2023,2024.1.0,,2026-06-25 19h10.32.268296 +0200,,sphynx_8_Practice Trials - SYMBIOTIK graphs_2023_2026-06-25_19h10.23.194.csv,6,2,non_adapted,,2,True,17.22813379997433,17.22813379997433,Nikolaos,False,2,True,True,False,all adaptation levels,,,,,,,,,
samples/6 node/6_nodes_S00086/no_caption/fully_adapted.png,6.0,2.0,fully_adapted,Count the number of ATTACK PATTERN nodes connected with at least 1 low confidence edge? (confidence of 1-3).,,Count the number of ATTACK PATTERN nodes connected with at least 1 low confidence edge? (confidence of 1-3).,0.0,42.0,42.0,15.0,1837.4027935999911,,,,,,,,,1837.3866490999933,1837.4027935999911,1837.4027935999911,1852.398011500016,1852.3980244999984,1852.415880299988,1853.3993629999457,1853.399416100001,1853.4838554000016,1853.4838554000016,1871.4010877999244,0,1861.4360607999845,0.2407795999897644,1871.403931899928,1871.414002400008,1871.414002400008,1875.4034794999752,1875.4034949999768,1875.403514400008,,,,,sphynx_8,1,2026-06-25_19h10.23.194,Practice Trials - SYMBIOTIK graphs_2023,2024.1.0,,2026-06-25 19h10.32.268296 +0200,,sphynx_8_Practice Trials - SYMBIOTIK graphs_2023_2026-06-25_19h10.23.194.csv,6,2,fully_adapted,,0,True,7.952205399982859,7.952205399982859,Nikolaos,False,0,True,True,False,all adaptation levels,,,,,,,,,
samples/6 node/6_nodes_S00071/no_caption/fully_adapted.png,6.0,1.0,fully_adapted,Count the number of nodes with high connection counts (node size 7-10),,Count the number of nodes with high connection counts (node size 7-10),0.0,43.0,43.0,10.0,1875.41836859996,,,,,,,,,1875.4037640999304,1875.41836859996,1875.41836859996,1890.41293849994,1890.412951699924,1890.4304153999549,1891.418453499908,1891.4184920999687,1891.491098199971,1891.491098199971,1909.4126351999585,1,1896.85212289996,0.3207041999557987,1909.41581279994,1909.428619000013,1909.428619000013,1913.4158669000024,1913.4158809999933,1913.4159002000235,,,,,sphynx_8,1,2026-06-25_19h10.23.194,Practice Trials - SYMBIOTIK graphs_2023,2024.1.0,,2026-06-25 19h10.32.268296 +0200,,sphynx_8_Practice Trials - SYMBIOTIK graphs_2023_2026-06-25_19h10.23.194.csv,6,1,fully_adapted,,1,True,5.361024699989002,5.361024699989002,Nikolaos,False,1,True,True,False,all adaptation levels,,,,,,,,,
samples/6 node/6_nodes_S00002/no_caption/non_adapted.png,6.0,1.0,non_adapted,How many CYBER OBSERVABLE nodes are in the graph?,5.0,How many CYBER OBSERVABLE nodes are in the graph?,0.0,44.0,44.0,0.0,1913.431927299942,,,,,,,,,1913.416135999956,1913.431927299942,1913.431927299942,1928.427693699952,1928.4277080999452,1928.4465338999871,1929.4304567999209,1929.43049649999,1929.5088892999336,1929.5088892999336,1947.4270494999364,5,1936.1079413999105,0.1525384000269696,1947.4296087999828,1947.4444135999076,1947.4444135999076,1951.4303648999196,1951.4303795999149,1951.4303975999355,,,,,sphynx_8,1,2026-06-25_19h10.23.194,Practice Trials - SYMBIOTIK graphs_2023,2024.1.0,,2026-06-25 19h10.32.268296 +0200,,sphynx_8_Practice Trials - SYMBIOTIK graphs_2023_2026-06-25_19h10.23.194.csv,6,1,non_adapted,,5,True,6.599052099976916,6.599052099976916,Nikolaos,False,5,True,True,False,all adaptation levels,,,,,,,,,
samples/12 node/12_nodes_S00090/no_caption/fully_adapted.png,12.0,2.0,fully_adapted,Count the number of nodes with TLP:RED connected to at least 1 node with high connection count (node size 7-10).,1.0,Count the number of nodes with TLP:RED connected to at least 1 node with high connection count (node size 7-10).,0.0,45.0,45.0,37.0,1951.4476006999607,,,,,,,,,1951.4306507,1951.4476006999607,1951.4476006999607,1966.443152199965,1966.4431676999664,1966.4605016999408,1967.443930099951,1967.443970000022,1967.5298375999555,1967.5298375999555,1985.4422015999444,,,,1985.444699899992,1985.4582675999263,1985.4582675999263,1989.4450859000208,1989.4451018999096,1989.4451193999264,,,,,sphynx_8,1,2026-06-25_19h10.23.194,Practice Trials - SYMBIOTIK graphs_2023,2024.1.0,,2026-06-25 19h10.32.268296 +0200,,sphynx_8_Practice Trials - SYMBIOTIK graphs_2023_2026-06-25_19h10.23.194.csv,12,2,fully_adapted,,,False,,,Nikolaos,False,1,True,False,False,all adaptation levels,,,,,,,,,
samples/12 node/12_nodes_S00153/no_caption/nodes_size_value.png,12.0,2.0,size_nodes,Count the number of MALWARE nodes with high connection counts (node size 7-10),,Count the number of MALWARE nodes with high connection counts (node size 7-10),0.0,46.0,46.0,46.0,1989.4624915999595,,,,,,,,,1989.4453844999664,1989.4624915999595,1989.4624915999595,2004.458073799964,2004.45808849996,2004.4746173999736,2005.460703299963,2005.460741899908,2005.5434493999928,2005.5434493999928,2023.456197899999,1,2014.011756699998,0.1524800999322906,2023.4591182000004,2023.4734041999327,2023.4734041999327,2027.445414799964,2027.4454295999603,2027.4454476999815,,,,,sphynx_8,1,2026-06-25_19h10.23.194,Practice Trials - SYMBIOTIK graphs_2023,2024.1.0,,2026-06-25 19h10.32.268296 +0200,,sphynx_8_Practice Trials - SYMBIOTIK graphs_2023_2026-06-25_19h10.23.194.csv,12,2,semi_adapted,size_nodes,1,True,8.468307300005108,8.468307300005108,Nikolaos,False,1,True,True,False,all adaptation levels,,,,,,,,,
samples/12 node/12_nodes_S00135/no_caption/nodes_shape_tlp.png,12.0,1.0,shape_nodes,How many CYBER OBSERVABLE nodes are in the graph?,4.0,How many CYBER OBSERVABLE nodes are in the graph?,0.0,47.0,47.0,40.0,2027.461896999972,,,,,,,,,2027.4457154999252,2027.461896999972,2027.461896999972,2042.45557250001,2042.4555872000053,2042.4724853999212,2043.4571588999825,2043.4572019999612,2043.543566599954,2043.543566599954,2061.4538206999423,4,2052.5564914999995,0.1995658000232651,2061.456301799976,2061.471488900017,2061.471488900017,2065.4582700999454,2065.458283899934,2065.4583024999592,,,,,sphynx_8,1,2026-06-25_19h10.23.194,Practice Trials - SYMBIOTIK graphs_2023,2024.1.0,,2026-06-25 19h10.32.268296 +0200,,sphynx_8_Practice Trials - SYMBIOTIK graphs_2023_2026-06-25_19h10.23.194.csv,12,1,semi_adapted,shape_nodes,4,True,9.012924900045618,9.012924900045618,Nikolaos,False,4,True,True,False,all adaptation levels,,,,,,,,,
samples/6 node/6_nodes_S00023/no_caption/non_adapted.png,6.0,2.0,non_adapted,Count the number of MALWARE nodes with high connection counts (node size 7-10),,Count the number of MALWARE nodes with high connection counts (node size 7-10),0.0,0.0,0.0,6.0,85.34815779991914,,,,,,,,,85.30549759999849,85.34815779991914,85.34815779991914,100.2981191999279,100.29813249991275,100.31499579991214,101.29907199996524,101.29910329997074,101.39736649999396,101.39736649999396,119.29741119989194,0.0,114.71739549993072,0.1356553999939933,119.29997880000155,119.32492069993168,119.32492069993168,123.3035503999563,123.30357869993895,123.3036209999118,,,,,sphynx_9,1,2026-06-26_16h00.29.415,Practice Trials - SYMBIOTIK graphs_2023,2024.1.0,,2026-06-26 16h00.39.070494 +0200,,sphynx_9_Practice Trials - SYMBIOTIK graphs_2023_2026-06-26_16h00.29.415.csv,6,2,non_adapted,,0,True,13.320028999936753,13.320028999936753,Roro,False,0,True,True,False,all adaptation levels,,,,,,,,,
samples/12 node/12_nodes_S00018/no_caption/non_adapted.png,12.0,2.0,non_adapted,Count the number of nodes with TLP:RED connected to at least 1 node with high connection count (node size 7-10).,3.0,Count the number of nodes with TLP:RED connected to at least 1 node with high connection count (node size 7-10).,0.0,1.0,1.0,29.0,123.3294912999263,,,,,,,,,123.30410749989096,123.3294912999263,123.3294912999263,138.31228459998965,138.31229849997908,138.32932669995353,139.31424519990105,139.31432669993956,139.4189832999837,139.4189832999837,157.31168689997867,,,,157.3144341999432,157.32915759994648,157.32915759994648,161.31518059992231,161.31520429998636,161.31525339989457,,,,,sphynx_9,1,2026-06-26_16h00.29.415,Practice Trials - SYMBIOTIK graphs_2023,2024.1.0,,2026-06-26 16h00.39.070494 +0200,,sphynx_9_Practice Trials - SYMBIOTIK graphs_2023_2026-06-26_16h00.29.415.csv,12,2,non_adapted,,,False,,,Roro,False,3,True,False,False,all adaptation levels,,,,,,,,,
samples/12 node/12_nodes_S00147/no_caption/nodes_shape_tlp.png,12.0,2.0,shape_nodes,Count the number of MALWARE nodes connected with at least 1 high confidence edge ( confidence 7-10).,2.0,Count the number of MALWARE nodes connected with at least 1 high confidence edge ( confidence 7-10).,0.0,2.0,2.0,44.0,161.33477239997592,,,,,,,,,161.31567669997457,161.33477239997592,161.33477239997592,176.32748829992488,176.32750049990136,176.3439662999008,177.32782449992374,177.3278620999772,177.4103940000059,177.4103940000059,195.32700459996704,,,,195.3346732999198,195.35063559992705,195.35063559992705,199.3299101999728,199.3299236999592,199.3299440999981,,,,,sphynx_9,1,2026-06-26_16h00.29.415,Practice Trials - SYMBIOTIK graphs_2023,2024.1.0,,2026-06-26 16h00.39.070494 +0200,,sphynx_9_Practice Trials - SYMBIOTIK graphs_2023_2026-06-26_16h00.29.415.csv,12,2,semi_adapted,shape_nodes,,False,,,Roro,False,2,True,False,False,all adaptation levels,,,,,,,,,
samples/6 node/6_nodes_S00068/no_caption/fully_adapted.png,6.0,1.0,fully_adapted,How many nodes have TLP:GREEN?,5.0,How many nodes have TLP:GREEN?,0.0,3.0,3.0,9.0,199.34970619995147,,,,,,,,,199.3301927999128,199.34970619995147,199.34970619995147,214.34141100000124,214.34143709996715,214.3580106999725,215.34281629999168,215.34285629994704,215.43020429997705,215.43020429997705,233.341431299923,5.0,220.74820019991603,0.112653600051999,233.34631850000005,233.35941029991957,233.35941029991957,237.34459879994392,237.344626499922,237.34467889997177,,,,,sphynx_9,1,2026-06-26_16h00.29.415,Practice Trials - SYMBIOTIK graphs_2023,2024.1.0,,2026-06-26 16h00.39.070494 +0200,,sphynx_9_Practice Trials - SYMBIOTIK graphs_2023_2026-06-26_16h00.29.415.csv,6,1,fully_adapted,,5,True,5.317995899938978,5.317995899938978,Roro,False,5,True,True,False,all adaptation levels,,,,,,,,,
samples/6 node/6_nodes_S00143/no_caption/nodes_size_value.png,6.0,2.0,size_nodes,Count the number of MALWARE nodes with high connection counts (node size 7-10),,Count the number of MALWARE nodes with high connection counts (node size 7-10),0.0,4.0,4.0,22.0,237.3609777999809,,,,,,,,,237.34522739995737,237.3609777999809,237.3609777999809,252.37514319992624,252.3751624999568,252.3901998999063,253.35955729999117,253.3596068999032,253.4601056999527,253.4601056999527,271.3560657999478,3.0,263.9010847999016,0.1526938000461086,271.3623326999368,271.3866094999248,271.3866094999248,275.35918909998145,275.35920379997697,275.3592253999086,,,,,sphynx_9,1,2026-06-26_16h00.29.415,Practice Trials - SYMBIOTIK graphs_2023,2024.1.0,,2026-06-26 16h00.39.070494 +0200,,sphynx_9_Practice Trials - SYMBIOTIK graphs_2023_2026-06-26_16h00.29.415.csv,6,2,semi_adapted,size_nodes,3,True,10.44097909994889,10.44097909994889,Roro,False,2,True,False,False,all adaptation levels,,,,,,,,,
samples/6 node/6_nodes_S00077/no_caption/fully_adapted.png,6.0,2.0,fully_adapted,Count the number of MALWARE nodes connected with at least 1 high confidence edge ( confidence 7-10).,0.0,Count the number of MALWARE nodes connected with at least 1 high confidence edge ( confidence 7-10).,0.0,5.0,5.0,12.0,275.3753489999799,,,,,,,,,275.35947269992903,275.3753489999799,275.3753489999799,290.3741199999349,290.37414039997384,290.38855139992665,291.3720607999712,291.3720926999813,291.45436439989135,291.45436439989135,309.37014429993,0.0,300.7657673999201,0.1666775000048801,309.37718329997733,309.3911507999292,309.3911507999292,313.3737886999734,313.3738022999605,313.37382109998725,,,,,sphynx_9,1,2026-06-26_16h00.29.415,Practice Trials - SYMBIOTIK graphs_2023,2024.1.0,,2026-06-26 16h00.39.070494 +0200,,sphynx_9_Practice Trials - SYMBIOTIK graphs_2023_2026-06-26_16h00.29.415.csv,6,2,fully_adapted,,0,True,9.311403000028747,9.311403000028747,Roro,False,0,True,True,False,all adaptation levels,,,,,,,,,
samples/12 node/12_nodes_S00027/no_caption/non_adapted.png,12.0,2.0,non_adapted,Count the number of ATTACK PATTERN nodes connected with at least 1 low confidence edge? (confidence of 1-3).,,Count the number of ATTACK PATTERN nodes connected with at least 1 low confidence edge? (confidence of 1-3).,0.0,6.0,6.0,31.0,313.3938151999609,,,,,,,,,313.3740579999285,313.3938151999609,313.3938151999609,328.3860762999393,328.38609069993254,328.4023982998915,329.38743369991425,329.3874708999647,329.488682199968,329.488682199968,347.3850462998962,4.0,344.676989999949,0.191518299980089,347.394862899906,347.42372500000056,347.42372500000056,351.3884429999161,351.38845749991015,351.3884785999544,,,,,sphynx_9,1,2026-06-26_16h00.29.415,Practice Trials - SYMBIOTIK graphs_2023,2024.1.0,,2026-06-26 16h00.39.070494 +0200,,sphynx_9_Practice Trials - SYMBIOTIK graphs_2023_2026-06-26_16h00.29.415.csv,12,2,non_adapted,,4,True,15.188307799980976,15.188307799980976,Roro,False,5,True,False,False,all adaptation levels,,,,,,,,,
samples/6 node/6_nodes_S00131/no_caption/nodes_size_value.png,6.0,1.0,size_nodes,Count the number of nodes with high connection counts (node size 7-10),,Count the number of nodes with high connection counts (node size 7-10),0.0,7.0,7.0,18.0,351.40638749999925,,,,,,,,,351.3887271999847,351.40638749999925,351.40638749999925,366.4004769999301,366.4005082999356,366.4169515999965,367.4018349999096,367.40191849996336,367.5146929000039,367.5146929000039,385.3996928998968,6.0,379.7559246999445,0.208140300004743,385.403091599932,385.41593239991926,385.41593239991926,389.4027258999413,389.40275259991176,389.4028009999311,,,,,sphynx_9,1,2026-06-26_16h00.29.415,Practice Trials - SYMBIOTIK graphs_2023,2024.1.0,,2026-06-26 16h00.39.070494 +0200,,sphynx_9_Practice Trials - SYMBIOTIK graphs_2023_2026-06-26_16h00.29.415.csv,6,1,semi_adapted,size_nodes,6,True,12.241231799940579,12.241231799940579,Roro,False,3,True,False,False,all adaptation levels,,,,,,,,,
samples/12 node/12_nodes_S00072/no_caption/fully_adapted.png,12.0,1.0,fully_adapted,How many CYBER OBSERVABLE nodes are in the graph?,3.0,How many CYBER OBSERVABLE nodes are in the graph?,0.0,8.0,8.0,32.0,389.4334128999617,,,,,,,,,389.40330919995904,389.4334128999617,389.4334128999617,404.41555259993766,404.4155653999187,404.4322444999125,405.4162436999613,405.41629069997,405.50416589993984,405.50416589993984,423.4147057998925,3.0,412.7976994999917,0.1667954999720677,423.4205963999266,423.4348571998999,423.4348571998999,427.4045598999364,427.40460359992,427.4046685999492,,,,,sphynx_9,1,2026-06-26_16h00.29.415,Practice Trials - SYMBIOTIK graphs_2023,2024.1.0,,2026-06-26 16h00.39.070494 +0200,,sphynx_9_Practice Trials - SYMBIOTIK graphs_2023_2026-06-26_16h00.29.415.csv,12,1,fully_adapted,,3,True,7.293533600051887,7.293533600051887,Roro,False,3,True,True,False,all adaptation levels,,,,,,,,,
samples/6 node/6_nodes_S00128/no_caption/nodes_color_type.png,6.0,1.0,color_nodes,How many nodes have TLP:GREEN?,1.0,How many nodes have TLP:GREEN?,0.0,9.0,9.0,17.0,427.4232518998906,,,,,,,,,427.4054077999899,427.4232518998906,427.4232518998906,442.41358599998057,442.4136034999974,442.43172999995295,443.41560139996,443.4156526000006,443.5118438999634,443.5118438999634,461.4126408000011,1.0,450.612336399965,0.1756015999708324,461.4170495999279,461.4344399999827,461.4344399999827,465.415930399904,465.415944899898,465.4159664999461,,,,,sphynx_9,1,2026-06-26_16h00.29.415,Practice Trials - SYMBIOTIK graphs_2023,2024.1.0,,2026-06-26 16h00.39.070494 +0200,,sphynx_9_Practice Trials - SYMBIOTIK graphs_2023_2026-06-26_16h00.29.415.csv,6,1,semi_adapted,color_nodes,1,True,7.100492500001565,7.100492500001565,Roro,False,1,True,True,False,all adaptation levels,,,,,,,,,
samples/6 node/6_nodes_S00008/no_caption/non_adapted.png,6.0,1.0,non_adapted,Count the number of nodes with high connection counts (node size 7-10),,Count the number of nodes with high connection counts (node size 7-10),0.0,10.0,10.0,2.0,465.4325295999879,,,,,,,,,465.4162422999507,465.4325295999879,465.4325295999879,480.4281838999596,480.42819599993527,480.4445769999875,481.4290670999326,481.42910389998,481.5404980999883,481.5404980999883,499.4272218999686,2.0,489.6280217999592,0.1361040000338107,499.429536499898,499.4439427999314,499.4439427999314,503.43033000000287,503.4303618998965,503.4304260999197,,,,,sphynx_9,1,2026-06-26_16h00.29.415,Practice Trials - SYMBIOTIK graphs_2023,2024.1.0,,2026-06-26 16h00.39.070494 +0200,,sphynx_9_Practice Trials - SYMBIOTIK graphs_2023_2026-06-26_16h00.29.415.csv,6,1,non_adapted,,2,True,8.087523699970859,8.087523699970859,Roro,False,2,True,True,False,all adaptation levels,,,,,,,,,
samples/12 node/12_nodes_S00012/no_caption/non_adapted.png,12.0,1.0,non_adapted,How many low confidence (confidence 1-3) edges exist in the graph?,,How many low confidence (confidence 1-3) edges exist in the graph?,0.0,11.0,11.0,27.0,503.46188590000384,,,,,,,,,503.43109559989534,503.46188590000384,503.46188590000384,518.4427348999307,518.44275009993,518.4594337999588,519.4439465999603,519.4440127999987,519.5491796999704,519.5491796999704,537.441339999903,7.0,531.4044213999296,0.1276549000758677,537.448553299997,537.4624404999195,537.4624404999195,541.4453540999675,541.445368799963,541.4453879999928,,,,,sphynx_9,1,2026-06-26_16h00.29.415,Practice Trials - SYMBIOTIK graphs_2023,2024.1.0,,2026-06-26 16h00.39.070494 +0200,,sphynx_9_Practice Trials - SYMBIOTIK graphs_2023_2026-06-26_16h00.29.415.csv,12,1,non_adapted,,7,True,11.855241699959151,11.855241699959151,Roro,False,8,True,False,False,all adaptation levels,,,,,,,,,
samples/6 node/6_nodes_S00146/no_caption/edge_width_connection_number.png,6.0,2.0,edge_width,Count the number of ATTACK PATTERN nodes connected with at least 1 low confidence edge? (confidence of 1-3).,,Count the number of ATTACK PATTERN nodes connected with at least 1 low confidence edge? (confidence of 1-3).,0.0,12.0,12.0,23.0,541.4633627999574,,,,,,,,,541.4456336000003,541.4633627999574,541.4633627999574,556.4597131999908,556.4597321999026,556.4739269999554,557.4584207999287,557.4584938999033,557.5606132999528,557.5606132999528,575.4565849999199,2.0,574.6040954999626,0.087777700042352,575.4598988998914,575.4752371999202,575.4752371999202,579.4602142999647,579.4602501000045,579.4603261000011,,,,,sphynx_9,1,2026-06-26_16h00.29.415,Practice Trials - SYMBIOTIK graphs_2023,2024.1.0,,2026-06-26 16h00.39.070494 +0200,,sphynx_9_Practice Trials - SYMBIOTIK graphs_2023_2026-06-26_16h00.29.415.csv,6,2,semi_adapted,edge_width,2,True,17.04348220000975,17.04348220000975,Roro,False,2,True,True,False,all adaptation levels,,,,,,,,,
samples/12 node/12_nodes_S00138/no_caption/nodes_color_type.png,12.0,1.0,color_nodes,How many nodes have TLP:GREEN?,4.0,How many nodes have TLP:GREEN?,0.0,13.0,13.0,41.0,579.482554999995,,,,,,,,,579.4608969999244,579.482554999995,579.482554999995,594.4742321999511,594.474252999993,594.4886399999959,595.4729377999902,595.4729860998923,595.5683911999222,595.5683911999222,613.4706829999341,4.0,600.923671699944,0.0968478999566286,613.4732808999252,613.48765679996,613.48765679996,617.4747113999911,617.4747270999942,617.4747464999091,,,,,sphynx_9,1,2026-06-26_16h00.29.415,Practice Trials - SYMBIOTIK graphs_2023,2024.1.0,,2026-06-26 16h00.39.070494 +0200,,sphynx_9_Practice Trials - SYMBIOTIK graphs_2023_2026-06-26_16h00.29.415.csv,12,1,semi_adapted,color_nodes,4,True,5.355280500021763,5.355280500021763,Roro,False,4,True,True,False,all adaptation levels,,,,,,,,,
samples/12 node/12_nodes_S00084/no_caption/fully_adapted.png,12.0,1.0,fully_adapted,How many low confidence (confidence 1-3) edges exist in the graph?,,How many low confidence (confidence 1-3) edges exist in the graph?,0.0,14.0,14.0,35.0,617.4947076999815,,,,,,,,,617.4751405999996,617.4947076999815,617.4947076999815,632.4869673999492,632.4869910998968,632.5035464999964,633.4875807999633,633.4876242999453,633.5717771999771,633.5717771999771,651.4858761999058,7.0,639.1162546999985,0.1675384999252855,651.4882905998966,651.5026035999181,651.5026035999181,655.4891120999819,655.489127799985,655.489147999906,,,,,sphynx_9,1,2026-06-26_16h00.29.415,Practice Trials - SYMBIOTIK graphs_2023,2024.1.0,,2026-06-26 16h00.39.070494 +0200,,sphynx_9_Practice Trials - SYMBIOTIK graphs_2023_2026-06-26_16h00.29.415.csv,12,1,fully_adapted,,7,True,5.544477500021458,5.544477500021458,Roro,False,7,True,True,False,all adaptation levels,,,,,,,,,
samples/12 node/12_nodes_S00015/no_caption/non_adapted.png,12.0,2.0,non_adapted,Count the number of MALWARE nodes connected with at least 1 high confidence edge ( confidence 7-10).,2.0,Count the number of MALWARE nodes connected with at least 1 high confidence edge ( confidence 7-10).,0.0,15.0,15.0,28.0,655.5088861999102,,,,,,,,,655.4894091999158,655.5088861999102,655.5088861999102,670.5017107999884,670.5017244999763,670.5200583999977,671.5050588999875,671.5051323999651,671.5894615999423,671.5894615999423,689.4998823999194,1.0,686.1245329999365,0.1921821000287309,689.5057641000021,689.5172631999012,689.5172631999012,693.5036179999588,693.5036350999726,693.5036618999438,,,,,sphynx_9,1,2026-06-26_16h00.29.415,Practice Trials - SYMBIOTIK graphs_2023,2024.1.0,,2026-06-26 16h00.39.070494 +0200,,sphynx_9_Practice Trials - SYMBIOTIK graphs_2023_2026-06-26_16h00.29.415.csv,12,2,non_adapted,,1,True,14.535071399994195,14.535071399994195,Roro,False,2,True,False,False,all adaptation levels,,,,,,,,,
samples/12 node/12_nodes_S00156/no_caption/edge_width_connection_number.png,12.0,2.0,edge_width,Count the number of ATTACK PATTERN nodes connected with at least 1 low confidence edge? (confidence of 1-3).,,Count the number of ATTACK PATTERN nodes connected with at least 1 low confidence edge? (confidence of 1-3).,0.0,16.0,16.0,47.0,693.5363308999222,,,,,,,,,693.5040765999584,693.5363308999222,693.5363308999222,708.5164696999127,708.5164837999037,708.5328313999344,709.5173866999103,709.5174519999418,709.6121051999507,709.6121051999507,727.515068699955,4.0,721.357308799983,0.1661892000120133,727.5176219999557,727.5312665998936,727.5312665998936,731.5184978999896,731.5185110999737,731.5185292999959,,,,,sphynx_9,1,2026-06-26_16h00.29.415,Practice Trials - SYMBIOTIK graphs_2023,2024.1.0,,2026-06-26 16h00.39.070494 +0200,,sphynx_9_Practice Trials - SYMBIOTIK graphs_2023_2026-06-26_16h00.29.415.csv,12,2,semi_adapted,edge_width,4,True,11.745203600032255,11.745203600032255,Roro,False,4,True,True,False,all adaptation levels,,,,,,,,,
samples/12 node/12_nodes_S00075/no_caption/fully_adapted.png,12.0,1.0,fully_adapted,How many nodes have TLP:GREEN?,4.0,How many nodes have TLP:GREEN?,0.0,17.0,17.0,33.0,731.5352298999205,,,,,,,,,731.5188299999572,731.5352298999205,731.5352298999205,746.5303334000055,746.5303678999189,746.5471944999881,747.5314825999085,747.5315210999688,747.6197520999704,747.6197520999704,765.5298823999474,4.0,753.5796572999097,0.1038026000605896,765.5392678999342,765.551730099949,765.551730099949,769.5334190999856,769.5334534998983,769.5335188999306,,,,,sphynx_9,1,2026-06-26_16h00.29.415,Practice Trials - SYMBIOTIK graphs_2023,2024.1.0,,2026-06-26 16h00.39.070494 +0200,,sphynx_9_Practice Trials - SYMBIOTIK graphs_2023_2026-06-26_16h00.29.415.csv,12,1,fully_adapted,,4,True,5.959905199939385,5.959905199939385,Roro,False,4,True,True,False,all adaptation levels,,,,,,,,,
samples/12 node/12_nodes_S00024/no_caption/non_adapted.png,12.0,2.0,non_adapted,Count the number of MALWARE nodes with high connection counts (node size 7-10),,Count the number of MALWARE nodes with high connection counts (node size 7-10),0.0,18.0,18.0,30.0,769.5623088999419,,,,,,,,,769.5343114999123,769.5623088999419,769.5623088999419,784.545392400003,784.5454182999674,784.5616401999723,785.5461175999371,785.5461697999854,785.6348654999165,785.6348654999165,803.5444292000029,0.0,797.6519893999211,0.4074052000651136,803.5469508999959,803.5609061999712,803.5609061999712,807.5476603999268,807.5476959999651,807.5477627998916,,,,,sphynx_9,1,2026-06-26_16h00.29.415,Practice Trials - SYMBIOTIK graphs_2023,2024.1.0,,2026-06-26 16h00.39.070494 +0200,,sphynx_9_Practice Trials - SYMBIOTIK graphs_2023_2026-06-26_16h00.29.415.csv,12,2,non_adapted,,0,True,12.017123900004663,12.017123900004663,Roro,False,3,True,False,False,all adaptation levels,,,,,,,,,
samples/6 node/6_nodes_S00026/no_caption/non_adapted.png,6.0,2.0,non_adapted,Count the number of ATTACK PATTERN nodes connected with at least 1 low confidence edge? (confidence of 1-3).,,Count the number of ATTACK PATTERN nodes connected with at least 1 low confidence edge? (confidence of 1-3).,0.0,19.0,19.0,7.0,807.5677370999474,,,,,,,,,807.5484695999185,807.5677370999474,807.5677370999474,822.5598927999381,822.5599050999153,822.5766003999161,823.5606935999822,823.5607296999078,823.6596909998916,823.6596909998916,841.5598938999465,1.0,833.8364251999883,0.2474415999604389,841.5623921999941,841.5756116999546,841.5756116999546,845.5621430999599,845.5621688999236,845.5622024999466,,,,,sphynx_9,1,2026-06-26_16h00.29.415,Practice Trials - SYMBIOTIK graphs_2023,2024.1.0,,2026-06-26 16h00.39.070494 +0200,,sphynx_9_Practice Trials - SYMBIOTIK graphs_2023_2026-06-26_16h00.29.415.csv,6,2,non_adapted,,1,True,10.17673420009669,10.17673420009669,Roro,False,1,True,True,False,all adaptation levels,,,,,,,,,
samples/12 node/12_nodes_S00009/no_caption/non_adapted.png,12.0,1.0,non_adapted,Count the number of nodes with high connection counts (node size 7-10),,Count the number of nodes with high connection counts (node size 7-10),0.0,20.0,20.0,26.0,845.5804519999074,,,,,,,,,845.562642899924,845.5804519999074,845.5804519999074,860.5778326999862,860.5778453999665,860.5915956998942,861.5759141999297,861.5759519999847,861.6676085999934,861.6676085999934,879.577262799954,7.0,871.1957461999264,0.2241797000169754,879.580798799987,879.5933074998902,879.5933074998902,883.5771300999913,883.5771458999952,883.5771741999779,,,,,sphynx_9,1,2026-06-26_16h00.29.415,Practice Trials - SYMBIOTIK graphs_2023,2024.1.0,,2026-06-26 16h00.39.070494 +0200,,sphynx_9_Practice Trials - SYMBIOTIK graphs_2023_2026-06-26_16h00.29.415.csv,12,1,non_adapted,,7,True,9.528137599932961,9.528137599932961,Roro,False,7,True,True,False,all adaptation levels,,,,,,,,,
samples/12 node/12_nodes_S00141/no_caption/nodes_size_value.png,12.0,1.0,size_nodes,Count the number of nodes with high connection counts (node size 7-10),,Count the number of nodes with high connection counts (node size 7-10),0.0,21.0,21.0,42.0,883.5935771999648,,,,,,,,,883.5774491999764,883.5935771999648,883.5935771999648,898.5901000999147,898.5901143999072,898.6066804999718,899.59039259993,899.5904666999122,899.7241226999322,899.7241226999322,917.5883073000005,7.0,914.1237901999848,0.3209628999466076,917.5942585999146,917.6047163999174,917.6047163999174,921.578729199944,921.5787471999648,921.5787721999222,,,,,sphynx_9,1,2026-06-26_16h00.29.415,Practice Trials - SYMBIOTIK graphs_2023,2024.1.0,,2026-06-26 16h00.39.070494 +0200,,sphynx_9_Practice Trials - SYMBIOTIK graphs_2023_2026-06-26_16h00.29.415.csv,12,1,semi_adapted,size_nodes,7,True,14.399667500052601,14.399667500052601,Roro,False,4,True,False,False,all adaptation levels,,,,,,,,,
samples/12 node/12_nodes_S00144/no_caption/edge_width_connection_number.png,12.0,1.0,edge_width,How many low confidence (confidence 1-3) edges exist in the graph?,,How many low confidence (confidence 1-3) edges exist in the graph?,0.0,22.0,22.0,43.0,921.5986192999408,,,,,,,,,921.5792998999824,921.5986192999408,921.5986192999408,936.5869674999268,936.586997599923,936.6042492999696,937.5883748999332,937.5884108999744,937.6775790998944,937.6775790998944,955.5865526999114,3.0,947.2516904999502,0.1684207000071182,955.5893131999763,955.6029724999098,955.6029724999098,959.5905474999454,959.5905661999714,959.590593199944,,,,,sphynx_9,1,2026-06-26_16h00.29.415,Practice Trials - SYMBIOTIK graphs_2023,2024.1.0,,2026-06-26 16h00.39.070494 +0200,,sphynx_9_Practice Trials - SYMBIOTIK graphs_2023_2026-06-26_16h00.29.415.csv,12,1,semi_adapted,edge_width,3,True,9.574111400055813,9.574111400055813,Roro,False,3,True,True,False,all adaptation levels,,,,,,,,,
samples/6 node/6_nodes_S00137/no_caption/nodes_shape_tlp.png,6.0,2.0,shape_nodes,Count the number of MALWARE nodes connected with at least 1 high confidence edge ( confidence 7-10).,2.0,Count the number of MALWARE nodes connected with at least 1 high confidence edge ( confidence 7-10).,0.0,23.0,23.0,20.0,959.6137122999644,,,,,,,,,959.590947199962,959.6137122999644,959.6137122999644,974.6018905999372,974.6019090999616,974.6184090999886,975.6030006998916,975.6030815999256,975.7098279999336,975.7098279999336,993.601170299924,2.0,991.5952209999086,0.1126602999866008,993.608279399923,993.6224780000048,993.6224780000048,997.607605899917,997.6076378999278,997.6076668999158,,,,,sphynx_9,1,2026-06-26_16h00.29.415,Practice Trials - SYMBIOTIK graphs_2023,2024.1.0,,2026-06-26 16h00.39.070494 +0200,,sphynx_9_Practice Trials - SYMBIOTIK graphs_2023_2026-06-26_16h00.29.415.csv,6,2,semi_adapted,shape_nodes,2,True,15.88539299997501,15.88539299997501,Roro,False,2,True,True,False,all adaptation levels,,,,,,,,,
samples/6 node/6_nodes_S00074/no_caption/fully_adapted.png,6.0,1.0,fully_adapted,How many low confidence (confidence 1-3) edges exist in the graph?,,How many low confidence (confidence 1-3) edges exist in the graph?,0.0,24.0,24.0,11.0,997.6277235999004,,,,,,,,,997.6080857999624,997.6277235999004,997.6277235999004,1012.61701799999,1012.6170353000052,1012.6351048999932,1013.6195152999136,1013.619566999958,1013.7162649999372,1013.7162649999372,1031.615831199917,2.0,1018.5874762999592,0.2881733999820426,1031.6189566999674,1031.632855199976,1031.632855199976,1035.6192061000038,1035.6192238999065,1215.6174403999466,1035.6625984999118,,,,sphynx_9,1,2026-06-26_16h00.29.415,Practice Trials - SYMBIOTIK graphs_2023,2024.1.0,,2026-06-26 16h00.39.070494 +0200,,sphynx_9_Practice Trials - SYMBIOTIK graphs_2023_2026-06-26_16h00.29.415.csv,6,1,fully_adapted,,2,True,4.8712113000220825,4.8712113000220825,Roro,False,2,True,True,False,all adaptation levels,,,,,,,,,
samples/6 node/6_nodes_S00080/no_caption/fully_adapted.png,6.0,2.0,fully_adapted,Count the number of nodes with TLP:RED connected to at least 1 node with high connection count (node size 7-10).,1.0,Count the number of nodes with TLP:RED connected to at least 1 node with high connection count (node size 7-10).,0.0,25.0,25.0,13.0,1215.6350518999388,,,,,,,,,1215.6177186999705,1215.6350518999388,1215.6350518999388,1230.613329899963,1230.6133446999593,1230.6297397000017,1231.6133515998954,1231.6134178999346,1231.7209826000037,1231.7209826000037,1249.6118487999777,2.0,1241.180506399949,0.1825003999983891,1249.6195689999731,1249.630581000005,1249.630581000005,1253.6151649999665,1253.615178399952,1253.6151984999888,,,,,sphynx_9,1,2026-06-26_16h00.29.415,Practice Trials - SYMBIOTIK graphs_2023,2024.1.0,,2026-06-26 16h00.39.070494 +0200,,sphynx_9_Practice Trials - SYMBIOTIK graphs_2023_2026-06-26_16h00.29.415.csv,6,2,fully_adapted,,2,True,9.459523799945373,9.459523799945373,Roro,False,1,True,False,False,all adaptation levels,,,,,,,,,
samples/6 node/6_nodes_S00134/no_caption/edge_width_connection_number.png,6.0,1.0,edge_width,How many low confidence (confidence 1-3) edges exist in the graph?,,How many low confidence (confidence 1-3) edges exist in the graph?,0.0,26.0,26.0,19.0,1253.635865899967,,,,,,,,,1253.6154769998975,1253.635865899967,1253.635865899967,1268.627248399891,1268.6272610999877,1268.6446900999872,1269.628945699893,1269.6290566999232,1269.7319315999048,1269.7319315999048,1287.6311864999589,3.0,1273.851755199954,0.1036308000329881,1287.6351227998966,1287.647077600006,1287.647077600006,1291.630240599974,1291.6302644999232,1291.630316599971,,,,,sphynx_9,1,2026-06-26_16h00.29.415,Practice Trials - SYMBIOTIK graphs_2023,2024.1.0,,2026-06-26 16h00.39.070494 +0200,,sphynx_9_Practice Trials - SYMBIOTIK graphs_2023_2026-06-26_16h00.29.415.csv,6,1,semi_adapted,edge_width,3,True,4.119823600049131,4.119823600049131,Roro,False,3,True,True,False,all adaptation levels,,,,,,,,,
samples/12 node/12_nodes_S00093/no_caption/fully_adapted.png,12.0,2.0,fully_adapted,Count the number of MALWARE nodes with high connection counts (node size 7-10),,Count the number of MALWARE nodes with high connection counts (node size 7-10),0.0,27.0,27.0,38.0,1291.6518025998955,,,,,,,,,1291.6308045999613,1291.6518025998955,1291.6518025998955,1306.6412891999353,1306.6413047999376,1306.6578839999856,1307.64274619997,1307.6428126998944,1307.7374861999417,1307.7374861999417,1325.6398948999122,0.0,1322.4679753999226,0.3511425000615418,1325.6423509999877,1325.6566305999877,1325.6566305999877,1329.644227199955,1329.6442421999527,1329.6442618999863,,,,,sphynx_9,1,2026-06-26_16h00.29.415,Practice Trials - SYMBIOTIK graphs_2023,2024.1.0,,2026-06-26 16h00.39.070494 +0200,,sphynx_9_Practice Trials - SYMBIOTIK graphs_2023_2026-06-26_16h00.29.415.csv,12,2,fully_adapted,,0,True,14.730489199980866,14.730489199980866,Roro,False,1,True,False,False,all adaptation levels,,,,,,,,,
samples/12 node/12_nodes_S00081/no_caption/fully_adapted.png,12.0,1.0,fully_adapted,Count the number of nodes with high connection counts (node size 7-10),,Count the number of nodes with high connection counts (node size 7-10),0.0,28.0,28.0,34.0,1329.6620451000051,,,,,,,,,1329.644588499912,1329.6620451000051,1329.6620451000051,1344.6571070998907,1344.657125699916,1344.673798099975,1345.6581251999596,1345.6582088998985,1345.756222199998,1345.756222199998,1363.6559371999465,7.0,1362.3962067998946,0.2402197000337764,1363.658759099897,1363.673489299952,1363.673489299952,1367.6590908999788,1367.659104899969,1367.659125899896,,,,,sphynx_9,1,2026-06-26_16h00.29.415,Practice Trials - SYMBIOTIK graphs_2023,2024.1.0,,2026-06-26 16h00.39.070494 +0200,,sphynx_9_Practice Trials - SYMBIOTIK graphs_2023_2026-06-26_16h00.29.415.csv,12,1,fully_adapted,,7,True,16.63998459989648,16.63998459989648,Roro,False,7,True,True,False,all adaptation levels,,,,,,,,,
samples/12 node/12_nodes_S00003/no_caption/non_adapted.png,12.0,1.0,non_adapted,How many CYBER OBSERVABLE nodes are in the graph?,4.0,How many CYBER OBSERVABLE nodes are in the graph?,0.0,29.0,29.0,24.0,1367.676090899971,,,,,,,,,1367.6593732999172,1367.676090899971,1367.676090899971,1382.6717904999389,1382.671815599897,1382.6882291999646,1383.6731448000064,1383.6732066998957,1383.7776809999486,1383.7776809999486,1401.6711586999008,4.0,1392.5808883999707,0.206454399973154,1401.674986799946,1401.687202599947,1401.687202599947,1405.673595799948,1405.6736089999322,1405.673627799959,,,,,sphynx_9,1,2026-06-26_16h00.29.415,Practice Trials - SYMBIOTIK graphs_2023,2024.1.0,,2026-06-26 16h00.39.070494 +0200,,sphynx_9_Practice Trials - SYMBIOTIK graphs_2023_2026-06-26_16h00.29.415.csv,12,1,non_adapted,,4,True,8.803207400022075,8.803207400022075,Roro,False,4,True,True,False,all adaptation levels,,,,,,,,,
samples/12 node/12_nodes_S00006/no_caption/non_adapted.png,12.0,1.0,non_adapted,How many nodes have TLP:GREEN?,1.0,How many nodes have TLP:GREEN?,0.0,30.0,30.0,25.0,1405.693295200006,,,,,,,,,1405.673866899917,1405.693295200006,1405.693295200006,1420.6874545000028,1420.6874880999094,1420.7034118999727,1421.6871065999148,1421.687144699972,1421.777176299947,1421.777176299947,1439.6854438999435,1.0,1433.5797824999318,0.255614300025627,1439.6879121999957,1439.701893899939,1439.701893899939,1443.6914814999327,1443.6914998999564,1443.691529899952,,,,,sphynx_9,1,2026-06-26_16h00.29.415,Practice Trials - SYMBIOTIK graphs_2023,2024.1.0,,2026-06-26 16h00.39.070494 +0200,,sphynx_9_Practice Trials - SYMBIOTIK graphs_2023_2026-06-26_16h00.29.415.csv,12,1,non_adapted,,1,True,11.802606199984666,11.802606199984666,Roro,False,1,True,True,False,all adaptation levels,,,,,,,,,
samples/12 node/12_nodes_S00087/no_caption/fully_adapted.png,12.0,2.0,fully_adapted,Count the number of MALWARE nodes connected with at least 1 high confidence edge ( confidence 7-10).,3.0,Count the number of MALWARE nodes connected with at least 1 high confidence edge ( confidence 7-10).,0.0,31.0,31.0,36.0,1443.711807899992,,,,,,,,,1443.692089099903,1443.711807899992,1443.711807899992,1458.7016471999232,1458.701664299937,1458.7194127999246,1459.7051965999417,1459.7052567999344,1459.8074216999812,1459.8074216999812,1477.7041610999731,3.0,1468.3868425999535,0.2083097000140696,1477.7097409999697,1477.7207403999057,1477.7207403999057,1481.702801699983,1481.7028163999785,1481.7028362998972,,,,,sphynx_9,1,2026-06-26_16h00.29.415,Practice Trials - SYMBIOTIK graphs_2023,2024.1.0,,2026-06-26 16h00.39.070494 +0200,,sphynx_9_Practice Trials - SYMBIOTIK graphs_2023_2026-06-26_16h00.29.415.csv,12,2,fully_adapted,,3,True,8.57942089997232,8.57942089997232,Roro,False,3,True,True,False,all adaptation levels,,,,,,,,,
samples/6 node/6_nodes_S00014/no_caption/non_adapted.png,6.0,1.0,non_adapted,How many low confidence (confidence 1-3) edges exist in the graph?,,How many low confidence (confidence 1-3) edges exist in the graph?,0.0,32.0,32.0,3.0,1481.7203112998975,,,,,,,,,1481.703081799904,1481.7203112998975,1481.7203112998975,1496.7155549000015,1496.7155685999896,1496.7327368999831,1497.7163983999053,1497.7164475999307,1497.8075157999992,1497.8075157999992,1515.7146722999169,3.0,1506.9234362998975,0.2797812001081183,1515.722958499915,1515.733737799921,1515.733737799921,1519.7188851999815,1519.718912399956,1519.7189609999768,,,,,sphynx_9,1,2026-06-26_16h00.29.415,Practice Trials - SYMBIOTIK graphs_2023,2024.1.0,,2026-06-26 16h00.39.070494 +0200,,sphynx_9_Practice Trials - SYMBIOTIK graphs_2023_2026-06-26_16h00.29.415.csv,6,1,non_adapted,,3,True,9.115920499898266,9.115920499898266,Roro,False,3,True,True,False,all adaptation levels,,,,,,,,,
samples/6 node/6_nodes_S00065/no_caption/fully_adapted.png,6.0,1.0,fully_adapted,How many CYBER OBSERVABLE nodes are in the graph?,2.0,How many CYBER OBSERVABLE nodes are in the graph?,0.0,33.0,33.0,8.0,1519.7457080999156,,,,,,,,,1519.7195244999602,1519.7457080999156,1519.7457080999156,1534.7300804998958,1534.730094700004,1534.7469691999722,1535.7312991999788,1535.731362999999,1535.831442099996,1535.831442099996,1553.729314199998,2.0,1542.1869561999338,0.1597282000584527,1553.7325565000065,1553.7464396998985,1553.7464396998985,1557.732133799931,1557.7321477999212,1557.732165799942,,,,,sphynx_9,1,2026-06-26_16h00.29.415,Practice Trials - SYMBIOTIK graphs_2023,2024.1.0,,2026-06-26 16h00.39.070494 +0200,,sphynx_9_Practice Trials - SYMBIOTIK graphs_2023_2026-06-26_16h00.29.415.csv,6,1,fully_adapted,,2,True,6.355514099937864,6.355514099937864,Roro,False,2,True,True,False,all adaptation levels,,,,,,,,,
samples/12 node/12_nodes_S00096/no_caption/fully_adapted.png,12.0,2.0,fully_adapted,Count the number of ATTACK PATTERN nodes connected with at least 1 low confidence edge? (confidence of 1-3).,,Count the number of ATTACK PATTERN nodes connected with at least 1 low confidence edge? (confidence of 1-3).,0.0,34.0,34.0,39.0,1557.749055699911,,,,,,,,,1557.7324008999858,1557.749055699911,1557.749055699911,1572.7455479999771,1572.7455617999658,1572.761541099986,1573.745855999994,1573.7458930999271,1573.859943099902,1573.859943099902,1591.7437941998942,4.0,1583.1309190999018,0.4160397000377998,1591.7504700999707,1591.7630992999766,1591.7630992999766,1595.7472704999382,1595.7473199999658,1595.7474231999367,,,,,sphynx_9,1,2026-06-26_16h00.29.415,Practice Trials - SYMBIOTIK graphs_2023,2024.1.0,,2026-06-26 16h00.39.070494 +0200,,sphynx_9_Practice Trials - SYMBIOTIK graphs_2023_2026-06-26_16h00.29.415.csv,12,2,fully_adapted,,4,True,9.270975999999791,9.270975999999791,Roro,False,4,True,True,False,all adaptation levels,,,,,,,,,
samples/6 node/6_nodes_S00140/no_caption/nodes_color_type.png,6.0,2.0,color_nodes,Count the number of nodes with TLP:RED connected to at least 1 node with high connection count (node size 7-10).,0.0,Count the number of nodes with TLP:RED connected to at least 1 node with high connection count (node size 7-10).,0.0,35.0,35.0,21.0,1595.779092599987,,,,,,,,,1595.7480325999204,1595.779092599987,1595.779092599987,1610.7594470999902,1610.7594750999706,1610.7764126999537,1611.760663999943,1611.7607288999716,1611.869709999999,1611.869709999999,1629.7583176000044,0.0,1624.4432652998948,0.4076438000192866,1629.7652987999609,1629.7771977999946,1629.7771977999946,1633.762611299986,1633.762629399891,1633.7626562999794,,,,,sphynx_9,1,2026-06-26_16h00.29.415,Practice Trials - SYMBIOTIK graphs_2023,2024.1.0,,2026-06-26 16h00.39.070494 +0200,,sphynx_9_Practice Trials - SYMBIOTIK graphs_2023_2026-06-26_16h00.29.415.csv,6,2,semi_adapted,color_nodes,0,True,12.573555299895816,12.573555299895816,Roro,False,0,True,True,False,all adaptation levels,,,,,,,,,
samples/6 node/6_nodes_S00005/no_caption/non_adapted.png,6.0,1.0,non_adapted,How many nodes have TLP:GREEN?,3.0,How many nodes have TLP:GREEN?,0.0,36.0,36.0,1.0,1633.782404699945,,,,,,,,,1633.7630234999815,1633.782404699945,1633.782404699945,1648.7748261999805,1648.7748402999714,1648.7911875999998,1649.7754069999792,1649.7754480999429,1649.8694676999005,1649.8694676999005,1667.773393699899,3.0,1662.6353239999153,0.1113235000520944,1667.7795607999433,1667.7921545999125,1667.7921545999125,1671.7630763999186,1671.7630989999743,1671.7631286999676,,,,,sphynx_9,1,2026-06-26_16h00.29.415,Practice Trials - SYMBIOTIK graphs_2023,2024.1.0,,2026-06-26 16h00.39.070494 +0200,,sphynx_9_Practice Trials - SYMBIOTIK graphs_2023_2026-06-26_16h00.29.415.csv,6,1,non_adapted,,3,True,12.765856300014775,12.765856300014775,Roro,False,3,True,True,False,all adaptation levels,,,,,,,,,
samples/6 node/6_nodes_S00125/no_caption/nodes_shape_tlp.png,6.0,1.0,shape_nodes,How many CYBER OBSERVABLE nodes are in the graph?,2.0,How many CYBER OBSERVABLE nodes are in the graph?,0.0,37.0,37.0,16.0,1671.7825286999578,,,,,,,,,1671.7635185999095,1671.7825286999578,1671.7825286999578,1686.7741777999329,1686.7741981999716,1686.7893762999447,1687.7731450999854,1687.773179999902,1687.860279799905,1687.860279799905,1705.7752827999648,2.0,1693.1471034999704,0.2651154999621212,1705.7856148999415,1705.8005096999696,1705.8005096999696,1709.7748682999518,1709.7749028999824,1709.774965299992,,,,,sphynx_9,1,2026-06-26_16h00.29.415,Practice Trials - SYMBIOTIK graphs_2023,2024.1.0,,2026-06-26 16h00.39.070494 +0200,,sphynx_9_Practice Trials - SYMBIOTIK graphs_2023_2026-06-26_16h00.29.415.csv,6,1,semi_adapted,shape_nodes,2,True,5.286823700065497,5.286823700065497,Roro,False,2,True,True,False,all adaptation levels,,,,,,,,,
samples/12 node/12_nodes_S00150/no_caption/nodes_color_type.png,12.0,2.0,color_nodes,Count the number of nodes with TLP:RED connected to at least 1 node with high connection count (node size 7-10).,6.0,Count the number of nodes with TLP:RED connected to at least 1 node with high connection count (node size 7-10).,0.0,38.0,38.0,45.0,1709.8055802999295,,,,,,,,,1709.775637099985,1709.8055802999295,1709.8055802999295,1724.786970899906,1724.7869842998916,1724.80355089996,1725.787749299896,1725.7877880999586,1725.876283199992,1725.876283199992,1743.7860754999565,5.0,1742.8266284998972,0.1126959000248462,1743.7892353999196,1743.8028592999326,1743.8028592999326,1747.7921527998988,1747.7921769999666,1747.792218599934,,,,,sphynx_9,1,2026-06-26_16h00.29.415,Practice Trials - SYMBIOTIK graphs_2023,2024.1.0,,2026-06-26 16h00.39.070494 +0200,,sphynx_9_Practice Trials - SYMBIOTIK graphs_2023_2026-06-26_16h00.29.415.csv,12,2,semi_adapted,color_nodes,5,True,16.950345299905166,16.950345299905166,Roro,False,6,True,False,False,all adaptation levels,,,,,,,,,
samples/6 node/6_nodes_S00083/no_caption/fully_adapted.png,6.0,2.0,fully_adapted,Count the number of MALWARE nodes with high connection counts (node size 7-10),,Count the number of MALWARE nodes with high connection counts (node size 7-10),0.0,39.0,39.0,14.0,1747.8080384999048,,,,,,,,,1747.792793600005,1747.8080384999048,1747.8080384999048,1762.8017127999335,1762.8017486999745,1762.819862699951,1763.8043289999478,1763.8043821000028,1763.9035594000015,1763.9035594000015,1781.8009039999451,3.0,1775.250432199915,0.1845327999908477,1781.8040052999277,1781.8174191999717,1781.8174191999717,1785.80355699989,1785.8035722998902,1785.8035932999337,,,,,sphynx_9,1,2026-06-26_16h00.29.415,Practice Trials - SYMBIOTIK graphs_2023,2024.1.0,,2026-06-26 16h00.39.070494 +0200,,sphynx_9_Practice Trials - SYMBIOTIK graphs_2023_2026-06-26_16h00.29.415.csv,6,2,fully_adapted,,3,True,11.346872799913399,11.346872799913399,Roro,False,1,True,False,False,all adaptation levels,,,,,,,,,
samples/6 node/6_nodes_S00017/no_caption/non_adapted.png,6.0,2.0,non_adapted,Count the number of MALWARE nodes connected with at least 1 high confidence edge ( confidence 7-10).,1.0,Count the number of MALWARE nodes connected with at least 1 high confidence edge ( confidence 7-10).,0.0,40.0,40.0,4.0,1785.8348009999609,,,,,,,,,1785.8039145999355,1785.8348009999609,1785.8348009999609,1800.8165619999636,1800.816576299956,1800.8330140999751,1801.816844799905,1801.8168811999492,1801.8998688999563,1801.8998688999563,1819.815380499931,1.0,1813.0360800999915,0.1990983999567106,1819.8178682998987,1819.832033099956,1819.832033099956,1823.8236168998992,1823.823635399924,1823.8236627998997,,,,,sphynx_9,1,2026-06-26_16h00.29.415,Practice Trials - SYMBIOTIK graphs_2023,2024.1.0,,2026-06-26 16h00.39.070494 +0200,,sphynx_9_Practice Trials - SYMBIOTIK graphs_2023_2026-06-26_16h00.29.415.csv,6,2,non_adapted,,1,True,11.136211200035177,11.136211200035177,Roro,False,1,True,True,False,all adaptation levels,,,,,,,,,
samples/6 node/6_nodes_S00020/no_caption/non_adapted.png,6.0,2.0,non_adapted,Count the number of nodes with TLP:RED connected to at least 1 node with high connection count (node size 7-10).,2.0,Count the number of nodes with TLP:RED connected to at least 1 node with high connection count (node size 7-10).,0.0,41.0,41.0,5.0,1823.8506892999867,,,,,,,,,1823.8240271999969,1823.8506892999867,1823.8506892999867,1838.8332484998973,1838.8332818999188,1838.849114199984,1839.8337864999196,1839.8338467999129,1839.917951599928,1839.917951599928,1857.8341637999984,,,,1857.8392878999,1857.8517997999445,1857.8517997999445,1861.8334497999167,1861.833463899908,1861.83348339994,,,,,sphynx_9,1,2026-06-26_16h00.29.415,Practice Trials - SYMBIOTIK graphs_2023,2024.1.0,,2026-06-26 16h00.39.070494 +0200,,sphynx_9_Practice Trials - SYMBIOTIK graphs_2023_2026-06-26_16h00.29.415.csv,6,2,non_adapted,,,False,,,Roro,False,2,True,False,False,all adaptation levels,,,,,,,,,
samples/6 node/6_nodes_S00086/no_caption/fully_adapted.png,6.0,2.0,fully_adapted,Count the number of ATTACK PATTERN nodes connected with at least 1 low confidence edge? (confidence of 1-3).,,Count the number of ATTACK PATTERN nodes connected with at least 1 low confidence edge? (confidence of 1-3).,0.0,42.0,42.0,15.0,1861.852038099896,,,,,,,,,1861.8337329999777,1861.852038099896,1861.852038099896,1876.8456219999352,1876.845634199912,1876.862577299937,1877.8463257999392,1877.846363699995,1877.9472081999995,1877.9472081999995,1895.844558699988,0.0,1886.6997193999125,0.198533600079827,1895.848816499929,1895.8637922999917,1895.8637922999917,1899.833675899892,1899.833698499948,1899.833729899954,,,,,sphynx_9,1,2026-06-26_16h00.29.415,Practice Trials - SYMBIOTIK graphs_2023,2024.1.0,,2026-06-26 16h00.39.070494 +0200,,sphynx_9_Practice Trials - SYMBIOTIK graphs_2023_2026-06-26_16h00.29.415.csv,6,2,fully_adapted,,0,True,8.752511199912988,8.752511199912988,Roro,False,0,True,True,False,all adaptation levels,,,,,,,,,
samples/6 node/6_nodes_S00071/no_caption/fully_adapted.png,6.0,1.0,fully_adapted,Count the number of nodes with high connection counts (node size 7-10),,Count the number of nodes with high connection counts (node size 7-10),0.0,43.0,43.0,10.0,1899.857901899959,,,,,,,,,1899.834204899962,1899.857901899959,1899.857901899959,1914.8437765999695,1914.8437948999929,1914.861678999965,1915.848084599944,1915.8481332999652,1915.942414399935,1915.942414399935,1933.842993099941,3.0,1927.82658559992,0.2078784999903291,1933.8457943999676,1933.8588025999488,1933.8588025999488,1937.8458105999744,1937.8458254999716,1937.8458467999008,,,,,sphynx_9,1,2026-06-26_16h00.29.415,Practice Trials - SYMBIOTIK graphs_2023,2024.1.0,,2026-06-26 16h00.39.070494 +0200,,sphynx_9_Practice Trials - SYMBIOTIK graphs_2023_2026-06-26_16h00.29.415.csv,6,1,fully_adapted,,3,True,11.884171199985076,11.884171199985076,Roro,False,1,True,False,False,all adaptation levels,,,,,,,,,
samples/6 node/6_nodes_S00002/no_caption/non_adapted.png,6.0,1.0,non_adapted,How many CYBER OBSERVABLE nodes are in the graph?,5.0,How many CYBER OBSERVABLE nodes are in the graph?,0.0,44.0,44.0,0.0,1937.8623664999611,,,,,,,,,1937.846098499955,1937.8623664999611,1937.8623664999611,1952.860953999916,1952.8609674999025,1952.875128099928,1953.85879009997,1953.8588326999447,1953.952278199955,1953.952278199955,1971.85710439994,5.0,1961.490626099985,0.2168734999140724,1971.8647930999289,1971.875848799944,1971.875848799944,1975.860183599987,1975.8602013000052,1975.860227999976,,,,,sphynx_9,1,2026-06-26_16h00.29.415,Practice Trials - SYMBIOTIK graphs_2023,2024.1.0,,2026-06-26 16h00.39.070494 +0200,,sphynx_9_Practice Trials - SYMBIOTIK graphs_2023_2026-06-26_16h00.29.415.csv,6,1,non_adapted,,5,True,7.538347900030203,7.538347900030203,Roro,False,5,True,True,False,all adaptation levels,,,,,,,,,
samples/12 node/12_nodes_S00090/no_caption/fully_adapted.png,12.0,2.0,fully_adapted,Count the number of nodes with TLP:RED connected to at least 1 node with high connection count (node size 7-10).,1.0,Count the number of nodes with TLP:RED connected to at least 1 node with high connection count (node size 7-10).,0.0,45.0,45.0,37.0,1975.879909299896,,,,,,,,,1975.8605004999556,1975.879909299896,1975.879909299896,1990.873258999898,1990.8732857999855,1990.890191099956,1991.8734142999165,1991.87345059996,1991.9592205999647,1991.9592205999647,2009.8722399999388,,,,2009.874888899969,2009.88876719994,2009.88876719994,2013.8748367999212,2013.874854799942,2013.8748789998936,,,,,sphynx_9,1,2026-06-26_16h00.29.415,Practice Trials - SYMBIOTIK graphs_2023,2024.1.0,,2026-06-26 16h00.39.070494 +0200,,sphynx_9_Practice Trials - SYMBIOTIK graphs_2023_2026-06-26_16h00.29.415.csv,12,2,fully_adapted,,,False,,,Roro,False,1,True,False,False,all adaptation levels,,,,,,,,,
samples/12 node/12_nodes_S00153/no_caption/nodes_size_value.png,12.0,2.0,size_nodes,Count the number of MALWARE nodes with high connection counts (node size 7-10),,Count the number of MALWARE nodes with high connection counts (node size 7-10),0.0,46.0,46.0,46.0,2013.8935307000063,,,,,,,,,2013.8753270999296,2013.8935307000063,2013.8935307000063,2028.8882833999812,2028.888312199968,2028.904928099946,2029.8889108999865,2029.8890085999155,2029.9895775999173,2029.9895775999173,2047.8863493999236,3.0,2047.6585773999104,0.0638682000571861,2047.8961591999976,2047.9111905999016,2047.9111905999016,2051.892448099912,2051.8924632999115,2051.8924943999154,,,,,sphynx_9,1,2026-06-26_16h00.29.415,Practice Trials - SYMBIOTIK graphs_2023,2024.1.0,,2026-06-26 16h00.39.070494 +0200,,sphynx_9_Practice Trials - SYMBIOTIK graphs_2023_2026-06-26_16h00.29.415.csv,12,2,semi_adapted,size_nodes,3,True,17.668999799993117,17.668999799993117,Roro,False,1,True,False,False,all adaptation levels,,,,,,,,,
samples/12 node/12_nodes_S00135/no_caption/nodes_shape_tlp.png,12.0,1.0,shape_nodes,How many CYBER OBSERVABLE nodes are in the graph?,4.0,How many CYBER OBSERVABLE nodes are in the graph?,0.0,47.0,47.0,40.0,2051.9147107999306,,,,,,,,,2051.892776699969,2051.9147107999306,2051.9147107999306,2066.902073199977,2066.90210149996,2066.918586899992,2067.903102799901,2067.903180599911,2068.0390457999893,2068.0390457999893,2085.905568999937,4.0,2075.034998799907,0.1434603000525385,2085.909509399906,2085.9199390999274,2085.9199390999274,2089.904854999972,2089.9048678999534,2089.9048857999733,,,,,sphynx_9,1,2026-06-26_16h00.29.415,Practice Trials - SYMBIOTIK graphs_2023,2024.1.0,,2026-06-26 16h00.39.070494 +0200,,sphynx_9_Practice Trials - SYMBIOTIK graphs_2023_2026-06-26_16h00.29.415.csv,12,1,semi_adapted,shape_nodes,4,True,6.99595299991779,6.99595299991779,Roro,False,4,True,True,False,all adaptation levels,,,,,,,,,
samples/6 node/6_nodes_S00023/no_caption/non_adapted.png,6.0,2.0,non_adapted,Count the number of MALWARE nodes with high connection counts (node size 7-10),,Count the number of MALWARE nodes with high connection counts (node size 7-10),0.0,0.0,0.0,6.0,43.27211469999747,,,,,,,,,43.23312290001195,43.27211469999747,43.27211469999747,58.227023199986434,58.227041600010125,58.24671589999343,59.22824490000494,59.22829440000351,59.31872119999025,59.31872119999025,77.22588589999941,0.0,65.6909808999917,0.1036665000137873,77.22876359999646,77.25826279999455,77.25826279999455,81.23146959999576,81.23148499999661,81.23150659998646,,,,,sphynx_2,1,2026-06-18_17h55.48.139,Practice Trials - SYMBIOTIK graphs_2023,2024.1.0,,2026-06-18 17h55.58.778620 +0200,,sphynx_2_Practice Trials - SYMBIOTIK graphs_2023_2026-06-18_17h55.48.139.csv,6,2,non_adapted,,0,True,6.37225970000145,6.37225970000145,Sofie,False,0,True,True,False,all adaptation levels,,,,,,,,,
samples/12 node/12_nodes_S00018/no_caption/non_adapted.png,12.0,2.0,non_adapted,Count the number of nodes with TLP:RED connected to at least 1 node with high connection count (node size 7-10).,3.0,Count the number of nodes with TLP:RED connected to at least 1 node with high connection count (node size 7-10).,0.0,1.0,1.0,29.0,81.26234620000469,,,,,,,,,81.23177049998776,81.26234620000469,81.26234620000469,96.24186549999284,96.24187709999389,96.25880710000638,97.24285799998324,97.24289860000135,97.32740740000736,97.32740740000736,115.24100609999732,2.0,114.73077190000912,0.087839999992866,115.24383409999427,115.25764209998306,115.25764209998306,119.24413350000395,119.2441470999911,119.24416490001022,,,,,sphynx_2,1,2026-06-18_17h55.48.139,Practice Trials - SYMBIOTIK graphs_2023,2024.1.0,,2026-06-18 17h55.58.778620 +0200,,sphynx_2_Practice Trials - SYMBIOTIK graphs_2023_2026-06-18_17h55.48.139.csv,12,2,non_adapted,,2,True,17.403364500001757,17.403364500001757,Sofie,False,3,True,False,False,all adaptation levels,,,,,,,,,
samples/12 node/12_nodes_S00147/no_caption/nodes_shape_tlp.png,12.0,2.0,shape_nodes,Count the number of MALWARE nodes connected with at least 1 high confidence edge ( confidence 7-10).,2.0,Count the number of MALWARE nodes connected with at least 1 high confidence edge ( confidence 7-10).,0.0,2.0,2.0,44.0,119.26270950000615,,,,,,,,,119.24440409999806,119.26270950000615,119.26270950000615,134.25912599998992,134.2591395000054,134.27307520000613,135.25735679999343,135.25739169999724,135.34634540000116,135.34634540000116,153.2558003999875,1.0,149.05788569999277,0.1058506999979727,153.25849649999873,153.27243099999032,153.27243099999032,157.25884860000224,157.2588613999833,157.2588786999986,,,,,sphynx_2,1,2026-06-18_17h55.48.139,Practice Trials - SYMBIOTIK graphs_2023,2024.1.0,,2026-06-18 17h55.58.778620 +0200,,sphynx_2_Practice Trials - SYMBIOTIK graphs_2023_2026-06-18_17h55.48.139.csv,12,2,semi_adapted,shape_nodes,1,True,13.711540299991611,13.711540299991611,Sofie,False,2,True,False,False,all adaptation levels,,,,,,,,,
samples/6 node/6_nodes_S00068/no_caption/fully_adapted.png,6.0,1.0,fully_adapted,How many nodes have TLP:GREEN?,5.0,How many nodes have TLP:GREEN?,0.0,3.0,3.0,9.0,157.27720579999732,,,,,,,,,157.25911859999178,157.27720579999732,157.27720579999732,172.27126330000465,172.27127639998798,172.28761020000093,173.27189149998594,173.27193270000862,173.3620879999944,173.3620879999944,191.2704528000031,5.0,178.7065797999967,0.0715904000098817,191.27291040000276,191.28633050000644,191.28633050000644,195.27313859999413,195.27315200000885,195.2731711000088,,,,,sphynx_2,1,2026-06-18_17h55.48.139,Practice Trials - SYMBIOTIK graphs_2023,2024.1.0,,2026-06-18 17h55.58.778620 +0200,,sphynx_2_Practice Trials - SYMBIOTIK graphs_2023_2026-06-18_17h55.48.139.csv,6,1,fully_adapted,,5,True,5.344491800002288,5.344491800002288,Sofie,False,5,True,True,False,all adaptation levels,,,,,,,,,
samples/6 node/6_nodes_S00143/no_caption/nodes_size_value.png,6.0,2.0,size_nodes,Count the number of MALWARE nodes with high connection counts (node size 7-10),,Count the number of MALWARE nodes with high connection counts (node size 7-10),0.0,4.0,4.0,22.0,195.2901970999956,,,,,,,,,195.27343380000093,195.2901970999956,195.2901970999956,210.28637940000044,210.28640219999943,210.3025563999836,211.28686190000732,211.2869011999865,211.3745140999963,211.3745140999963,229.2847061000066,0.0,216.12164910000865,0.0888084000034723,229.2876874000067,229.302870399988,229.302870399988,233.2884337999858,233.28845699998783,233.2884800999891,,,,,sphynx_2,1,2026-06-18_17h55.48.139,Practice Trials - SYMBIOTIK graphs_2023,2024.1.0,,2026-06-18 17h55.58.778620 +0200,,sphynx_2_Practice Trials - SYMBIOTIK graphs_2023_2026-06-18_17h55.48.139.csv,6,2,semi_adapted,size_nodes,0,True,4.747135000012349,4.747135000012349,Sofie,False,2,True,False,False,all adaptation levels,,,,,,,,,
samples/6 node/6_nodes_S00077/no_caption/fully_adapted.png,6.0,2.0,fully_adapted,Count the number of MALWARE nodes connected with at least 1 high confidence edge ( confidence 7-10).,0.0,Count the number of MALWARE nodes connected with at least 1 high confidence edge ( confidence 7-10).,0.0,5.0,5.0,12.0,233.3065084999835,,,,,,,,,233.2887431999843,233.3065084999835,233.3065084999835,248.3003868999949,248.3003982999944,248.31699049999588,249.3012553000008,249.301295399986,249.3894314999925,249.3894314999925,267.2994067000109,0.0,256.03477480000583,0.0888414999935776,267.30194869998377,267.3159772999934,267.3159772999934,271.3022443999944,271.30225740000606,271.30227580000064,,,,,sphynx_2,1,2026-06-18_17h55.48.139,Practice Trials - SYMBIOTIK graphs_2023,2024.1.0,,2026-06-18 17h55.58.778620 +0200,,sphynx_2_Practice Trials - SYMBIOTIK graphs_2023_2026-06-18_17h55.48.139.csv,6,2,fully_adapted,,0,True,6.645343300013337,6.645343300013337,Sofie,False,0,True,True,False,all adaptation levels,,,,,,,,,
samples/12 node/12_nodes_S00027/no_caption/non_adapted.png,12.0,2.0,non_adapted,Count the number of ATTACK PATTERN nodes connected with at least 1 low confidence edge? (confidence of 1-3).,,Count the number of ATTACK PATTERN nodes connected with at least 1 low confidence edge? (confidence of 1-3).,0.0,6.0,6.0,31.0,271.322107999993,,,,,,,,,271.3025232999935,271.322107999993,271.322107999993,286.31553729999,286.31555229998776,286.33160030000727,287.3158223000064,287.315861399984,287.4074011000048,287.4074011000048,305.3167800999945,,,,305.3192857000104,305.3444462000043,305.3444462000043,309.31901300000027,309.31902809999883,309.3190457999881,,,,,sphynx_2,1,2026-06-18_17h55.48.139,Practice Trials - SYMBIOTIK graphs_2023,2024.1.0,,2026-06-18 17h55.58.778620 +0200,,sphynx_2_Practice Trials - SYMBIOTIK graphs_2023_2026-06-18_17h55.48.139.csv,12,2,non_adapted,,,False,,,Sofie,False,5,True,False,False,all adaptation levels,,,,,,,,,
samples/6 node/6_nodes_S00131/no_caption/nodes_size_value.png,6.0,1.0,size_nodes,Count the number of nodes with high connection counts (node size 7-10),,Count the number of nodes with high connection counts (node size 7-10),0.0,7.0,7.0,18.0,309.33442669999204,,,,,,,,,309.3193358999852,309.33442669999204,309.33442669999204,324.3297433999833,324.32975820000865,324.34844060000614,325.3315579000045,325.33159879999585,325.419349600008,325.419349600008,343.328817600006,3.0,330.8182357999904,0.0802450000192038,343.3312786000024,343.34533399998327,343.34533399998327,347.3318050999951,347.3318178000045,347.331835399993,,,,,sphynx_2,1,2026-06-18_17h55.48.139,Practice Trials - SYMBIOTIK graphs_2023,2024.1.0,,2026-06-18 17h55.58.778620 +0200,,sphynx_2_Practice Trials - SYMBIOTIK graphs_2023_2026-06-18_17h55.48.139.csv,6,1,semi_adapted,size_nodes,3,True,5.398886199982428,5.398886199982428,Sofie,False,3,True,True,False,all adaptation levels,,,,,,,,,
samples/12 node/12_nodes_S00072/no_caption/fully_adapted.png,12.0,1.0,fully_adapted,How many CYBER OBSERVABLE nodes are in the graph?,3.0,How many CYBER OBSERVABLE nodes are in the graph?,0.0,8.0,8.0,32.0,347.3520840999845,,,,,,,,,347.33208910000394,347.3520840999845,347.3520840999845,362.3445671999944,362.3445808000106,362.3610948999994,363.3450063999917,363.3450429000077,363.4331341999932,363.4331341999932,381.34745480000856,3.0,369.7863621999859,0.1037558000243734,381.3502716000076,381.36800290000974,381.36800290000974,385.3491180999845,385.3491332999838,385.3491511000029,,,,,sphynx_2,1,2026-06-18_17h55.48.139,Practice Trials - SYMBIOTIK graphs_2023,2024.1.0,,2026-06-18 17h55.58.778620 +0200,,sphynx_2_Practice Trials - SYMBIOTIK graphs_2023_2026-06-18_17h55.48.139.csv,12,1,fully_adapted,,3,True,6.353227999992669,6.353227999992669,Sofie,False,3,True,True,False,all adaptation levels,,,,,,,,,
samples/6 node/6_nodes_S00128/no_caption/nodes_color_type.png,6.0,1.0,color_nodes,How many nodes have TLP:GREEN?,1.0,How many nodes have TLP:GREEN?,0.0,9.0,9.0,17.0,385.3641682000016,,,,,,,,,385.3493976999889,385.3641682000016,385.3641682000016,400.35969599999953,400.3597089000105,400.3758791,401.36113470001146,401.3611779999919,401.4507928999956,401.4507928999956,419.3579165999836,1.0,407.8258499999938,0.0956922000041231,419.36053529998753,419.3748447000107,419.3748447000107,423.3613516000041,423.3613650999905,423.3613825000066,,,,,sphynx_2,1,2026-06-18_17h55.48.139,Practice Trials - SYMBIOTIK graphs_2023,2024.1.0,,2026-06-18 17h55.58.778620 +0200,,sphynx_2_Practice Trials - SYMBIOTIK graphs_2023_2026-06-18_17h55.48.139.csv,6,1,semi_adapted,color_nodes,1,True,6.37505709999823,6.37505709999823,Sofie,False,1,True,True,False,all adaptation levels,,,,,,,,,
samples/6 node/6_nodes_S00008/no_caption/non_adapted.png,6.0,1.0,non_adapted,Count the number of nodes with high connection counts (node size 7-10),,Count the number of nodes with high connection counts (node size 7-10),0.0,10.0,10.0,2.0,423.3779960999964,,,,,,,,,423.36162350000814,423.3779960999964,423.3779960999964,438.3732810000074,438.3732932999847,438.3900614999875,439.37485709998873,439.37492149998434,439.4574472999957,439.4574472999957,457.37293089999,2.0,446.8972797000024,0.1126621000003069,457.3753910000087,457.3890998999996,457.3890998999996,461.3753391999926,461.375352300005,461.3753693999897,,,,,sphynx_2,1,2026-06-18_17h55.48.139,Practice Trials - SYMBIOTIK graphs_2023,2024.1.0,,2026-06-18 17h55.58.778620 +0200,,sphynx_2_Practice Trials - SYMBIOTIK graphs_2023_2026-06-18_17h55.48.139.csv,6,1,non_adapted,,2,True,7.439832400006708,7.439832400006708,Sofie,False,2,True,True,False,all adaptation levels,,,,,,,,,
samples/12 node/12_nodes_S00012/no_caption/non_adapted.png,12.0,1.0,non_adapted,How many low confidence (confidence 1-3) edges exist in the graph?,,How many low confidence (confidence 1-3) edges exist in the graph?,0.0,11.0,11.0,27.0,461.3935811999836,,,,,,,,,461.37560110000777,461.3935811999836,461.3935811999836,476.3909612999996,476.3909742000105,476.405048399989,477.3889410999837,477.3889791000111,477.48260620000656,477.48260620000656,495.3872745000117,7.0,486.0578155000112,0.0796853999781888,495.39100599999074,495.4065868000034,495.4065868000034,499.390459199989,499.3904734000098,499.3904942999943,,,,,sphynx_2,1,2026-06-18_17h55.48.139,Practice Trials - SYMBIOTIK graphs_2023,2024.1.0,,2026-06-18 17h55.58.778620 +0200,,sphynx_2_Practice Trials - SYMBIOTIK graphs_2023_2026-06-18_17h55.48.139.csv,12,1,non_adapted,,7,True,8.575209300004644,8.575209300004644,Sofie,False,8,True,False,False,all adaptation levels,,,,,,,,,
samples/6 node/6_nodes_S00146/no_caption/edge_width_connection_number.png,6.0,2.0,edge_width,Count the number of ATTACK PATTERN nodes connected with at least 1 low confidence edge? (confidence of 1-3).,,Count the number of ATTACK PATTERN nodes connected with at least 1 low confidence edge? (confidence of 1-3).,0.0,12.0,12.0,23.0,499.4088293999957,,,,,,,,,499.3907833000121,499.4088293999957,499.4088293999957,514.4028454000072,514.4028587999928,514.4194346999866,515.403555900004,515.4035953999846,515.483633900003,515.483633900003,533.4018974000064,2.0,524.337678299984,0.1277245000237599,533.404549800005,533.418348999985,533.418348999985,537.405414000008,537.4054296000104,537.4054482000065,,,,,sphynx_2,1,2026-06-18_17h55.48.139,Practice Trials - SYMBIOTIK graphs_2023,2024.1.0,,2026-06-18 17h55.58.778620 +0200,,sphynx_2_Practice Trials - SYMBIOTIK graphs_2023_2026-06-18_17h55.48.139.csv,6,2,semi_adapted,edge_width,2,True,8.854044399980921,8.854044399980921,Sofie,False,2,True,True,False,all adaptation levels,,,,,,,,,
samples/12 node/12_nodes_S00138/no_caption/nodes_color_type.png,12.0,1.0,color_nodes,How many nodes have TLP:GREEN?,4.0,How many nodes have TLP:GREEN?,0.0,13.0,13.0,41.0,537.4219249000016,,,,,,,,,537.4056988999946,537.4219249000016,537.4219249000016,552.4171503999969,552.4171630000055,552.4336031999846,553.4184612999961,553.4184999999998,553.4972364999994,553.4972364999994,571.4163797000074,4.0,558.7227184000076,0.1185916999820619,571.419422899984,571.4364792999986,571.4364792999986,575.4197772000043,575.4197981999896,575.4198261999991,,,,,sphynx_2,1,2026-06-18_17h55.48.139,Practice Trials - SYMBIOTIK graphs_2023,2024.1.0,,2026-06-18 17h55.58.778620 +0200,,sphynx_2_Practice Trials - SYMBIOTIK graphs_2023_2026-06-18_17h55.48.139.csv,12,1,semi_adapted,color_nodes,4,True,5.2254819000081625,5.2254819000081625,Sofie,False,4,True,True,False,all adaptation levels,,,,,,,,,
samples/12 node/12_nodes_S00084/no_caption/fully_adapted.png,12.0,1.0,fully_adapted,How many low confidence (confidence 1-3) edges exist in the graph?,,How many low confidence (confidence 1-3) edges exist in the graph?,0.0,14.0,14.0,35.0,575.4378865000035,,,,,,,,,575.4200868000044,575.4378865000035,575.4378865000035,590.4328095999954,590.4328252999985,590.4514085999981,591.4350328999863,591.435072399996,591.5308630999934,591.5308630999934,609.4311971999996,7.0,601.1930573999998,0.1291997999942395,609.4337918999954,609.4476416000107,609.4476416000107,613.4345947999973,613.4346080000105,613.4346271000104,,,,,sphynx_2,1,2026-06-18_17h55.48.139,Practice Trials - SYMBIOTIK graphs_2023,2024.1.0,,2026-06-18 17h55.58.778620 +0200,,sphynx_2_Practice Trials - SYMBIOTIK graphs_2023_2026-06-18_17h55.48.139.csv,12,1,fully_adapted,,7,True,9.662194300006377,9.662194300006377,Sofie,False,7,True,True,False,all adaptation levels,,,,,,,,,
samples/12 node/12_nodes_S00015/no_caption/non_adapted.png,12.0,2.0,non_adapted,Count the number of MALWARE nodes connected with at least 1 high confidence edge ( confidence 7-10).,2.0,Count the number of MALWARE nodes connected with at least 1 high confidence edge ( confidence 7-10).,0.0,15.0,15.0,28.0,613.4512970999931,,,,,,,,,613.4348606999847,613.4512970999931,613.4512970999931,628.4471388999955,628.447164799989,628.4640897999925,629.4475938999967,629.4476323999988,629.5394116000098,629.5394116000098,647.4452843999898,2.0,643.7457443999883,0.1684498999966308,647.4479515999847,647.462175099994,647.462175099994,651.4492442999908,651.4492585000116,651.4492759999994,,,,,sphynx_2,1,2026-06-18_17h55.48.139,Practice Trials - SYMBIOTIK graphs_2023,2024.1.0,,2026-06-18 17h55.58.778620 +0200,,sphynx_2_Practice Trials - SYMBIOTIK graphs_2023_2026-06-18_17h55.48.139.csv,12,2,non_adapted,,2,True,14.206332799978554,14.206332799978554,Sofie,False,2,True,True,False,all adaptation levels,,,,,,,,,
samples/12 node/12_nodes_S00156/no_caption/edge_width_connection_number.png,12.0,2.0,edge_width,Count the number of ATTACK PATTERN nodes connected with at least 1 low confidence edge? (confidence of 1-3).,,Count the number of ATTACK PATTERN nodes connected with at least 1 low confidence edge? (confidence of 1-3).,0.0,16.0,16.0,47.0,651.4661758999864,,,,,,,,,651.4495454999851,651.4661758999864,651.4661758999864,666.4637151999923,666.463728200004,666.4783114999882,667.4622502999846,667.4622947000025,667.5516879000061,667.5516879000061,685.4601434000069,4.0,681.5615277999896,0.1674136000219732,685.463722799992,685.4771479000046,685.4771479000046,689.4639358999848,689.4639498000033,689.4639669999888,,,,,sphynx_2,1,2026-06-18_17h55.48.139,Practice Trials - SYMBIOTIK graphs_2023,2024.1.0,,2026-06-18 17h55.58.778620 +0200,,sphynx_2_Practice Trials - SYMBIOTIK graphs_2023_2026-06-18_17h55.48.139.csv,12,2,semi_adapted,edge_width,4,True,14.00983989998349,14.00983989998349,Sofie,False,4,True,True,False,all adaptation levels,,,,,,,,,
samples/12 node/12_nodes_S00075/no_caption/fully_adapted.png,12.0,1.0,fully_adapted,How many nodes have TLP:GREEN?,4.0,How many nodes have TLP:GREEN?,0.0,17.0,17.0,33.0,689.4805858999898,,,,,,,,,689.4642093000002,689.4805858999898,689.4805858999898,704.4756930999865,704.4757043999853,704.4927307000034,705.4778101999837,705.4778498999949,705.5656614000036,705.5656614000036,723.4747766999935,4.0,712.4499789999973,0.1511280999984592,723.4779770000023,723.4915638999955,723.4915638999955,727.4782865000016,727.4783010999963,727.478318599984,,,,,sphynx_2,1,2026-06-18_17h55.48.139,Practice Trials - SYMBIOTIK graphs_2023,2024.1.0,,2026-06-18 17h55.58.778620 +0200,,sphynx_2_Practice Trials - SYMBIOTIK graphs_2023_2026-06-18_17h55.48.139.csv,12,1,fully_adapted,,4,True,6.884317599993665,6.884317599993665,Sofie,False,4,True,True,False,all adaptation levels,,,,,,,,,
samples/12 node/12_nodes_S00024/no_caption/non_adapted.png,12.0,2.0,non_adapted,Count the number of MALWARE nodes with high connection counts (node size 7-10),,Count the number of MALWARE nodes with high connection counts (node size 7-10),0.0,18.0,18.0,30.0,727.4949020000058,,,,,,,,,727.4785658000037,727.4949020000058,727.4949020000058,742.4908570999978,742.4908709999872,742.5092492999975,743.4919037999935,743.4919737000018,743.5787303000106,743.5787303000106,761.4899654999899,3.0,758.489519499999,0.0951142999983858,761.4931733999983,761.5090433000005,761.5090433000005,765.4929337000067,765.4929511999944,765.4929847999883,,,,,sphynx_2,1,2026-06-18_17h55.48.139,Practice Trials - SYMBIOTIK graphs_2023,2024.1.0,,2026-06-18 17h55.58.778620 +0200,,sphynx_2_Practice Trials - SYMBIOTIK graphs_2023_2026-06-18_17h55.48.139.csv,12,2,non_adapted,,3,True,14.910789199988358,14.910789199988358,Sofie,False,3,True,True,False,all adaptation levels,,,,,,,,,
samples/6 node/6_nodes_S00026/no_caption/non_adapted.png,6.0,2.0,non_adapted,Count the number of ATTACK PATTERN nodes connected with at least 1 low confidence edge? (confidence of 1-3).,,Count the number of ATTACK PATTERN nodes connected with at least 1 low confidence edge? (confidence of 1-3).,0.0,19.0,19.0,7.0,765.5116363999841,,,,,,,,,765.4932402999839,765.5116363999841,765.5116363999841,780.5055548000091,780.5055671999871,780.5221885000065,781.5066881999956,781.5067323000112,781.5901050000102,781.5901050000102,799.5042299999914,1.0,790.3785024000099,0.1426425999961793,799.5067806000006,799.5207684999914,799.5207684999914,803.5074037000013,803.5074180999945,803.5074370999937,,,,,sphynx_2,1,2026-06-18_17h55.48.139,Practice Trials - SYMBIOTIK graphs_2023,2024.1.0,,2026-06-18 17h55.58.778620 +0200,,sphynx_2_Practice Trials - SYMBIOTIK graphs_2023_2026-06-18_17h55.48.139.csv,6,2,non_adapted,,1,True,8.788397399999667,8.788397399999667,Sofie,False,1,True,True,False,all adaptation levels,,,,,,,,,
samples/12 node/12_nodes_S00009/no_caption/non_adapted.png,12.0,1.0,non_adapted,Count the number of nodes with high connection counts (node size 7-10),,Count the number of nodes with high connection counts (node size 7-10),0.0,20.0,20.0,26.0,803.5242420999857,,,,,,,,,803.507707599987,803.5242420999857,803.5242420999857,818.5202978999878,818.5203094999888,818.5366094000055,819.5209664999857,819.5210255999991,819.6099558999995,819.6099558999995,837.5226258999901,7.0,829.7454679000075,0.0877881999767851,837.5255194999918,837.5353914999869,837.5353914999869,841.5244436000066,841.524457099993,841.5244755999884,,,,,sphynx_2,1,2026-06-18_17h55.48.139,Practice Trials - SYMBIOTIK graphs_2023,2024.1.0,,2026-06-18 17h55.58.778620 +0200,,sphynx_2_Practice Trials - SYMBIOTIK graphs_2023_2026-06-18_17h55.48.139.csv,12,1,non_adapted,,7,True,10.13551200000802,10.13551200000802,Sofie,False,7,True,True,False,all adaptation levels,,,,,,,,,
samples/12 node/12_nodes_S00141/no_caption/nodes_size_value.png,12.0,1.0,size_nodes,Count the number of nodes with high connection counts (node size 7-10),,Count the number of nodes with high connection counts (node size 7-10),0.0,21.0,21.0,42.0,841.5387038000044,,,,,,,,,841.5247271999833,841.5387038000044,841.5387038000044,856.5348844999971,856.5349087000068,856.5532764999953,857.5376422999834,857.5376881999837,857.6337134999922,857.6337134999922,875.5333911000052,4.0,863.6653911999892,0.0799284999957308,875.536108500004,875.5502015000093,875.5502015000093,879.5367488999909,879.5367631999834,879.5367831999902,,,,,sphynx_2,1,2026-06-18_17h55.48.139,Practice Trials - SYMBIOTIK graphs_2023,2024.1.0,,2026-06-18 17h55.58.778620 +0200,,sphynx_2_Practice Trials - SYMBIOTIK graphs_2023_2026-06-18_17h55.48.139.csv,12,1,semi_adapted,size_nodes,4,True,6.03167769999709,6.03167769999709,Sofie,False,4,True,True,False,all adaptation levels,,,,,,,,,
samples/12 node/12_nodes_S00144/no_caption/edge_width_connection_number.png,12.0,1.0,edge_width,How many low confidence (confidence 1-3) edges exist in the graph?,,How many low confidence (confidence 1-3) edges exist in the graph?,0.0,22.0,22.0,43.0,879.5556044999976,,,,,,,,,879.537075900007,879.5556044999976,879.5556044999976,894.5495550000051,894.5495681999892,894.5658647000091,895.5499500999867,895.5499875000096,895.6400796000089,895.6400796000089,913.5477994999964,3.0,902.857004999998,0.1605437000107485,913.550369000004,913.564834799996,913.564834799996,917.5513589000038,917.5513717999856,917.5513883999956,,,,,sphynx_2,1,2026-06-18_17h55.48.139,Practice Trials - SYMBIOTIK graphs_2023,2024.1.0,,2026-06-18 17h55.58.778620 +0200,,sphynx_2_Practice Trials - SYMBIOTIK graphs_2023_2026-06-18_17h55.48.139.csv,12,1,semi_adapted,edge_width,3,True,7.2169253999891225,7.2169253999891225,Sofie,False,3,True,True,False,all adaptation levels,,,,,,,,,
samples/6 node/6_nodes_S00137/no_caption/nodes_shape_tlp.png,6.0,2.0,shape_nodes,Count the number of MALWARE nodes connected with at least 1 high confidence edge ( confidence 7-10).,2.0,Count the number of MALWARE nodes connected with at least 1 high confidence edge ( confidence 7-10).,0.0,23.0,23.0,20.0,917.567949599994,,,,,,,,,917.5516227000044,917.567949599994,917.567949599994,932.5639688000084,932.5639817999908,932.580501199991,933.564743099996,933.5647789000068,933.6426957999938,933.6426957999938,951.5660724999908,2.0,945.0741354000056,0.1263615999778267,951.5687534000026,951.5791000000028,951.5791000000028,955.5522104999982,955.5522248999914,955.5522419000044,,,,,sphynx_2,1,2026-06-18_17h55.48.139,Practice Trials - SYMBIOTIK graphs_2023,2024.1.0,,2026-06-18 17h55.58.778620 +0200,,sphynx_2_Practice Trials - SYMBIOTIK graphs_2023_2026-06-18_17h55.48.139.csv,6,2,semi_adapted,shape_nodes,2,True,11.4314396000118,11.4314396000118,Sofie,False,2,True,True,False,all adaptation levels,,,,,,,,,
samples/6 node/6_nodes_S00074/no_caption/fully_adapted.png,6.0,1.0,fully_adapted,How many low confidence (confidence 1-3) edges exist in the graph?,,How many low confidence (confidence 1-3) edges exist in the graph?,0.0,24.0,24.0,11.0,955.5691095000076,,,,,,,,,955.5524863000028,955.5691095000076,955.5691095000076,970.5622207999986,970.5622351999918,970.5797972999862,971.563147000008,971.563186399988,971.6461601000046,971.6461601000046,989.560507599992,2.0,975.7051520000095,0.136395999987144,989.563107199996,989.577298499993,989.577298499993,993.5641403000044,993.5641561000084,1173.562463899987,993.589580800006,,,,sphynx_2,1,2026-06-18_17h55.48.139,Practice Trials - SYMBIOTIK graphs_2023,2024.1.0,,2026-06-18 17h55.58.778620 +0200,,sphynx_2_Practice Trials - SYMBIOTIK graphs_2023_2026-06-18_17h55.48.139.csv,6,1,fully_adapted,,2,True,4.058991900004912,4.058991900004912,Sofie,False,2,True,True,False,all adaptation levels,,,,,,,,,
samples/6 node/6_nodes_S00080/no_caption/fully_adapted.png,6.0,2.0,fully_adapted,Count the number of nodes with TLP:RED connected to at least 1 node with high connection count (node size 7-10).,1.0,Count the number of nodes with TLP:RED connected to at least 1 node with high connection count (node size 7-10).,0.0,25.0,25.0,13.0,1173.580041100009,,,,,,,,,1173.5627676000004,1173.580041100009,1173.580041100009,1188.558040500007,1188.5580584999989,1188.5744419000112,1189.558937499998,1189.5589750999934,1189.6390746000106,1189.6390746000106,1207.5573851999943,1.0,1199.384981299983,0.15951200001291,1207.5603115999838,1207.5750752000022,1207.5750752000022,1211.5606837999949,1211.5606988999934,1211.5607175999903,,,,,sphynx_2,1,2026-06-18_17h55.48.139,Practice Trials - SYMBIOTIK graphs_2023,2024.1.0,,2026-06-18 17h55.58.778620 +0200,,sphynx_2_Practice Trials - SYMBIOTIK graphs_2023_2026-06-18_17h55.48.139.csv,6,2,fully_adapted,,1,True,9.745906699972466,9.745906699972466,Sofie,False,1,True,True,False,all adaptation levels,,,,,,,,,
samples/6 node/6_nodes_S00134/no_caption/edge_width_connection_number.png,6.0,1.0,edge_width,How many low confidence (confidence 1-3) edges exist in the graph?,,How many low confidence (confidence 1-3) edges exist in the graph?,0.0,26.0,26.0,19.0,1211.580355299986,,,,,,,,,1211.560981799994,1211.580355299986,1211.580355299986,1226.572573099984,1226.5725886999862,1226.5894425000006,1227.573603099998,1227.5736447999952,1227.6653473000042,1227.6653473000042,1245.57177889999,3.0,1232.4007059999858,0.1196304000040981,1245.574540200003,1245.587855699996,1245.587855699996,1249.561056800012,1249.5610775999958,1249.561098899983,,,,,sphynx_2,1,2026-06-18_17h55.48.139,Practice Trials - SYMBIOTIK graphs_2023,2024.1.0,,2026-06-18 17h55.58.778620 +0200,,sphynx_2_Practice Trials - SYMBIOTIK graphs_2023_2026-06-18_17h55.48.139.csv,6,1,semi_adapted,edge_width,3,True,4.735358699981589,4.735358699981589,Sofie,False,3,True,True,False,all adaptation levels,,,,,,,,,
samples/12 node/12_nodes_S00093/no_caption/fully_adapted.png,12.0,2.0,fully_adapted,Count the number of MALWARE nodes with high connection counts (node size 7-10),,Count the number of MALWARE nodes with high connection counts (node size 7-10),0.0,27.0,27.0,38.0,1249.575238099991,,,,,,,,,1249.5613658000077,1249.575238099991,1249.575238099991,1264.570982300007,1264.571003399993,1264.5881976000092,1265.5720635000034,1265.572109700006,1265.649062499986,1265.649062499986,1283.5698574999988,1.0,1273.7607318999944,0.1196832999994512,1283.5725840000086,1283.5857421999972,1283.5857421999972,1287.573367600009,1287.573381299997,1287.5733995999908,,,,,sphynx_2,1,2026-06-18_17h55.48.139,Practice Trials - SYMBIOTIK graphs_2023,2024.1.0,,2026-06-18 17h55.58.778620 +0200,,sphynx_2_Practice Trials - SYMBIOTIK graphs_2023_2026-06-18_17h55.48.139.csv,12,2,fully_adapted,,1,True,8.111669400008395,8.111669400008395,Sofie,False,1,True,True,False,all adaptation levels,,,,,,,,,
samples/12 node/12_nodes_S00081/no_caption/fully_adapted.png,12.0,1.0,fully_adapted,Count the number of nodes with high connection counts (node size 7-10),,Count the number of nodes with high connection counts (node size 7-10),0.0,28.0,28.0,34.0,1287.5895934999862,,,,,,,,,1287.5736371999956,1287.5895934999862,1287.5895934999862,1302.584881399991,1302.5848934999958,1302.6019461000103,1303.585984300007,1303.5860247999954,1303.664041299984,1303.664041299984,1321.5845510000072,7.0,1313.3365107999998,0.1115986999939195,1321.5877424000064,1321.600926199986,1321.600926199986,1325.5740361000062,1325.5740520000109,1325.5740700000024,,,,,sphynx_2,1,2026-06-18_17h55.48.139,Practice Trials - SYMBIOTIK graphs_2023,2024.1.0,,2026-06-18 17h55.58.778620 +0200,,sphynx_2_Practice Trials - SYMBIOTIK graphs_2023_2026-06-18_17h55.48.139.csv,12,1,fully_adapted,,7,True,9.672469500015723,9.672469500015723,Sofie,False,7,True,True,False,all adaptation levels,,,,,,,,,
samples/12 node/12_nodes_S00003/no_caption/non_adapted.png,12.0,1.0,non_adapted,How many CYBER OBSERVABLE nodes are in the graph?,4.0,How many CYBER OBSERVABLE nodes are in the graph?,0.0,29.0,29.0,24.0,1325.5897782999964,,,,,,,,,1325.5743292999978,1325.5897782999964,1325.5897782999964,1340.58343530001,1340.58345559999,1340.6015373999835,1341.5855938000022,1341.5856323000044,1341.683329899999,1341.683329899999,1359.5824752000044,4.0,1352.0003611999855,0.1438900000066496,1359.5849731999915,1359.5988770000113,1359.5988770000113,1363.5853874000022,1363.5854011999909,1363.58541900001,,,,,sphynx_2,1,2026-06-18_17h55.48.139,Practice Trials - SYMBIOTIK graphs_2023,2024.1.0,,2026-06-18 17h55.58.778620 +0200,,sphynx_2_Practice Trials - SYMBIOTIK graphs_2023_2026-06-18_17h55.48.139.csv,12,1,non_adapted,,4,True,10.31703129998641,10.31703129998641,Sofie,False,4,True,True,False,all adaptation levels,,,,,,,,,
samples/12 node/12_nodes_S00006/no_caption/non_adapted.png,12.0,1.0,non_adapted,How many nodes have TLP:GREEN?,1.0,How many nodes have TLP:GREEN?,0.0,30.0,30.0,25.0,1363.6016502999992,,,,,,,,,1363.5856624000007,1363.6016502999992,1363.6016502999992,1378.5978645999858,1378.5978794000112,1378.6141571000044,1379.5989942000017,1379.5990346999895,1379.680669399997,1379.680669399997,1397.6004534999956,1.0,1390.0888070999936,0.119507399998838,1397.603520100005,1397.6144444000092,1397.6144444000092,1401.603016899986,1401.6030305000022,1401.6030492999998,,,,,sphynx_2,1,2026-06-18_17h55.48.139,Practice Trials - SYMBIOTIK graphs_2023,2024.1.0,,2026-06-18 17h55.58.778620 +0200,,sphynx_2_Practice Trials - SYMBIOTIK graphs_2023_2026-06-18_17h55.48.139.csv,12,1,non_adapted,,1,True,10.408137699996587,10.408137699996587,Sofie,False,1,True,True,False,all adaptation levels,,,,,,,,,
samples/12 node/12_nodes_S00087/no_caption/fully_adapted.png,12.0,2.0,fully_adapted,Count the number of MALWARE nodes connected with at least 1 high confidence edge ( confidence 7-10).,3.0,Count the number of MALWARE nodes connected with at least 1 high confidence edge ( confidence 7-10).,0.0,31.0,31.0,36.0,1401.6192567000107,,,,,,,,,1401.6032965999912,1401.6192567000107,1401.6192567000107,1416.61303149999,1416.61304679999,1416.6306862999918,1417.6134589999856,1417.6135017999914,1417.707724899985,1417.707724899985,1435.611484299996,3.0,1429.4638979999872,0.1518716000136919,1435.614575999993,1435.627750499989,1435.627750499989,1439.6145822000108,1439.6145955999964,1439.6146133999864,,,,,sphynx_2,1,2026-06-18_17h55.48.139,Practice Trials - SYMBIOTIK graphs_2023,2024.1.0,,2026-06-18 17h55.58.778620 +0200,,sphynx_2_Practice Trials - SYMBIOTIK graphs_2023_2026-06-18_17h55.48.139.csv,12,2,fully_adapted,,3,True,11.756173100002343,11.756173100002343,Sofie,False,3,True,True,False,all adaptation levels,,,,,,,,,
samples/6 node/6_nodes_S00014/no_caption/non_adapted.png,6.0,1.0,non_adapted,How many low confidence (confidence 1-3) edges exist in the graph?,,How many low confidence (confidence 1-3) edges exist in the graph?,0.0,32.0,32.0,3.0,1439.6337250999932,,,,,,,,,1439.614860200003,1439.6337250999932,1439.6337250999932,1454.627121700003,1454.6271378000092,1454.6462500999914,1455.6286863999849,1455.6287254999916,1455.7254343999955,1455.7254343999955,1473.6262596999877,3.0,1462.9756780999887,0.1288392000133171,1473.628789999988,1473.6422768000048,1473.6422768000048,1477.6292444999854,1477.6292576999986,1477.6292750999855,,,,,sphynx_2,1,2026-06-18_17h55.48.139,Practice Trials - SYMBIOTIK graphs_2023,2024.1.0,,2026-06-18 17h55.58.778620 +0200,,sphynx_2_Practice Trials - SYMBIOTIK graphs_2023_2026-06-18_17h55.48.139.csv,6,1,non_adapted,,3,True,7.250243699993234,7.250243699993234,Sofie,False,3,True,True,False,all adaptation levels,,,,,,,,,
samples/6 node/6_nodes_S00065/no_caption/fully_adapted.png,6.0,1.0,fully_adapted,How many CYBER OBSERVABLE nodes are in the graph?,2.0,How many CYBER OBSERVABLE nodes are in the graph?,0.0,33.0,33.0,8.0,1477.6461584999925,,,,,,,,,1477.629515699984,1477.6461584999925,1477.6461584999925,1492.641725399997,1492.6417380000055,1492.6577995999833,1493.642804700008,1493.6428476999863,1493.7342462000088,1493.7342462000088,1511.6406568000093,2.0,1497.9682392000104,0.1196022999938577,1511.6439293999863,1511.657570499985,1511.657570499985,1515.6440781999845,1515.644092100003,1515.644109899993,,,,,sphynx_2,1,2026-06-18_17h55.48.139,Practice Trials - SYMBIOTIK graphs_2023,2024.1.0,,2026-06-18 17h55.58.778620 +0200,,sphynx_2_Practice Trials - SYMBIOTIK graphs_2023_2026-06-18_17h55.48.139.csv,6,1,fully_adapted,,2,True,4.233993000001647,4.233993000001647,Sofie,False,2,True,True,False,all adaptation levels,,,,,,,,,
samples/12 node/12_nodes_S00096/no_caption/fully_adapted.png,12.0,2.0,fully_adapted,Count the number of ATTACK PATTERN nodes connected with at least 1 low confidence edge? (confidence of 1-3).,,Count the number of ATTACK PATTERN nodes connected with at least 1 low confidence edge? (confidence of 1-3).,0.0,34.0,34.0,39.0,1515.6624425000043,,,,,,,,,1515.644351099996,1515.6624425000043,1515.6624425000043,1530.6567880999935,1530.6568019000115,1530.6729967999854,1531.6574232999992,1531.657461099996,1531.748160999996,1531.748160999996,1549.6558365999954,4.0,1540.624676300009,0.144313199998578,1549.6590457999846,1549.6738896000024,1549.6738896000024,1553.6617914999952,1553.6618065999935,1553.6618262999982,,,,,sphynx_2,1,2026-06-18_17h55.48.139,Practice Trials - SYMBIOTIK graphs_2023,2024.1.0,,2026-06-18 17h55.58.778620 +0200,,sphynx_2_Practice Trials - SYMBIOTIK graphs_2023_2026-06-18_17h55.48.139.csv,12,2,fully_adapted,,4,True,8.876515300013125,8.876515300013125,Sofie,False,4,True,True,False,all adaptation levels,,,,,,,,,
samples/6 node/6_nodes_S00140/no_caption/nodes_color_type.png,6.0,2.0,color_nodes,Count the number of nodes with TLP:RED connected to at least 1 node with high connection count (node size 7-10).,0.0,Count the number of nodes with TLP:RED connected to at least 1 node with high connection count (node size 7-10).,0.0,35.0,35.0,21.0,1553.6776323000086,,,,,,,,,1553.6621161999938,1553.6776323000086,1553.6776323000086,1568.6711965999857,1568.6712142000033,1568.6875501000031,1569.6742335000015,1569.6742738999892,1569.7706338999851,1569.7706338999851,1587.66995879999,0.0,1577.5363858999915,0.17551669999375,1587.6725948000094,1587.6863560999918,1587.6863560999918,1591.6738809999952,1591.6738964999968,1591.6739190999942,,,,,sphynx_2,1,2026-06-18_17h55.48.139,Practice Trials - SYMBIOTIK graphs_2023,2024.1.0,,2026-06-18 17h55.58.778620 +0200,,sphynx_2_Practice Trials - SYMBIOTIK graphs_2023_2026-06-18_17h55.48.139.csv,6,2,semi_adapted,color_nodes,0,True,7.765752000006387,7.765752000006387,Sofie,False,0,True,True,False,all adaptation levels,,,,,,,,,
samples/6 node/6_nodes_S00005/no_caption/non_adapted.png,6.0,1.0,non_adapted,How many nodes have TLP:GREEN?,3.0,How many nodes have TLP:GREEN?,0.0,36.0,36.0,1.0,1591.6902928999916,,,,,,,,,1591.6741721,1591.6902928999916,1591.6902928999916,1606.685300299985,1606.685317299998,1606.7021242000046,1607.6865381000098,1607.686585699994,1607.7703887000098,1607.7703887000098,1625.684778499999,3.0,1615.9674344999949,0.1370657999941613,1625.6876138999942,1625.7011784999922,1625.7011784999922,1629.6877029000025,1629.6877186000056,1629.687737900007,,,,,sphynx_2,1,2026-06-18_17h55.48.139,Practice Trials - SYMBIOTIK graphs_2023,2024.1.0,,2026-06-18 17h55.58.778620 +0200,,sphynx_2_Practice Trials - SYMBIOTIK graphs_2023_2026-06-18_17h55.48.139.csv,6,1,non_adapted,,3,True,8.197045799985062,8.197045799985062,Sofie,False,3,True,True,False,all adaptation levels,,,,,,,,,
samples/6 node/6_nodes_S00125/no_caption/nodes_shape_tlp.png,6.0,1.0,shape_nodes,How many CYBER OBSERVABLE nodes are in the graph?,2.0,How many CYBER OBSERVABLE nodes are in the graph?,0.0,37.0,37.0,16.0,1629.704860400001,,,,,,,,,1629.6881467000055,1629.704860400001,1629.704860400001,1644.7003671999846,1644.7003792999894,1644.716637800011,1645.7010760999983,1645.7011133999913,1645.7838546999849,1645.7838546999849,1663.6991737000062,2.0,1652.7594781999942,0.1290530000114813,1663.7024358999915,1663.7157162000076,1663.7157162000076,1667.6887750999886,1667.688790699991,1667.6888083000083,,,,,sphynx_2,1,2026-06-18_17h55.48.139,Practice Trials - SYMBIOTIK graphs_2023,2024.1.0,,2026-06-18 17h55.58.778620 +0200,,sphynx_2_Practice Trials - SYMBIOTIK graphs_2023_2026-06-18_17h55.48.139.csv,6,1,semi_adapted,shape_nodes,2,True,6.975623500009306,6.975623500009306,Sofie,False,2,True,True,False,all adaptation levels,,,,,,,,,
samples/12 node/12_nodes_S00150/no_caption/nodes_color_type.png,12.0,2.0,color_nodes,Count the number of nodes with TLP:RED connected to at least 1 node with high connection count (node size 7-10).,6.0,Count the number of nodes with TLP:RED connected to at least 1 node with high connection count (node size 7-10).,0.0,38.0,38.0,45.0,1667.7051092000038,,,,,,,,,1667.689068000007,1667.7051092000038,1667.7051092000038,1682.7005916000053,1682.7006084999884,1682.7152830999985,1683.6991969000082,1683.6992407999933,1683.7867324000108,1683.7867324000108,1701.696969599987,,,,1701.6994782999973,1701.7138485999894,1701.7138485999894,1705.7004529999977,1705.7004676999932,1705.7005010999856,,,,,sphynx_2,1,2026-06-18_17h55.48.139,Practice Trials - SYMBIOTIK graphs_2023,2024.1.0,,2026-06-18 17h55.58.778620 +0200,,sphynx_2_Practice Trials - SYMBIOTIK graphs_2023_2026-06-18_17h55.48.139.csv,12,2,semi_adapted,color_nodes,,False,,,Sofie,False,6,True,False,False,all adaptation levels,,,,,,,,,
samples/6 node/6_nodes_S00083/no_caption/fully_adapted.png,6.0,2.0,fully_adapted,Count the number of MALWARE nodes with high connection counts (node size 7-10),,Count the number of MALWARE nodes with high connection counts (node size 7-10),0.0,39.0,39.0,14.0,1705.7202229000104,,,,,,,,,1705.7007594000024,1705.7202229000104,1705.7202229000104,1720.7131721999904,1720.7131846999982,1720.7289792000083,1721.7139381000015,1721.7139767000044,1721.8022692000086,1721.8022692000086,1739.7120065999916,3.0,1730.088057399989,0.1362441999954171,1739.714546400006,1739.7277459999896,1739.7277459999896,1743.7151355000096,1743.7151491999975,1743.7151683999982,,,,,sphynx_2,1,2026-06-18_17h55.48.139,Practice Trials - SYMBIOTIK graphs_2023,2024.1.0,,2026-06-18 17h55.58.778620 +0200,,sphynx_2_Practice Trials - SYMBIOTIK graphs_2023_2026-06-18_17h55.48.139.csv,6,2,fully_adapted,,3,True,8.285788199980516,8.285788199980516,Sofie,False,1,True,False,False,all adaptation levels,,,,,,,,,
samples/6 node/6_nodes_S00017/no_caption/non_adapted.png,6.0,2.0,non_adapted,Count the number of MALWARE nodes connected with at least 1 high confidence edge ( confidence 7-10).,1.0,Count the number of MALWARE nodes connected with at least 1 high confidence edge ( confidence 7-10).,0.0,40.0,40.0,4.0,1743.7320112999878,,,,,,,,,1743.7154635000045,1743.7320112999878,1743.7320112999878,1758.727412600012,1758.7274297999977,1758.7440516999925,1759.728600500006,1759.7286437999865,1759.8168613000016,1759.8168613000016,1777.730833699985,1.0,1769.6068891999894,0.1441019000194501,1777.7336346000084,1777.7448415000108,1777.7448415000108,1781.732921399991,1781.7329354000103,1781.7329526999963,,,,,sphynx_2,1,2026-06-18_17h55.48.139,Practice Trials - SYMBIOTIK graphs_2023,2024.1.0,,2026-06-18 17h55.58.778620 +0200,,sphynx_2_Practice Trials - SYMBIOTIK graphs_2023_2026-06-18_17h55.48.139.csv,6,2,non_adapted,,1,True,9.790027899987763,9.790027899987763,Sofie,False,1,True,True,False,all adaptation levels,,,,,,,,,
samples/6 node/6_nodes_S00020/no_caption/non_adapted.png,6.0,2.0,non_adapted,Count the number of nodes with TLP:RED connected to at least 1 node with high connection count (node size 7-10).,2.0,Count the number of nodes with TLP:RED connected to at least 1 node with high connection count (node size 7-10).,0.0,41.0,41.0,5.0,1781.749144100002,,,,,,,,,1781.7332146999834,1781.749144100002,1781.749144100002,1796.741796199989,1796.7418105000106,1796.7613088999933,1797.7430125999963,1797.7430526000098,1797.8373685999832,1797.8373685999832,1815.7414755999928,3.0,1810.086908199999,0.0965888999926392,1815.7442576999888,1815.7575332999984,1815.7575332999984,1819.7447682000056,1819.744782099995,1819.7448005999904,,,,,sphynx_2,1,2026-06-18_17h55.48.139,Practice Trials - SYMBIOTIK graphs_2023,2024.1.0,,2026-06-18 17h55.58.778620 +0200,,sphynx_2_Practice Trials - SYMBIOTIK graphs_2023_2026-06-18_17h55.48.139.csv,6,2,non_adapted,,3,True,12.24953960001585,12.24953960001585,Sofie,False,2,True,False,False,all adaptation levels,,,,,,,,,
samples/6 node/6_nodes_S00086/no_caption/fully_adapted.png,6.0,2.0,fully_adapted,Count the number of ATTACK PATTERN nodes connected with at least 1 low confidence edge? (confidence of 1-3).,,Count the number of ATTACK PATTERN nodes connected with at least 1 low confidence edge? (confidence of 1-3).,0.0,42.0,42.0,15.0,1819.761438799993,,,,,,,,,1819.7450593000103,1819.761438799993,1819.761438799993,1834.7566327000093,1834.7566463999972,1834.7735780999935,1835.757610400004,1835.7576502999875,1835.8368599000096,1835.8368599000096,1853.7556182999976,0.0,1843.4391809999945,0.1358061000064481,1853.7584999999965,1853.771925000008,1853.771925000008,1857.759156799992,1857.7591717999892,1857.7591910999909,,,,,sphynx_2,1,2026-06-18_17h55.48.139,Practice Trials - SYMBIOTIK graphs_2023,2024.1.0,,2026-06-18 17h55.58.778620 +0200,,sphynx_2_Practice Trials - SYMBIOTIK graphs_2023_2026-06-18_17h55.48.139.csv,6,2,fully_adapted,,0,True,7.60232109998492,7.60232109998492,Sofie,False,0,True,True,False,all adaptation levels,,,,,,,,,
samples/6 node/6_nodes_S00071/no_caption/fully_adapted.png,6.0,1.0,fully_adapted,Count the number of nodes with high connection counts (node size 7-10),,Count the number of nodes with high connection counts (node size 7-10),0.0,43.0,43.0,10.0,1857.775325399998,,,,,,,,,1857.759441400005,1857.775325399998,1857.775325399998,1872.7716314999848,1872.7716419000064,1872.787983199989,1873.772286099993,1873.7723218000028,1873.8601270999932,1873.8601270999932,1891.7706267999893,1.0,1880.4147639999865,0.120713300013449,1891.7748723000116,1891.7908052999992,1891.7908052999992,1895.7759270000097,1895.7759419000067,1895.7759630999933,,,,,sphynx_2,1,2026-06-18_17h55.48.139,Practice Trials - SYMBIOTIK graphs_2023,2024.1.0,,2026-06-18 17h55.58.778620 +0200,,sphynx_2_Practice Trials - SYMBIOTIK graphs_2023_2026-06-18_17h55.48.139.csv,6,1,fully_adapted,,1,True,6.554636899993284,6.554636899993284,Sofie,False,1,True,True,False,all adaptation levels,,,,,,,,,
samples/6 node/6_nodes_S00002/no_caption/non_adapted.png,6.0,1.0,non_adapted,How many CYBER OBSERVABLE nodes are in the graph?,5.0,How many CYBER OBSERVABLE nodes are in the graph?,0.0,44.0,44.0,0.0,1895.793040799996,,,,,,,,,1895.776305200008,1895.793040799996,1895.793040799996,1910.7863055999917,1910.7863178999976,1910.8029747999967,1911.7894519999973,1911.789496000012,1911.8700096000105,1911.8700096000105,1929.7856420000023,5.0,1918.9671380000077,0.1126440999796614,1929.7881112000032,1929.8019095000052,1929.8019095000052,1933.7883091999972,1933.7883228999851,1933.788341799984,,,,,sphynx_2,1,2026-06-18_17h55.48.139,Practice Trials - SYMBIOTIK graphs_2023,2024.1.0,,2026-06-18 17h55.58.778620 +0200,,sphynx_2_Practice Trials - SYMBIOTIK graphs_2023_2026-06-18_17h55.48.139.csv,6,1,non_adapted,,5,True,7.097128399997246,7.097128399997246,Sofie,False,5,True,True,False,all adaptation levels,,,,,,,,,
samples/12 node/12_nodes_S00090/no_caption/fully_adapted.png,12.0,2.0,fully_adapted,Count the number of nodes with TLP:RED connected to at least 1 node with high connection count (node size 7-10).,1.0,Count the number of nodes with TLP:RED connected to at least 1 node with high connection count (node size 7-10).,0.0,45.0,45.0,37.0,1933.8053484999984,,,,,,,,,1933.7885822000096,1933.8053484999984,1933.8053484999984,1948.8005602000048,1948.8005730999869,1948.8171112999844,1949.8010279999871,1949.801065100008,1949.890561100008,1949.890561100008,1967.8036315999925,1.0,1962.454759699991,0.1285385999944992,1967.8062404000084,1967.816408499988,1967.816408499988,1971.8049760999857,1971.805001700006,1971.8050193999952,,,,,sphynx_2,1,2026-06-18_17h55.48.139,Practice Trials - SYMBIOTIK graphs_2023,2024.1.0,,2026-06-18 17h55.58.778620 +0200,,sphynx_2_Practice Trials - SYMBIOTIK graphs_2023_2026-06-18_17h55.48.139.csv,12,2,fully_adapted,,1,True,12.564198599983001,12.564198599983001,Sofie,False,1,True,True,False,all adaptation levels,,,,,,,,,
samples/12 node/12_nodes_S00153/no_caption/nodes_size_value.png,12.0,2.0,size_nodes,Count the number of MALWARE nodes with high connection counts (node size 7-10),,Count the number of MALWARE nodes with high connection counts (node size 7-10),0.0,46.0,46.0,46.0,1971.8200096999933,,,,,,,,,1971.8052775000103,1971.8200096999933,1971.8200096999933,1986.8153598000065,1986.8153728999896,1986.8332580999995,1987.81601889999,1987.8160700000008,1987.9034653999845,1987.9034653999845,2005.8142835999895,1.0,1998.0957505000115,0.1116110999719239,2005.8167793999887,2005.8318973999997,2005.8318973999997,2009.81795289999,2009.817966600007,2009.8179837999924,,,,,sphynx_2,1,2026-06-18_17h55.48.139,Practice Trials - SYMBIOTIK graphs_2023,2024.1.0,,2026-06-18 17h55.58.778620 +0200,,sphynx_2_Practice Trials - SYMBIOTIK graphs_2023_2026-06-18_17h55.48.139.csv,12,2,semi_adapted,size_nodes,1,True,10.192285100026993,10.192285100026993,Sofie,False,1,True,True,False,all adaptation levels,,,,,,,,,
samples/12 node/12_nodes_S00135/no_caption/nodes_shape_tlp.png,12.0,1.0,shape_nodes,How many CYBER OBSERVABLE nodes are in the graph?,4.0,How many CYBER OBSERVABLE nodes are in the graph?,0.0,47.0,47.0,40.0,2009.834489400004,,,,,,,,,2009.8182240999888,2009.834489400004,2009.834489400004,2024.8303237000075,2024.8303390000076,2024.846091899992,2025.8306773999936,2025.8307155999937,2025.9220571999904,2025.9220571999904,2043.8290579000025,4.0,2035.4162079000089,0.1031935999926645,2043.831893900002,2043.845412499999,2043.845412499999,2047.8319577999937,2047.8319736999983,2047.8319926999973,,,,,sphynx_2,1,2026-06-18_17h55.48.139,Practice Trials - SYMBIOTIK graphs_2023,2024.1.0,,2026-06-18 17h55.58.778620 +0200,,sphynx_2_Practice Trials - SYMBIOTIK graphs_2023_2026-06-18_17h55.48.139.csv,12,1,semi_adapted,shape_nodes,4,True,9.494150700018508,9.494150700018508,Sofie,False,4,True,True,False,all adaptation levels,,,,,,,,,
